file,n_clusters,vector_size,window,epochs,NMI,running_time,training_time,iteration
letrecog_tx,2,50,5,5,0.0157491799081632,0.115943,0.666731595993042,1
letrecog_tx,2,50,5,5,0.0157491799081632,0.123147,0.666731595993042,2
letrecog_tx,2,50,5,5,0.0157491799081632,0.120178,0.666731595993042,3
letrecog_tx,2,50,5,5,0.0157860570687917,0.125069,0.666731595993042,4
letrecog_tx,2,50,5,5,0.0157491799081632,0.130301,0.666731595993042,5
letrecog_tx,2,50,5,5,0.0157491799081632,0.121455,0.666731595993042,6
letrecog_tx,2,50,5,5,0.0157491799081632,0.122647,0.666731595993042,7
letrecog_tx,2,50,5,5,0.0157860570687917,0.117271,0.666731595993042,8
letrecog_tx,2,50,5,5,0.0157860570687917,0.120965,0.666731595993042,9
letrecog_tx,2,50,5,5,0.0157860570687917,0.120924,0.666731595993042,10
letrecog_tx,2,50,5,5,0.0157491799081632,0.115943,0.666731595993042,median
letrecog_tx,4,50,5,5,0.1166459113181177,0.127355,0.666731595993042,1
letrecog_tx,4,50,5,5,0.1185415708691525,0.132108,0.666731595993042,2
letrecog_tx,4,50,5,5,0.077353977160614,0.147621,0.666731595993042,3
letrecog_tx,4,50,5,5,0.1188639573659591,0.170282,0.666731595993042,4
letrecog_tx,4,50,5,5,0.1035090139153095,0.140452,0.666731595993042,5
letrecog_tx,4,50,5,5,0.103032086062807,0.142841,0.666731595993042,6
letrecog_tx,4,50,5,5,0.1137058235485099,0.1223,0.666731595993042,7
letrecog_tx,4,50,5,5,0.1255652273434224,0.125324,0.666731595993042,8
letrecog_tx,4,50,5,5,0.1033781272282809,0.138315,0.666731595993042,9
letrecog_tx,4,50,5,5,0.1265311383679352,0.141887,0.666731595993042,10
letrecog_tx,4,50,5,5,0.1166459113181177,0.127355,0.666731595993042,median
letrecog_tx,8,50,5,5,0.2064060197276784,0.145454,0.666731595993042,1
letrecog_tx,8,50,5,5,0.1978639636121274,0.147049,0.666731595993042,2
letrecog_tx,8,50,5,5,0.2122959319382147,0.149733,0.666731595993042,3
letrecog_tx,8,50,5,5,0.1979618421539783,0.164812,0.666731595993042,4
letrecog_tx,8,50,5,5,0.1796285547264087,0.148693,0.666731595993042,5
letrecog_tx,8,50,5,5,0.2041578467538336,0.161798,0.666731595993042,6
letrecog_tx,8,50,5,5,0.1913012576995376,0.172713,0.666731595993042,7
letrecog_tx,8,50,5,5,0.1925329948610525,0.160542,0.666731595993042,8
letrecog_tx,8,50,5,5,0.1878749403085243,0.165213,0.666731595993042,9
letrecog_tx,8,50,5,5,0.2109457921467616,0.170906,0.666731595993042,10
letrecog_tx,8,50,5,5,0.1978639636121274,0.147049,0.666731595993042,median
letrecog_tx,10,50,5,5,0.2181714980519409,0.177453,0.666731595993042,1
letrecog_tx,10,50,5,5,0.2248334519330684,0.150621,0.666731595993042,2
letrecog_tx,10,50,5,5,0.2165118416847893,0.147941,0.666731595993042,3
letrecog_tx,10,50,5,5,0.2041547065589117,0.151437,0.666731595993042,4
letrecog_tx,10,50,5,5,0.2169896732547055,0.163691,0.666731595993042,5
letrecog_tx,10,50,5,5,0.207324366486383,0.162449,0.666731595993042,6
letrecog_tx,10,50,5,5,0.224641265753604,0.139559,0.666731595993042,7
letrecog_tx,10,50,5,5,0.2166188865652486,0.159866,0.666731595993042,8
letrecog_tx,10,50,5,5,0.2181254003254372,0.156686,0.666731595993042,9
letrecog_tx,10,50,5,5,0.2401875546319251,0.144955,0.666731595993042,10
letrecog_tx,10,50,5,5,0.2169896732547055,0.163691,0.666731595993042,median
letrecog_tx,16,50,5,5,0.2653996667239727,0.1609,0.666731595993042,1
letrecog_tx,16,50,5,5,0.2579784210947737,0.189659,0.666731595993042,2
letrecog_tx,16,50,5,5,0.2524623444871669,0.168208,0.666731595993042,3
letrecog_tx,16,50,5,5,0.2611249389676789,0.156536,0.666731595993042,4
letrecog_tx,16,50,5,5,0.2627995137972468,0.195167,0.666731595993042,5
letrecog_tx,16,50,5,5,0.2536409678432011,0.166174,0.666731595993042,6
letrecog_tx,16,50,5,5,0.2478939061403138,0.164374,0.666731595993042,7
letrecog_tx,16,50,5,5,0.2624816068225002,0.21083,0.666731595993042,8
letrecog_tx,16,50,5,5,0.2669306077944604,0.197895,0.666731595993042,9
letrecog_tx,16,50,5,5,0.2728700909651468,0.175745,0.666731595993042,10
letrecog_tx,16,50,5,5,0.2611249389676789,0.156536,0.666731595993042,median
letrecog_tx,20,50,5,5,0.2767592303477355,0.18136,0.666731595993042,1
letrecog_tx,20,50,5,5,0.2764981358642633,0.184542,0.666731595993042,2
letrecog_tx,20,50,5,5,0.2764677858982269,0.182246,0.666731595993042,3
letrecog_tx,20,50,5,5,0.2805812760369216,0.192013,0.666731595993042,4
letrecog_tx,20,50,5,5,0.275847787113864,0.180445,0.666731595993042,5
letrecog_tx,20,50,5,5,0.2745361189036376,0.169458,0.666731595993042,6
letrecog_tx,20,50,5,5,0.2725046109104864,0.265662,0.666731595993042,7
letrecog_tx,20,50,5,5,0.2905286927767581,0.174643,0.666731595993042,8
letrecog_tx,20,50,5,5,0.2817017889008898,0.189394,0.666731595993042,9
letrecog_tx,20,50,5,5,0.2920184556853475,0.168556,0.666731595993042,10
letrecog_tx,20,50,5,5,0.2764981358642633,0.184542,0.666731595993042,median
letrecog_tx,50,50,5,5,0.3568369306545802,0.246383,0.666731595993042,1
letrecog_tx,50,50,5,5,0.3568579615905488,0.227003,0.666731595993042,2
letrecog_tx,50,50,5,5,0.3737829798878879,0.2368,0.666731595993042,3
letrecog_tx,50,50,5,5,0.3595669889562141,0.275105,0.666731595993042,4
letrecog_tx,50,50,5,5,0.3517854642952022,0.266394,0.666731595993042,5
letrecog_tx,50,50,5,5,0.3582130110103378,0.237048,0.666731595993042,6
letrecog_tx,50,50,5,5,0.3652186337903624,0.215331,0.666731595993042,7
letrecog_tx,50,50,5,5,0.3558420328871215,0.254056,0.666731595993042,8
letrecog_tx,50,50,5,5,0.364800691664337,0.252282,0.666731595993042,9
letrecog_tx,50,50,5,5,0.3465769063170996,0.229564,0.666731595993042,10
letrecog_tx,50,50,5,5,0.3568579615905488,0.227003,0.666731595993042,median
letrecog_tx,100,50,5,5,0.4035934831294937,0.346505,0.666731595993042,1
letrecog_tx,100,50,5,5,0.4081367485479002,0.340914,0.666731595993042,2
letrecog_tx,100,50,5,5,0.4123330220253625,0.40713,0.666731595993042,3
letrecog_tx,100,50,5,5,0.4049417890779619,0.35416,0.666731595993042,4
letrecog_tx,100,50,5,5,0.4068491456519756,0.380986,0.666731595993042,5
letrecog_tx,100,50,5,5,0.4074052734193179,0.389614,0.666731595993042,6
letrecog_tx,100,50,5,5,0.4088555998854333,0.382863,0.666731595993042,7
letrecog_tx,100,50,5,5,0.4034488948499471,0.433055,0.666731595993042,8
letrecog_tx,100,50,5,5,0.3983296040551567,0.340299,0.666731595993042,9
letrecog_tx,100,50,5,5,0.4056861407670551,0.370627,0.666731595993042,10
letrecog_tx,100,50,5,5,0.4068491456519756,0.380986,0.666731595993042,median
letrecog_tx,2,50,5,10,0.0152186080355325,0.118067,1.1836650371551514,1
letrecog_tx,2,50,5,10,0.0152204757096061,0.119995,1.1836650371551514,2
letrecog_tx,2,50,5,10,0.0152186080355325,0.121825,1.1836650371551514,3
letrecog_tx,2,50,5,10,0.0152186080355325,0.127947,1.1836650371551514,4
letrecog_tx,2,50,5,10,0.0152204757096061,0.123559,1.1836650371551514,5
letrecog_tx,2,50,5,10,0.0154831716068736,0.121931,1.1836650371551514,6
letrecog_tx,2,50,5,10,0.0151998301240733,0.118077,1.1836650371551514,7
letrecog_tx,2,50,5,10,0.0152186080355325,0.132118,1.1836650371551514,8
letrecog_tx,2,50,5,10,0.015221699205693,0.121067,1.1836650371551514,9
letrecog_tx,2,50,5,10,0.015221699205693,0.139253,1.1836650371551514,10
letrecog_tx,2,50,5,10,0.0152186080355325,0.118067,1.1836650371551514,median
letrecog_tx,4,50,5,10,0.1278342406670198,0.137419,1.1836650371551514,1
letrecog_tx,4,50,5,10,0.1060342347758707,0.158307,1.1836650371551514,2
letrecog_tx,4,50,5,10,0.10828088449454,0.142675,1.1836650371551514,3
letrecog_tx,4,50,5,10,0.1313709663819798,0.150237,1.1836650371551514,4
letrecog_tx,4,50,5,10,0.1209593285838397,0.135239,1.1836650371551514,5
letrecog_tx,4,50,5,10,0.1221134956785513,0.136253,1.1836650371551514,6
letrecog_tx,4,50,5,10,0.1312834004800561,0.148234,1.1836650371551514,7
letrecog_tx,4,50,5,10,0.1071993713325586,0.140399,1.1836650371551514,8
letrecog_tx,4,50,5,10,0.13252302448362,0.138406,1.1836650371551514,9
letrecog_tx,4,50,5,10,0.1209593285838397,0.137347,1.1836650371551514,10
letrecog_tx,4,50,5,10,0.1221134956785513,0.136253,1.1836650371551514,median
letrecog_tx,8,50,5,10,0.1839323349156474,0.155968,1.1836650371551514,1
letrecog_tx,8,50,5,10,0.2169666880130017,0.144092,1.1836650371551514,2
letrecog_tx,8,50,5,10,0.1995971524119619,0.158284,1.1836650371551514,3
letrecog_tx,8,50,5,10,0.1984908317360364,0.17632,1.1836650371551514,4
letrecog_tx,8,50,5,10,0.1991904836626107,0.151701,1.1836650371551514,5
letrecog_tx,8,50,5,10,0.2004444496038177,0.176517,1.1836650371551514,6
letrecog_tx,8,50,5,10,0.1924852924073548,0.162768,1.1836650371551514,7
letrecog_tx,8,50,5,10,0.1917831142200676,0.16563,1.1836650371551514,8
letrecog_tx,8,50,5,10,0.1833195065075625,0.142925,1.1836650371551514,9
letrecog_tx,8,50,5,10,0.2045747857318779,0.159587,1.1836650371551514,10
letrecog_tx,8,50,5,10,0.1991904836626107,0.151701,1.1836650371551514,median
letrecog_tx,10,50,5,10,0.2138571279137524,0.16753,1.1836650371551514,1
letrecog_tx,10,50,5,10,0.2087701735071771,0.154035,1.1836650371551514,2
letrecog_tx,10,50,5,10,0.2188836764271091,0.162626,1.1836650371551514,3
letrecog_tx,10,50,5,10,0.2067551352035216,0.153943,1.1836650371551514,4
letrecog_tx,10,50,5,10,0.1905735709933141,0.15722,1.1836650371551514,5
letrecog_tx,10,50,5,10,0.2160829613249623,0.147346,1.1836650371551514,6
letrecog_tx,10,50,5,10,0.2090546944352403,0.139686,1.1836650371551514,7
letrecog_tx,10,50,5,10,0.2341893874521753,0.142137,1.1836650371551514,8
letrecog_tx,10,50,5,10,0.2114697375136425,0.136251,1.1836650371551514,9
letrecog_tx,10,50,5,10,0.2315708833590502,0.164331,1.1836650371551514,10
letrecog_tx,10,50,5,10,0.2138571279137524,0.16753,1.1836650371551514,median
letrecog_tx,16,50,5,10,0.2643265276483925,0.184612,1.1836650371551514,1
letrecog_tx,16,50,5,10,0.2736446703005048,0.182628,1.1836650371551514,2
letrecog_tx,16,50,5,10,0.2697759690098457,0.218964,1.1836650371551514,3
letrecog_tx,16,50,5,10,0.2585377743777884,0.164527,1.1836650371551514,4
letrecog_tx,16,50,5,10,0.2397614916548134,0.157552,1.1836650371551514,5
letrecog_tx,16,50,5,10,0.2710539057124543,0.181723,1.1836650371551514,6
letrecog_tx,16,50,5,10,0.2520062437773728,0.169413,1.1836650371551514,7
letrecog_tx,16,50,5,10,0.2736729366504712,0.183845,1.1836650371551514,8
letrecog_tx,16,50,5,10,0.2456179410732759,0.168449,1.1836650371551514,9
letrecog_tx,16,50,5,10,0.2677238142258984,0.160072,1.1836650371551514,10
letrecog_tx,16,50,5,10,0.2677238142258984,0.160072,1.1836650371551514,median
letrecog_tx,20,50,5,10,0.2738185309574865,0.178621,1.1836650371551514,1
letrecog_tx,20,50,5,10,0.2772362750266834,0.170038,1.1836650371551514,2
letrecog_tx,20,50,5,10,0.2837028095378821,0.175417,1.1836650371551514,3
letrecog_tx,20,50,5,10,0.2717829143244984,0.191394,1.1836650371551514,4
letrecog_tx,20,50,5,10,0.2816945109252655,0.177825,1.1836650371551514,5
letrecog_tx,20,50,5,10,0.283986723469764,0.169378,1.1836650371551514,6
letrecog_tx,20,50,5,10,0.2751165859856506,0.186886,1.1836650371551514,7
letrecog_tx,20,50,5,10,0.2967129158339961,0.174265,1.1836650371551514,8
letrecog_tx,20,50,5,10,0.2845278701730923,0.167723,1.1836650371551514,9
letrecog_tx,20,50,5,10,0.2813403498544191,0.172839,1.1836650371551514,10
letrecog_tx,20,50,5,10,0.2816945109252655,0.177825,1.1836650371551514,median
letrecog_tx,50,50,5,10,0.362744173258147,0.220022,1.1836650371551514,1
letrecog_tx,50,50,5,10,0.3688375907808667,0.256043,1.1836650371551514,2
letrecog_tx,50,50,5,10,0.3670431196886709,0.236068,1.1836650371551514,3
letrecog_tx,50,50,5,10,0.3610952566985823,0.326277,1.1836650371551514,4
letrecog_tx,50,50,5,10,0.3676057684033154,0.225707,1.1836650371551514,5
letrecog_tx,50,50,5,10,0.3612579901042679,0.220929,1.1836650371551514,6
letrecog_tx,50,50,5,10,0.3657968925592014,0.237075,1.1836650371551514,7
letrecog_tx,50,50,5,10,0.3622445326691278,0.224265,1.1836650371551514,8
letrecog_tx,50,50,5,10,0.3599490974487974,0.219435,1.1836650371551514,9
letrecog_tx,50,50,5,10,0.3549837082307164,0.263669,1.1836650371551514,10
letrecog_tx,50,50,5,10,0.3622445326691278,0.224265,1.1836650371551514,median
letrecog_tx,100,50,5,10,0.4013352101282553,0.33826,1.1836650371551514,1
letrecog_tx,100,50,5,10,0.4119624149818506,0.335588,1.1836650371551514,2
letrecog_tx,100,50,5,10,0.4071103631855154,0.356386,1.1836650371551514,3
letrecog_tx,100,50,5,10,0.409588501068358,0.32245,1.1836650371551514,4
letrecog_tx,100,50,5,10,0.4017243103187876,0.352913,1.1836650371551514,5
letrecog_tx,100,50,5,10,0.4033591799604965,0.334005,1.1836650371551514,6
letrecog_tx,100,50,5,10,0.3967252218479263,0.389348,1.1836650371551514,7
letrecog_tx,100,50,5,10,0.4061796517941204,0.363218,1.1836650371551514,8
letrecog_tx,100,50,5,10,0.4114735516557859,0.376611,1.1836650371551514,9
letrecog_tx,100,50,5,10,0.4092721023074352,0.432867,1.1836650371551514,10
letrecog_tx,100,50,5,10,0.4061796517941204,0.363218,1.1836650371551514,median
letrecog_tx,2,50,5,20,0.0146799297624668,0.117684,2.334094762802124,1
letrecog_tx,2,50,5,20,0.0146951629925839,0.117991,2.334094762802124,2
letrecog_tx,2,50,5,20,0.0146826242924934,0.128726,2.334094762802124,3
letrecog_tx,2,50,5,20,0.0146854867166111,0.128541,2.334094762802124,4
letrecog_tx,2,50,5,20,0.0146978258359784,0.127779,2.334094762802124,5
letrecog_tx,2,50,5,20,0.0146397718636657,0.12698,2.334094762802124,6
letrecog_tx,2,50,5,20,0.0146792548746952,0.13189,2.334094762802124,7
letrecog_tx,2,50,5,20,0.0146826242924934,0.124488,2.334094762802124,8
letrecog_tx,2,50,5,20,0.0147012787502329,0.131235,2.334094762802124,9
letrecog_tx,2,50,5,20,0.0146382485260589,0.123125,2.334094762802124,10
letrecog_tx,2,50,5,20,0.0146826242924934,0.128726,2.334094762802124,median
letrecog_tx,4,50,5,20,0.1135265779624448,0.126051,2.334094762802124,1
letrecog_tx,4,50,5,20,0.1230878743033742,0.134307,2.334094762802124,2
letrecog_tx,4,50,5,20,0.1058255928270789,0.150588,2.334094762802124,3
letrecog_tx,4,50,5,20,0.0990951355377963,0.140679,2.334094762802124,4
letrecog_tx,4,50,5,20,0.1063864957558703,0.130518,2.334094762802124,5
letrecog_tx,4,50,5,20,0.1253048492194337,0.145378,2.334094762802124,6
letrecog_tx,4,50,5,20,0.1026276342655375,0.16446,2.334094762802124,7
letrecog_tx,4,50,5,20,0.1058255928270789,0.141429,2.334094762802124,8
letrecog_tx,4,50,5,20,0.114828717634314,0.141783,2.334094762802124,9
letrecog_tx,4,50,5,20,0.1193376745282839,0.146853,2.334094762802124,10
letrecog_tx,4,50,5,20,0.1063864957558703,0.130518,2.334094762802124,median
letrecog_tx,8,50,5,20,0.2040560764443532,0.144072,2.334094762802124,1
letrecog_tx,8,50,5,20,0.190821378925963,0.170989,2.334094762802124,2
letrecog_tx,8,50,5,20,0.1874422849074577,0.163731,2.334094762802124,3
letrecog_tx,8,50,5,20,0.1864714002057372,0.161861,2.334094762802124,4
letrecog_tx,8,50,5,20,0.1972023373910926,0.171615,2.334094762802124,5
letrecog_tx,8,50,5,20,0.2145924042602519,0.161165,2.334094762802124,6
letrecog_tx,8,50,5,20,0.2062546690789201,0.161857,2.334094762802124,7
letrecog_tx,8,50,5,20,0.1857639729674227,0.170358,2.334094762802124,8
letrecog_tx,8,50,5,20,0.1838188507773863,0.175623,2.334094762802124,9
letrecog_tx,8,50,5,20,0.1858754697172201,0.152168,2.334094762802124,10
letrecog_tx,8,50,5,20,0.190821378925963,0.170989,2.334094762802124,median
letrecog_tx,10,50,5,20,0.2381506883415834,0.184375,2.334094762802124,1
letrecog_tx,10,50,5,20,0.2203775116987578,0.184888,2.334094762802124,2
letrecog_tx,10,50,5,20,0.2095575227834898,0.173392,2.334094762802124,3
letrecog_tx,10,50,5,20,0.2016476678876163,0.138144,2.334094762802124,4
letrecog_tx,10,50,5,20,0.2217538593629839,0.147436,2.334094762802124,5
letrecog_tx,10,50,5,20,0.2265565088874493,0.163097,2.334094762802124,6
letrecog_tx,10,50,5,20,0.2176413799278823,0.149698,2.334094762802124,7
letrecog_tx,10,50,5,20,0.2198029786726893,0.162022,2.334094762802124,8
letrecog_tx,10,50,5,20,0.2160309963333399,0.156057,2.334094762802124,9
letrecog_tx,10,50,5,20,0.226620875329324,0.166276,2.334094762802124,10
letrecog_tx,10,50,5,20,0.2203775116987578,0.184888,2.334094762802124,median
letrecog_tx,16,50,5,20,0.2531820724247241,0.172652,2.334094762802124,1
letrecog_tx,16,50,5,20,0.2614632326472635,0.166334,2.334094762802124,2
letrecog_tx,16,50,5,20,0.2618521312284295,0.159692,2.334094762802124,3
letrecog_tx,16,50,5,20,0.2534473193178381,0.172756,2.334094762802124,4
letrecog_tx,16,50,5,20,0.2498232126889671,0.178091,2.334094762802124,5
letrecog_tx,16,50,5,20,0.2463115927835296,0.169491,2.334094762802124,6
letrecog_tx,16,50,5,20,0.2525162751876282,0.18433,2.334094762802124,7
letrecog_tx,16,50,5,20,0.2517710940280648,0.173776,2.334094762802124,8
letrecog_tx,16,50,5,20,0.2648131937576962,0.160209,2.334094762802124,9
letrecog_tx,16,50,5,20,0.2714904147144464,0.177327,2.334094762802124,10
letrecog_tx,16,50,5,20,0.2531820724247241,0.172652,2.334094762802124,median
letrecog_tx,20,50,5,20,0.2833572051844826,0.192866,2.334094762802124,1
letrecog_tx,20,50,5,20,0.2852308359117958,0.196815,2.334094762802124,2
letrecog_tx,20,50,5,20,0.2773248135022549,0.190285,2.334094762802124,3
letrecog_tx,20,50,5,20,0.2711961959453851,0.16491,2.334094762802124,4
letrecog_tx,20,50,5,20,0.2614616072357864,0.189466,2.334094762802124,5
letrecog_tx,20,50,5,20,0.281048449954251,0.187274,2.334094762802124,6
letrecog_tx,20,50,5,20,0.2844008929238611,0.164733,2.334094762802124,7
letrecog_tx,20,50,5,20,0.2825502629931981,0.198966,2.334094762802124,8
letrecog_tx,20,50,5,20,0.2814678924817946,0.16297,2.334094762802124,9
letrecog_tx,20,50,5,20,0.2866117028528749,0.187211,2.334094762802124,10
letrecog_tx,20,50,5,20,0.2825502629931981,0.198966,2.334094762802124,median
letrecog_tx,50,50,5,20,0.3689185326007432,0.267867,2.334094762802124,1
letrecog_tx,50,50,5,20,0.3621550097507749,0.224883,2.334094762802124,2
letrecog_tx,50,50,5,20,0.3624089910208022,0.246082,2.334094762802124,3
letrecog_tx,50,50,5,20,0.3549046468663849,0.255523,2.334094762802124,4
letrecog_tx,50,50,5,20,0.3583196737970299,0.25001,2.334094762802124,5
letrecog_tx,50,50,5,20,0.3532650880689705,0.28049,2.334094762802124,6
letrecog_tx,50,50,5,20,0.3604335736018646,0.245701,2.334094762802124,7
letrecog_tx,50,50,5,20,0.3530444180278962,0.299699,2.334094762802124,8
letrecog_tx,50,50,5,20,0.3504458841745669,0.214863,2.334094762802124,9
letrecog_tx,50,50,5,20,0.3543455943507088,0.244704,2.334094762802124,10
letrecog_tx,50,50,5,20,0.3549046468663849,0.255523,2.334094762802124,median
letrecog_tx,100,50,5,20,0.4042265417279319,0.431613,2.334094762802124,1
letrecog_tx,100,50,5,20,0.4074802951473094,0.373291,2.334094762802124,2
letrecog_tx,100,50,5,20,0.4054449958696401,0.417193,2.334094762802124,3
letrecog_tx,100,50,5,20,0.4072550941874486,0.397762,2.334094762802124,4
letrecog_tx,100,50,5,20,0.4040950169106265,0.393634,2.334094762802124,5
letrecog_tx,100,50,5,20,0.4024560635617956,0.397243,2.334094762802124,6
letrecog_tx,100,50,5,20,0.400469239818342,0.372306,2.334094762802124,7
letrecog_tx,100,50,5,20,0.4020424684348189,0.360333,2.334094762802124,8
letrecog_tx,100,50,5,20,0.4043581117677105,0.368334,2.334094762802124,9
letrecog_tx,100,50,5,20,0.4066729075589382,0.368591,2.334094762802124,10
letrecog_tx,100,50,5,20,0.4042265417279319,0.431613,2.334094762802124,median
letrecog_tx,2,100,5,5,0.0145321173505183,0.129548,0.5454003810882568,1
letrecog_tx,2,100,5,5,0.0142788723510682,0.133694,0.5454003810882568,2
letrecog_tx,2,100,5,5,0.0143091254221529,0.137952,0.5454003810882568,3
letrecog_tx,2,100,5,5,0.0145321173505183,0.135089,0.5454003810882568,4
letrecog_tx,2,100,5,5,0.014295062068061,0.150063,0.5454003810882568,5
letrecog_tx,2,100,5,5,0.0145321173505183,0.129568,0.5454003810882568,6
letrecog_tx,2,100,5,5,0.0145321173505183,0.133812,0.5454003810882568,7
letrecog_tx,2,100,5,5,0.014295062068061,0.146196,0.5454003810882568,8
letrecog_tx,2,100,5,5,0.0145321173505183,0.132593,0.5454003810882568,9
letrecog_tx,2,100,5,5,0.014295062068061,0.141727,0.5454003810882568,10
letrecog_tx,2,100,5,5,0.0145321173505183,0.129548,0.5454003810882568,median
letrecog_tx,4,100,5,5,0.1063567813561235,0.174933,0.5454003810882568,1
letrecog_tx,4,100,5,5,0.1278832797118849,0.155977,0.5454003810882568,2
letrecog_tx,4,100,5,5,0.1240692409263552,0.155026,0.5454003810882568,3
letrecog_tx,4,100,5,5,0.1066761395688929,0.18819,0.5454003810882568,4
letrecog_tx,4,100,5,5,0.1152483310204773,0.143593,0.5454003810882568,5
letrecog_tx,4,100,5,5,0.1063676392764891,0.159027,0.5454003810882568,6
letrecog_tx,4,100,5,5,0.1061239383718642,0.143104,0.5454003810882568,7
letrecog_tx,4,100,5,5,0.1280367170134881,0.170353,0.5454003810882568,8
letrecog_tx,4,100,5,5,0.1271418195860248,0.19582,0.5454003810882568,9
letrecog_tx,4,100,5,5,0.1158552428288385,0.169257,0.5454003810882568,10
letrecog_tx,4,100,5,5,0.1152483310204773,0.143593,0.5454003810882568,median
letrecog_tx,8,100,5,5,0.1871326375115939,0.162172,0.5454003810882568,1
letrecog_tx,8,100,5,5,0.2010238678274613,0.164924,0.5454003810882568,2
letrecog_tx,8,100,5,5,0.207858595653486,0.165882,0.5454003810882568,3
letrecog_tx,8,100,5,5,0.1864879689918437,0.18635,0.5454003810882568,4
letrecog_tx,8,100,5,5,0.1837724887546166,0.186841,0.5454003810882568,5
letrecog_tx,8,100,5,5,0.1871923456890817,0.165342,0.5454003810882568,6
letrecog_tx,8,100,5,5,0.2109731272310125,0.235328,0.5454003810882568,7
letrecog_tx,8,100,5,5,0.2131628421393468,0.23906,0.5454003810882568,8
letrecog_tx,8,100,5,5,0.1967309472847912,0.162895,0.5454003810882568,9
letrecog_tx,8,100,5,5,0.1872221883322859,0.15511,0.5454003810882568,10
letrecog_tx,8,100,5,5,0.1967309472847912,0.162895,0.5454003810882568,median
letrecog_tx,10,100,5,5,0.2224811250976412,0.234709,0.5454003810882568,1
letrecog_tx,10,100,5,5,0.2158914015883713,0.189833,0.5454003810882568,2
letrecog_tx,10,100,5,5,0.211844813397352,0.183332,0.5454003810882568,3
letrecog_tx,10,100,5,5,0.2140275677964928,0.214515,0.5454003810882568,4
letrecog_tx,10,100,5,5,0.2054908744177675,0.220837,0.5454003810882568,5
letrecog_tx,10,100,5,5,0.205008788903183,0.173186,0.5454003810882568,6
letrecog_tx,10,100,5,5,0.2195284028034219,0.227435,0.5454003810882568,7
letrecog_tx,10,100,5,5,0.214887120029754,0.204518,0.5454003810882568,8
letrecog_tx,10,100,5,5,0.197766523892413,0.207095,0.5454003810882568,9
letrecog_tx,10,100,5,5,0.2189330976784186,0.249257,0.5454003810882568,10
letrecog_tx,10,100,5,5,0.2140275677964928,0.214515,0.5454003810882568,median
letrecog_tx,16,100,5,5,0.2557046530384442,0.261411,0.5454003810882568,1
letrecog_tx,16,100,5,5,0.2687608998559921,0.189877,0.5454003810882568,2
letrecog_tx,16,100,5,5,0.2618435379498566,0.168415,0.5454003810882568,3
letrecog_tx,16,100,5,5,0.2683499435472973,0.197297,0.5454003810882568,4
letrecog_tx,16,100,5,5,0.2551410856175273,0.228397,0.5454003810882568,5
letrecog_tx,16,100,5,5,0.2556488824463432,0.203933,0.5454003810882568,6
letrecog_tx,16,100,5,5,0.2544798237872663,0.187204,0.5454003810882568,7
letrecog_tx,16,100,5,5,0.2418653043353739,0.24198,0.5454003810882568,8
letrecog_tx,16,100,5,5,0.2472227031531128,0.21148,0.5454003810882568,9
letrecog_tx,16,100,5,5,0.2735348540870668,0.238075,0.5454003810882568,10
letrecog_tx,16,100,5,5,0.2556488824463432,0.203933,0.5454003810882568,median
letrecog_tx,20,100,5,5,0.2702531616734229,0.187653,0.5454003810882568,1
letrecog_tx,20,100,5,5,0.2789527512425727,0.228552,0.5454003810882568,2
letrecog_tx,20,100,5,5,0.2838255940466762,0.189006,0.5454003810882568,3
letrecog_tx,20,100,5,5,0.2930399951377488,0.242611,0.5454003810882568,4
letrecog_tx,20,100,5,5,0.2723144018294838,0.189713,0.5454003810882568,5
letrecog_tx,20,100,5,5,0.2791533049172487,0.264295,0.5454003810882568,6
letrecog_tx,20,100,5,5,0.2782418221355114,0.239468,0.5454003810882568,7
letrecog_tx,20,100,5,5,0.2787511086084049,0.215429,0.5454003810882568,8
letrecog_tx,20,100,5,5,0.2690831235163542,0.221455,0.5454003810882568,9
letrecog_tx,20,100,5,5,0.2849620626937976,0.204737,0.5454003810882568,10
letrecog_tx,20,100,5,5,0.2789527512425727,0.228552,0.5454003810882568,median
letrecog_tx,50,100,5,5,0.3618622630389809,0.286807,0.5454003810882568,1
letrecog_tx,50,100,5,5,0.357418627381621,0.285365,0.5454003810882568,2
letrecog_tx,50,100,5,5,0.3661293035649092,0.290078,0.5454003810882568,3
letrecog_tx,50,100,5,5,0.3607924899146627,0.294381,0.5454003810882568,4
letrecog_tx,50,100,5,5,0.3652141188355084,0.305464,0.5454003810882568,5
letrecog_tx,50,100,5,5,0.3597188425752023,0.374791,0.5454003810882568,6
letrecog_tx,50,100,5,5,0.3505331994562616,0.312227,0.5454003810882568,7
letrecog_tx,50,100,5,5,0.3641788285844972,0.290978,0.5454003810882568,8
letrecog_tx,50,100,5,5,0.3667507682346052,0.325465,0.5454003810882568,9
letrecog_tx,50,100,5,5,0.356478022584804,0.282827,0.5454003810882568,10
letrecog_tx,50,100,5,5,0.3618622630389809,0.286807,0.5454003810882568,median
letrecog_tx,100,100,5,5,0.4030052075779113,0.645952,0.5454003810882568,1
letrecog_tx,100,100,5,5,0.4034725272790568,0.480948,0.5454003810882568,2
letrecog_tx,100,100,5,5,0.4093618135693558,0.583921,0.5454003810882568,3
letrecog_tx,100,100,5,5,0.4043067485169822,0.594592,0.5454003810882568,4
letrecog_tx,100,100,5,5,0.4013581331648965,0.468121,0.5454003810882568,5
letrecog_tx,100,100,5,5,0.3996234136991393,0.535429,0.5454003810882568,6
letrecog_tx,100,100,5,5,0.4040323944776043,0.444608,0.5454003810882568,7
letrecog_tx,100,100,5,5,0.393055451617836,0.557959,0.5454003810882568,8
letrecog_tx,100,100,5,5,0.4017711120105456,0.613425,0.5454003810882568,9
letrecog_tx,100,100,5,5,0.4085258450983723,0.525299,0.5454003810882568,10
letrecog_tx,100,100,5,5,0.4034725272790568,0.480948,0.5454003810882568,median
letrecog_tx,2,100,5,10,0.0141721150977081,0.126717,1.1398990154266355,1
letrecog_tx,2,100,5,10,0.0142063836526232,0.140139,1.1398990154266355,2
letrecog_tx,2,100,5,10,0.0141998378768699,0.134099,1.1398990154266355,3
letrecog_tx,2,100,5,10,0.0143986431538197,0.13717,1.1398990154266355,4
letrecog_tx,2,100,5,10,0.0141998378768699,0.144115,1.1398990154266355,5
letrecog_tx,2,100,5,10,0.0141746755973963,0.146845,1.1398990154266355,6
letrecog_tx,2,100,5,10,0.0141721150977081,0.141976,1.1398990154266355,7
letrecog_tx,2,100,5,10,0.0141998378768699,0.140693,1.1398990154266355,8
letrecog_tx,2,100,5,10,0.0143986431538197,0.149192,1.1398990154266355,9
letrecog_tx,2,100,5,10,0.0141746755973963,0.135916,1.1398990154266355,10
letrecog_tx,2,100,5,10,0.0141998378768699,0.134099,1.1398990154266355,median
letrecog_tx,4,100,5,10,0.1002240705097663,0.145181,1.1398990154266355,1
letrecog_tx,4,100,5,10,0.1195605897239603,0.148121,1.1398990154266355,2
letrecog_tx,4,100,5,10,0.1175880300660486,0.18434,1.1398990154266355,3
letrecog_tx,4,100,5,10,0.104643068668686,0.15179,1.1398990154266355,4
letrecog_tx,4,100,5,10,0.0887049742887333,0.140798,1.1398990154266355,5
letrecog_tx,4,100,5,10,0.1077556271220133,0.151458,1.1398990154266355,6
letrecog_tx,4,100,5,10,0.1063683333231612,0.153436,1.1398990154266355,7
letrecog_tx,4,100,5,10,0.1049060460198478,0.151157,1.1398990154266355,8
letrecog_tx,4,100,5,10,0.1076685686920677,0.149125,1.1398990154266355,9
letrecog_tx,4,100,5,10,0.105436077226649,0.17852,1.1398990154266355,10
letrecog_tx,4,100,5,10,0.1063683333231612,0.153436,1.1398990154266355,median
letrecog_tx,8,100,5,10,0.1901159021727138,0.23459,1.1398990154266355,1
letrecog_tx,8,100,5,10,0.2010400590965489,0.177211,1.1398990154266355,2
letrecog_tx,8,100,5,10,0.1957240860991641,0.15337,1.1398990154266355,3
letrecog_tx,8,100,5,10,0.188854480262527,0.175943,1.1398990154266355,4
letrecog_tx,8,100,5,10,0.2137286143331972,0.284843,1.1398990154266355,5
letrecog_tx,8,100,5,10,0.189137276620447,0.179668,1.1398990154266355,6
letrecog_tx,8,100,5,10,0.206216679472509,0.218374,1.1398990154266355,7
letrecog_tx,8,100,5,10,0.1991799561491256,0.169218,1.1398990154266355,8
letrecog_tx,8,100,5,10,0.1858535721673559,0.186566,1.1398990154266355,9
letrecog_tx,8,100,5,10,0.1859917588611668,0.161884,1.1398990154266355,10
letrecog_tx,8,100,5,10,0.1957240860991641,0.15337,1.1398990154266355,median
letrecog_tx,10,100,5,10,0.2143520101073491,0.15967,1.1398990154266355,1
letrecog_tx,10,100,5,10,0.2338463422744236,0.179024,1.1398990154266355,2
letrecog_tx,10,100,5,10,0.2261119636717358,0.20245,1.1398990154266355,3
letrecog_tx,10,100,5,10,0.2269351048824488,0.199746,1.1398990154266355,4
letrecog_tx,10,100,5,10,0.2175174999407423,0.261698,1.1398990154266355,5
letrecog_tx,10,100,5,10,0.2299145565609679,0.203844,1.1398990154266355,6
letrecog_tx,10,100,5,10,0.2103887762544907,0.176016,1.1398990154266355,7
letrecog_tx,10,100,5,10,0.2078774014226777,0.214098,1.1398990154266355,8
letrecog_tx,10,100,5,10,0.2237993435349211,0.214234,1.1398990154266355,9
letrecog_tx,10,100,5,10,0.2125748306954824,0.17753,1.1398990154266355,10
letrecog_tx,10,100,5,10,0.2175174999407423,0.261698,1.1398990154266355,median
letrecog_tx,16,100,5,10,0.2505271356797068,0.176347,1.1398990154266355,1
letrecog_tx,16,100,5,10,0.2599270458332791,0.180244,1.1398990154266355,2
letrecog_tx,16,100,5,10,0.2688650734341081,0.245205,1.1398990154266355,3
letrecog_tx,16,100,5,10,0.2635964106307839,0.242904,1.1398990154266355,4
letrecog_tx,16,100,5,10,0.257871771983122,0.233339,1.1398990154266355,5
letrecog_tx,16,100,5,10,0.2442140857187408,0.21696,1.1398990154266355,6
letrecog_tx,16,100,5,10,0.2567282756932652,0.199091,1.1398990154266355,7
letrecog_tx,16,100,5,10,0.2494336787521583,0.180804,1.1398990154266355,8
letrecog_tx,16,100,5,10,0.2637437438300308,0.211424,1.1398990154266355,9
letrecog_tx,16,100,5,10,0.2592159916295142,0.238126,1.1398990154266355,10
letrecog_tx,16,100,5,10,0.2592159916295142,0.238126,1.1398990154266355,median
letrecog_tx,20,100,5,10,0.2940820373262757,0.180934,1.1398990154266355,1
letrecog_tx,20,100,5,10,0.2736543455766199,0.244783,1.1398990154266355,2
letrecog_tx,20,100,5,10,0.2836551380950155,0.2287,1.1398990154266355,3
letrecog_tx,20,100,5,10,0.274617328934054,0.214533,1.1398990154266355,4
letrecog_tx,20,100,5,10,0.2762414085960796,0.218282,1.1398990154266355,5
letrecog_tx,20,100,5,10,0.2777882399118642,0.189975,1.1398990154266355,6
letrecog_tx,20,100,5,10,0.2783660505067427,0.238268,1.1398990154266355,7
letrecog_tx,20,100,5,10,0.2790203825317765,0.271743,1.1398990154266355,8
letrecog_tx,20,100,5,10,0.2694787579309993,0.216433,1.1398990154266355,9
letrecog_tx,20,100,5,10,0.2854910887156566,0.188422,1.1398990154266355,10
letrecog_tx,20,100,5,10,0.2783660505067427,0.238268,1.1398990154266355,median
letrecog_tx,50,100,5,10,0.3612648026276828,0.274341,1.1398990154266355,1
letrecog_tx,50,100,5,10,0.3473669523253156,0.304061,1.1398990154266355,2
letrecog_tx,50,100,5,10,0.3663265124934232,0.349228,1.1398990154266355,3
letrecog_tx,50,100,5,10,0.3663205256033233,0.311178,1.1398990154266355,4
letrecog_tx,50,100,5,10,0.3700160840405769,0.320645,1.1398990154266355,5
letrecog_tx,50,100,5,10,0.3626751255983689,0.28448,1.1398990154266355,6
letrecog_tx,50,100,5,10,0.3765021748037155,0.271334,1.1398990154266355,7
letrecog_tx,50,100,5,10,0.3633829363978587,0.284716,1.1398990154266355,8
letrecog_tx,50,100,5,10,0.3558978124784111,0.308432,1.1398990154266355,9
letrecog_tx,50,100,5,10,0.3691962699401016,0.355187,1.1398990154266355,10
letrecog_tx,50,100,5,10,0.3663205256033233,0.311178,1.1398990154266355,median
letrecog_tx,100,100,5,10,0.4092785101364584,0.48991,1.1398990154266355,1
letrecog_tx,100,100,5,10,0.4026420705603039,0.462208,1.1398990154266355,2
letrecog_tx,100,100,5,10,0.4070459338562998,0.594564,1.1398990154266355,3
letrecog_tx,100,100,5,10,0.4075233656818076,0.503114,1.1398990154266355,4
letrecog_tx,100,100,5,10,0.4066027592762661,0.442077,1.1398990154266355,5
letrecog_tx,100,100,5,10,0.411022160488163,0.500979,1.1398990154266355,6
letrecog_tx,100,100,5,10,0.4073178776726231,0.563005,1.1398990154266355,7
letrecog_tx,100,100,5,10,0.4044911026990565,0.529321,1.1398990154266355,8
letrecog_tx,100,100,5,10,0.4074191642390704,0.440677,1.1398990154266355,9
letrecog_tx,100,100,5,10,0.4030826191035976,0.443333,1.1398990154266355,10
letrecog_tx,100,100,5,10,0.4070459338562998,0.594564,1.1398990154266355,median
letrecog_tx,2,100,5,20,0.0153321752435067,0.126529,2.287281274795532,1
letrecog_tx,2,100,5,20,0.015364053557077,0.14759,2.287281274795532,2
letrecog_tx,2,100,5,20,0.015364053557077,0.130142,2.287281274795532,3
letrecog_tx,2,100,5,20,0.015364053557077,0.134583,2.287281274795532,4
letrecog_tx,2,100,5,20,0.0153321752435067,0.130982,2.287281274795532,5
letrecog_tx,2,100,5,20,0.015364053557077,0.135797,2.287281274795532,6
letrecog_tx,2,100,5,20,0.0153601610282644,0.142589,2.287281274795532,7
letrecog_tx,2,100,5,20,0.0153321752435067,0.152474,2.287281274795532,8
letrecog_tx,2,100,5,20,0.0153538882280032,0.139082,2.287281274795532,9
letrecog_tx,2,100,5,20,0.0153538882280032,0.148851,2.287281274795532,10
letrecog_tx,2,100,5,20,0.0153601610282644,0.142589,2.287281274795532,median
letrecog_tx,4,100,5,20,0.1259506339425577,0.166055,2.287281274795532,1
letrecog_tx,4,100,5,20,0.1079450854792326,0.163234,2.287281274795532,2
letrecog_tx,4,100,5,20,0.1296185793550484,0.163704,2.287281274795532,3
letrecog_tx,4,100,5,20,0.1052469575347376,0.15752,2.287281274795532,4
letrecog_tx,4,100,5,20,0.1052587964719987,0.166282,2.287281274795532,5
letrecog_tx,4,100,5,20,0.1052451194541111,0.165098,2.287281274795532,6
letrecog_tx,4,100,5,20,0.105553211546996,0.166304,2.287281274795532,7
letrecog_tx,4,100,5,20,0.1141552898201738,0.138916,2.287281274795532,8
letrecog_tx,4,100,5,20,0.0992423308517382,0.154024,2.287281274795532,9
letrecog_tx,4,100,5,20,0.114035444769096,0.145076,2.287281274795532,10
letrecog_tx,4,100,5,20,0.105553211546996,0.166304,2.287281274795532,median
letrecog_tx,8,100,5,20,0.1929780894614435,0.20902,2.287281274795532,1
letrecog_tx,8,100,5,20,0.1985963745964665,0.210959,2.287281274795532,2
letrecog_tx,8,100,5,20,0.18724248670277,0.161553,2.287281274795532,3
letrecog_tx,8,100,5,20,0.1882898461119279,0.191728,2.287281274795532,4
letrecog_tx,8,100,5,20,0.179368448142794,0.176758,2.287281274795532,5
letrecog_tx,8,100,5,20,0.1893577363602714,0.228767,2.287281274795532,6
letrecog_tx,8,100,5,20,0.2073689575498825,0.18015,2.287281274795532,7
letrecog_tx,8,100,5,20,0.2269665087134271,0.161007,2.287281274795532,8
letrecog_tx,8,100,5,20,0.2062649583077025,0.220113,2.287281274795532,9
letrecog_tx,8,100,5,20,0.1876182881552966,0.163956,2.287281274795532,10
letrecog_tx,8,100,5,20,0.1929780894614435,0.20902,2.287281274795532,median
letrecog_tx,10,100,5,20,0.2199401164452134,0.166325,2.287281274795532,1
letrecog_tx,10,100,5,20,0.2224573160355412,0.173951,2.287281274795532,2
letrecog_tx,10,100,5,20,0.2199368440676092,0.240063,2.287281274795532,3
letrecog_tx,10,100,5,20,0.2067502840754481,0.184399,2.287281274795532,4
letrecog_tx,10,100,5,20,0.228164708580702,0.206295,2.287281274795532,5
letrecog_tx,10,100,5,20,0.2096026104946738,0.167186,2.287281274795532,6
letrecog_tx,10,100,5,20,0.2207761176097996,0.172023,2.287281274795532,7
letrecog_tx,10,100,5,20,0.2293889538598874,0.17645,2.287281274795532,8
letrecog_tx,10,100,5,20,0.2192190039196246,0.179382,2.287281274795532,9
letrecog_tx,10,100,5,20,0.2187721124472871,0.153393,2.287281274795532,10
letrecog_tx,10,100,5,20,0.2199368440676092,0.240063,2.287281274795532,median
letrecog_tx,16,100,5,20,0.2436819094860225,0.194823,2.287281274795532,1
letrecog_tx,16,100,5,20,0.2626899957630009,0.227065,2.287281274795532,2
letrecog_tx,16,100,5,20,0.2519207566608687,0.177165,2.287281274795532,3
letrecog_tx,16,100,5,20,0.2613165679264655,0.217594,2.287281274795532,4
letrecog_tx,16,100,5,20,0.2634124734427394,0.185937,2.287281274795532,5
letrecog_tx,16,100,5,20,0.2609805370243238,0.200434,2.287281274795532,6
letrecog_tx,16,100,5,20,0.2504397229876436,0.192673,2.287281274795532,7
letrecog_tx,16,100,5,20,0.2684927732375322,0.178201,2.287281274795532,8
letrecog_tx,16,100,5,20,0.2554868535301115,0.219581,2.287281274795532,9
letrecog_tx,16,100,5,20,0.2455011030258646,0.241196,2.287281274795532,10
letrecog_tx,16,100,5,20,0.2554868535301115,0.219581,2.287281274795532,median
letrecog_tx,20,100,5,20,0.2787514218595428,0.265219,2.287281274795532,1
letrecog_tx,20,100,5,20,0.2880926946805516,0.217391,2.287281274795532,2
letrecog_tx,20,100,5,20,0.2750457930784731,0.231652,2.287281274795532,3
letrecog_tx,20,100,5,20,0.2739189703979267,0.243319,2.287281274795532,4
letrecog_tx,20,100,5,20,0.2737688450829021,0.243614,2.287281274795532,5
letrecog_tx,20,100,5,20,0.2859870446152853,0.218127,2.287281274795532,6
letrecog_tx,20,100,5,20,0.2818636205225308,0.217018,2.287281274795532,7
letrecog_tx,20,100,5,20,0.281959111464434,0.285341,2.287281274795532,8
letrecog_tx,20,100,5,20,0.2744146901466762,0.235844,2.287281274795532,9
letrecog_tx,20,100,5,20,0.2804166553770412,0.184189,2.287281274795532,10
letrecog_tx,20,100,5,20,0.2787514218595428,0.265219,2.287281274795532,median
letrecog_tx,50,100,5,20,0.3639243776399536,0.264052,2.287281274795532,1
letrecog_tx,50,100,5,20,0.3564402084090236,0.284903,2.287281274795532,2
letrecog_tx,50,100,5,20,0.3618761442033946,0.434953,2.287281274795532,3
letrecog_tx,50,100,5,20,0.348179144750635,0.314187,2.287281274795532,4
letrecog_tx,50,100,5,20,0.3671186035948047,0.416499,2.287281274795532,5
letrecog_tx,50,100,5,20,0.3622056500342546,0.296575,2.287281274795532,6
letrecog_tx,50,100,5,20,0.3665849798212558,0.317965,2.287281274795532,7
letrecog_tx,50,100,5,20,0.3499542197473873,0.384032,2.287281274795532,8
letrecog_tx,50,100,5,20,0.3615844422138298,0.351644,2.287281274795532,9
letrecog_tx,50,100,5,20,0.3558526543476176,0.432965,2.287281274795532,10
letrecog_tx,50,100,5,20,0.3618761442033946,0.434953,2.287281274795532,median
letrecog_tx,100,100,5,20,0.4052432343746061,0.487118,2.287281274795532,1
letrecog_tx,100,100,5,20,0.399948027852578,0.416821,2.287281274795532,2
letrecog_tx,100,100,5,20,0.4119394072969184,0.500791,2.287281274795532,3
letrecog_tx,100,100,5,20,0.4059345489511621,0.511673,2.287281274795532,4
letrecog_tx,100,100,5,20,0.4058712251376004,0.520269,2.287281274795532,5
letrecog_tx,100,100,5,20,0.3995686364649652,0.581863,2.287281274795532,6
letrecog_tx,100,100,5,20,0.401016069421697,0.531186,2.287281274795532,7
letrecog_tx,100,100,5,20,0.4064304653654324,0.486378,2.287281274795532,8
letrecog_tx,100,100,5,20,0.3936822084095115,0.474464,2.287281274795532,9
letrecog_tx,100,100,5,20,0.4042736739940686,0.548088,2.287281274795532,10
letrecog_tx,100,100,5,20,0.4042736739940686,0.548088,2.287281274795532,median
letrecog_tx,2,200,5,5,0.0148924034703075,0.134943,0.7977838516235352,1
letrecog_tx,2,200,5,5,0.0148983656992535,0.14083,0.7977838516235352,2
letrecog_tx,2,200,5,5,0.0149584662717113,0.153337,0.7977838516235352,3
letrecog_tx,2,200,5,5,0.0149584662717113,0.172885,0.7977838516235352,4
letrecog_tx,2,200,5,5,0.0149501485021689,0.155386,0.7977838516235352,5
letrecog_tx,2,200,5,5,0.0149584662717113,0.168115,0.7977838516235352,6
letrecog_tx,2,200,5,5,0.0149584662717113,0.187088,0.7977838516235352,7
letrecog_tx,2,200,5,5,0.0149584662717113,0.159771,0.7977838516235352,8
letrecog_tx,2,200,5,5,0.0148544447919737,0.170474,0.7977838516235352,9
letrecog_tx,2,200,5,5,0.0149584662717113,0.180029,0.7977838516235352,10
letrecog_tx,2,200,5,5,0.0149584662717113,0.153337,0.7977838516235352,median
letrecog_tx,4,200,5,5,0.1174551340190506,0.226685,0.7977838516235352,1
letrecog_tx,4,200,5,5,0.12892134632076,0.205368,0.7977838516235352,2
letrecog_tx,4,200,5,5,0.1209152507937964,0.220994,0.7977838516235352,3
letrecog_tx,4,200,5,5,0.1177227020647753,0.176995,0.7977838516235352,4
letrecog_tx,4,200,5,5,0.0712550882859727,0.230388,0.7977838516235352,5
letrecog_tx,4,200,5,5,0.1069191305336598,0.199629,0.7977838516235352,6
letrecog_tx,4,200,5,5,0.1052871438746381,0.240908,0.7977838516235352,7
letrecog_tx,4,200,5,5,0.1070281520986879,0.200873,0.7977838516235352,8
letrecog_tx,4,200,5,5,0.1173620667989508,0.189397,0.7977838516235352,9
letrecog_tx,4,200,5,5,0.1337132236155279,0.220885,0.7977838516235352,10
letrecog_tx,4,200,5,5,0.1174551340190506,0.226685,0.7977838516235352,median
letrecog_tx,8,200,5,5,0.197649047106398,0.277303,0.7977838516235352,1
letrecog_tx,8,200,5,5,0.180252991976547,0.249102,0.7977838516235352,2
letrecog_tx,8,200,5,5,0.187982319800563,0.231491,0.7977838516235352,3
letrecog_tx,8,200,5,5,0.2055959334154345,0.287213,0.7977838516235352,4
letrecog_tx,8,200,5,5,0.1995902126964091,0.228079,0.7977838516235352,5
letrecog_tx,8,200,5,5,0.2095238860186856,0.338453,0.7977838516235352,6
letrecog_tx,8,200,5,5,0.1923865725034906,0.246512,0.7977838516235352,7
letrecog_tx,8,200,5,5,0.2074743841982787,0.224944,0.7977838516235352,8
letrecog_tx,8,200,5,5,0.1939049262461051,0.267968,0.7977838516235352,9
letrecog_tx,8,200,5,5,0.2171086828702499,0.214466,0.7977838516235352,10
letrecog_tx,8,200,5,5,0.197649047106398,0.277303,0.7977838516235352,median
letrecog_tx,10,200,5,5,0.2121838499177593,0.201336,0.7977838516235352,1
letrecog_tx,10,200,5,5,0.2357714260353388,0.273312,0.7977838516235352,2
letrecog_tx,10,200,5,5,0.218112744899694,0.238895,0.7977838516235352,3
letrecog_tx,10,200,5,5,0.2118136608062635,0.269468,0.7977838516235352,4
letrecog_tx,10,200,5,5,0.197679617652814,0.31304,0.7977838516235352,5
letrecog_tx,10,200,5,5,0.2163289465414935,0.236728,0.7977838516235352,6
letrecog_tx,10,200,5,5,0.2175896039201516,0.294566,0.7977838516235352,7
letrecog_tx,10,200,5,5,0.2038392671124451,0.245536,0.7977838516235352,8
letrecog_tx,10,200,5,5,0.2154362129700688,0.323513,0.7977838516235352,9
letrecog_tx,10,200,5,5,0.2125859597192272,0.210502,0.7977838516235352,10
letrecog_tx,10,200,5,5,0.2125859597192272,0.210502,0.7977838516235352,median
letrecog_tx,16,200,5,5,0.2610772609882175,0.331242,0.7977838516235352,1
letrecog_tx,16,200,5,5,0.2606631365534809,0.345921,0.7977838516235352,2
letrecog_tx,16,200,5,5,0.2688194002804465,0.356828,0.7977838516235352,3
letrecog_tx,16,200,5,5,0.2564791435261612,0.366296,0.7977838516235352,4
letrecog_tx,16,200,5,5,0.2550020819584431,0.274981,0.7977838516235352,5
letrecog_tx,16,200,5,5,0.2691015768057195,0.315684,0.7977838516235352,6
letrecog_tx,16,200,5,5,0.2574467973005215,0.275317,0.7977838516235352,7
letrecog_tx,16,200,5,5,0.2468918752847613,0.255602,0.7977838516235352,8
letrecog_tx,16,200,5,5,0.2457978928623829,0.292479,0.7977838516235352,9
letrecog_tx,16,200,5,5,0.2595108783346043,0.429434,0.7977838516235352,10
letrecog_tx,16,200,5,5,0.2595108783346043,0.429434,0.7977838516235352,median
letrecog_tx,20,200,5,5,0.2735068861350362,0.457747,0.7977838516235352,1
letrecog_tx,20,200,5,5,0.2823898896219685,0.332599,0.7977838516235352,2
letrecog_tx,20,200,5,5,0.2575125382608015,0.279341,0.7977838516235352,3
letrecog_tx,20,200,5,5,0.2754535837870209,0.306257,0.7977838516235352,4
letrecog_tx,20,200,5,5,0.2739102286337445,0.260377,0.7977838516235352,5
letrecog_tx,20,200,5,5,0.2854930608108477,0.333282,0.7977838516235352,6
letrecog_tx,20,200,5,5,0.2741159049123057,0.433471,0.7977838516235352,7
letrecog_tx,20,200,5,5,0.2774332503472699,0.387158,0.7977838516235352,8
letrecog_tx,20,200,5,5,0.2789629097984101,0.391142,0.7977838516235352,9
letrecog_tx,20,200,5,5,0.2849304655975948,0.332995,0.7977838516235352,10
letrecog_tx,20,200,5,5,0.2754535837870209,0.306257,0.7977838516235352,median
letrecog_tx,50,200,5,5,0.3565310349855938,0.423335,0.7977838516235352,1
letrecog_tx,50,200,5,5,0.3533558151730588,0.878019,0.7977838516235352,2
letrecog_tx,50,200,5,5,0.3539992989724672,0.557641,0.7977838516235352,3
letrecog_tx,50,200,5,5,0.3607111197733935,0.590133,0.7977838516235352,4
letrecog_tx,50,200,5,5,0.3561861886169164,0.490731,0.7977838516235352,5
letrecog_tx,50,200,5,5,0.3552619415776474,0.561212,0.7977838516235352,6
letrecog_tx,50,200,5,5,0.3494586874516646,0.530883,0.7977838516235352,7
letrecog_tx,50,200,5,5,0.3553279694376303,0.471095,0.7977838516235352,8
letrecog_tx,50,200,5,5,0.3645985479762578,0.562811,0.7977838516235352,9
letrecog_tx,50,200,5,5,0.360828834564848,0.472325,0.7977838516235352,10
letrecog_tx,50,200,5,5,0.3561861886169164,0.490731,0.7977838516235352,median
letrecog_tx,100,200,5,5,0.3995473285700934,1.084452,0.7977838516235352,1
letrecog_tx,100,200,5,5,0.4066416361333692,0.838901,0.7977838516235352,2
letrecog_tx,100,200,5,5,0.4052492264359705,0.781502,0.7977838516235352,3
letrecog_tx,100,200,5,5,0.4065854917701109,0.908804,0.7977838516235352,4
letrecog_tx,100,200,5,5,0.4028684081638774,0.976836,0.7977838516235352,5
letrecog_tx,100,200,5,5,0.4083983460760731,1.039178,0.7977838516235352,6
letrecog_tx,100,200,5,5,0.4049482740832106,0.990472,0.7977838516235352,7
letrecog_tx,100,200,5,5,0.4078725460783143,0.895367,0.7977838516235352,8
letrecog_tx,100,200,5,5,0.4093734028293982,0.891248,0.7977838516235352,9
letrecog_tx,100,200,5,5,0.4104994376297471,0.849526,0.7977838516235352,10
letrecog_tx,100,200,5,5,0.4066416361333692,0.838901,0.7977838516235352,median
letrecog_tx,2,200,5,10,0.0158023391360643,0.139979,1.6895732879638672,1
letrecog_tx,2,200,5,10,0.0158023391360643,0.163033,1.6895732879638672,2
letrecog_tx,2,200,5,10,0.0159558012718039,0.17185,1.6895732879638672,3
letrecog_tx,2,200,5,10,0.015788327208527,0.156894,1.6895732879638672,4
letrecog_tx,2,200,5,10,0.0159558012718039,0.154854,1.6895732879638672,5
letrecog_tx,2,200,5,10,0.0159558012718039,0.160632,1.6895732879638672,6
letrecog_tx,2,200,5,10,0.0159558012718039,0.165931,1.6895732879638672,7
letrecog_tx,2,200,5,10,0.0158023391360643,0.157651,1.6895732879638672,8
letrecog_tx,2,200,5,10,0.0159558012718039,0.177185,1.6895732879638672,9
letrecog_tx,2,200,5,10,0.0159558012718039,0.161308,1.6895732879638672,10
letrecog_tx,2,200,5,10,0.0159558012718039,0.17185,1.6895732879638672,median
letrecog_tx,4,200,5,10,0.1053163695743452,0.206727,1.6895732879638672,1
letrecog_tx,4,200,5,10,0.105718650237004,0.206504,1.6895732879638672,2
letrecog_tx,4,200,5,10,0.1284787841236201,0.222227,1.6895732879638672,3
letrecog_tx,4,200,5,10,0.1273388375530791,0.267358,1.6895732879638672,4
letrecog_tx,4,200,5,10,0.1180269474635145,0.222665,1.6895732879638672,5
letrecog_tx,4,200,5,10,0.1053336159077358,0.18701,1.6895732879638672,6
letrecog_tx,4,200,5,10,0.1287955322076175,0.219099,1.6895732879638672,7
letrecog_tx,4,200,5,10,0.1192366541399407,0.176848,1.6895732879638672,8
letrecog_tx,4,200,5,10,0.1316310995524079,0.2035,1.6895732879638672,9
letrecog_tx,4,200,5,10,0.1052790630132062,0.275095,1.6895732879638672,10
letrecog_tx,4,200,5,10,0.1180269474635145,0.222665,1.6895732879638672,median
letrecog_tx,8,200,5,10,0.2078534153340057,0.216221,1.6895732879638672,1
letrecog_tx,8,200,5,10,0.1938929309272107,0.244323,1.6895732879638672,2
letrecog_tx,8,200,5,10,0.1947260344339501,0.324543,1.6895732879638672,3
letrecog_tx,8,200,5,10,0.2165061751247602,0.276203,1.6895732879638672,4
letrecog_tx,8,200,5,10,0.2023987632886948,0.213594,1.6895732879638672,5
letrecog_tx,8,200,5,10,0.1907671900612471,0.250943,1.6895732879638672,6
letrecog_tx,8,200,5,10,0.1957287991918368,0.255186,1.6895732879638672,7
letrecog_tx,8,200,5,10,0.2013228105354654,0.264725,1.6895732879638672,8
letrecog_tx,8,200,5,10,0.1947856624542837,0.21975,1.6895732879638672,9
letrecog_tx,8,200,5,10,0.1972809289535534,0.221465,1.6895732879638672,10
letrecog_tx,8,200,5,10,0.1957287991918368,0.255186,1.6895732879638672,median
letrecog_tx,10,200,5,10,0.2320828699631837,0.293264,1.6895732879638672,1
letrecog_tx,10,200,5,10,0.2046631855728947,0.340669,1.6895732879638672,2
letrecog_tx,10,200,5,10,0.2263195940880344,0.198247,1.6895732879638672,3
letrecog_tx,10,200,5,10,0.2170720094163774,0.283446,1.6895732879638672,4
letrecog_tx,10,200,5,10,0.2214210367090823,0.294565,1.6895732879638672,5
letrecog_tx,10,200,5,10,0.202339124318528,0.334425,1.6895732879638672,6
letrecog_tx,10,200,5,10,0.2212491416641374,0.25794,1.6895732879638672,7
letrecog_tx,10,200,5,10,0.2124219949528344,0.315844,1.6895732879638672,8
letrecog_tx,10,200,5,10,0.2285531169855315,0.228415,1.6895732879638672,9
letrecog_tx,10,200,5,10,0.2175531288421026,0.280434,1.6895732879638672,10
letrecog_tx,10,200,5,10,0.2212491416641374,0.25794,1.6895732879638672,median
letrecog_tx,16,200,5,10,0.258746234420859,0.31865,1.6895732879638672,1
letrecog_tx,16,200,5,10,0.2680969878036931,0.336856,1.6895732879638672,2
letrecog_tx,16,200,5,10,0.2578221513612169,0.258413,1.6895732879638672,3
letrecog_tx,16,200,5,10,0.2618873540277754,0.263656,1.6895732879638672,4
letrecog_tx,16,200,5,10,0.2552776528934561,0.302882,1.6895732879638672,5
letrecog_tx,16,200,5,10,0.2628983453644218,0.270802,1.6895732879638672,6
letrecog_tx,16,200,5,10,0.2529930858111805,0.25177,1.6895732879638672,7
letrecog_tx,16,200,5,10,0.2737924822493285,0.306524,1.6895732879638672,8
letrecog_tx,16,200,5,10,0.2431049484768752,0.254527,1.6895732879638672,9
letrecog_tx,16,200,5,10,0.2674503004871724,0.296216,1.6895732879638672,10
letrecog_tx,16,200,5,10,0.258746234420859,0.31865,1.6895732879638672,median
letrecog_tx,20,200,5,10,0.2666050542303774,0.32621,1.6895732879638672,1
letrecog_tx,20,200,5,10,0.2836573647032327,0.343422,1.6895732879638672,2
letrecog_tx,20,200,5,10,0.2906216913535195,0.330757,1.6895732879638672,3
letrecog_tx,20,200,5,10,0.2578268776210928,0.31014,1.6895732879638672,4
letrecog_tx,20,200,5,10,0.2651179005822176,0.371324,1.6895732879638672,5
letrecog_tx,20,200,5,10,0.2871011177335028,0.283916,1.6895732879638672,6
letrecog_tx,20,200,5,10,0.2785877223266581,0.401948,1.6895732879638672,7
letrecog_tx,20,200,5,10,0.280324458008972,0.371143,1.6895732879638672,8
letrecog_tx,20,200,5,10,0.2631879192398723,0.310944,1.6895732879638672,9
letrecog_tx,20,200,5,10,0.2786965577795873,0.394674,1.6895732879638672,10
letrecog_tx,20,200,5,10,0.2785877223266581,0.401948,1.6895732879638672,median
letrecog_tx,50,200,5,10,0.3656184495622275,0.587085,1.6895732879638672,1
letrecog_tx,50,200,5,10,0.3583655139041191,0.557169,1.6895732879638672,2
letrecog_tx,50,200,5,10,0.3538909947393287,0.463574,1.6895732879638672,3
letrecog_tx,50,200,5,10,0.3680756546678452,0.565012,1.6895732879638672,4
letrecog_tx,50,200,5,10,0.3667496615915381,0.584176,1.6895732879638672,5
letrecog_tx,50,200,5,10,0.3544339067641492,0.403204,1.6895732879638672,6
letrecog_tx,50,200,5,10,0.3700666589819908,0.709653,1.6895732879638672,7
letrecog_tx,50,200,5,10,0.3618172833374177,0.477782,1.6895732879638672,8
letrecog_tx,50,200,5,10,0.3551153401107455,0.454512,1.6895732879638672,9
letrecog_tx,50,200,5,10,0.3571549779503489,0.500239,1.6895732879638672,10
letrecog_tx,50,200,5,10,0.3618172833374177,0.477782,1.6895732879638672,median
letrecog_tx,100,200,5,10,0.4028971125379018,0.907055,1.6895732879638672,1
letrecog_tx,100,200,5,10,0.4027296728150349,0.909886,1.6895732879638672,2
letrecog_tx,100,200,5,10,0.4042863842286402,0.888723,1.6895732879638672,3
letrecog_tx,100,200,5,10,0.4090552109931108,1.034931,1.6895732879638672,4
letrecog_tx,100,200,5,10,0.4043158090981327,0.771832,1.6895732879638672,5
letrecog_tx,100,200,5,10,0.4090190610593491,0.849617,1.6895732879638672,6
letrecog_tx,100,200,5,10,0.4087344685756229,0.830227,1.6895732879638672,7
letrecog_tx,100,200,5,10,0.4122297457909238,0.816497,1.6895732879638672,8
letrecog_tx,100,200,5,10,0.4131981273153899,0.914222,1.6895732879638672,9
letrecog_tx,100,200,5,10,0.3999036172006668,0.759162,1.6895732879638672,10
letrecog_tx,100,200,5,10,0.4043158090981327,0.771832,1.6895732879638672,median
letrecog_tx,2,200,5,20,0.0149158327926191,0.144834,3.437084197998047,1
letrecog_tx,2,200,5,20,0.0149042413843525,0.141197,3.437084197998047,2
letrecog_tx,2,200,5,20,0.0149042413843525,0.16454,3.437084197998047,3
letrecog_tx,2,200,5,20,0.0149157993667686,0.163152,3.437084197998047,4
letrecog_tx,2,200,5,20,0.0149042413843525,0.172736,3.437084197998047,5
letrecog_tx,2,200,5,20,0.0149158327926191,0.153676,3.437084197998047,6
letrecog_tx,2,200,5,20,0.0149158327926191,0.171541,3.437084197998047,7
letrecog_tx,2,200,5,20,0.0149158327926191,0.172827,3.437084197998047,8
letrecog_tx,2,200,5,20,0.0149158327926191,0.194238,3.437084197998047,9
letrecog_tx,2,200,5,20,0.0149158327926191,0.158888,3.437084197998047,10
letrecog_tx,2,200,5,20,0.0149158327926191,0.144834,3.437084197998047,median
letrecog_tx,4,200,5,20,0.1054062346270941,0.179353,3.437084197998047,1
letrecog_tx,4,200,5,20,0.1160866436290909,0.213997,3.437084197998047,2
letrecog_tx,4,200,5,20,0.1054062346270941,0.234218,3.437084197998047,3
letrecog_tx,4,200,5,20,0.1161140244819269,0.177104,3.437084197998047,4
letrecog_tx,4,200,5,20,0.1281814989869966,0.264495,3.437084197998047,5
letrecog_tx,4,200,5,20,0.1211740996513621,0.206191,3.437084197998047,6
letrecog_tx,4,200,5,20,0.1162191426960967,0.20644,3.437084197998047,7
letrecog_tx,4,200,5,20,0.1067699628424869,0.180523,3.437084197998047,8
letrecog_tx,4,200,5,20,0.1071811548882051,0.170706,3.437084197998047,9
letrecog_tx,4,200,5,20,0.1186563009220596,0.210662,3.437084197998047,10
letrecog_tx,4,200,5,20,0.1160866436290909,0.213997,3.437084197998047,median
letrecog_tx,8,200,5,20,0.1977914551466086,0.25878,3.437084197998047,1
letrecog_tx,8,200,5,20,0.2013309235100568,0.233938,3.437084197998047,2
letrecog_tx,8,200,5,20,0.213805179886132,0.23479,3.437084197998047,3
letrecog_tx,8,200,5,20,0.1898716594150394,0.261097,3.437084197998047,4
letrecog_tx,8,200,5,20,0.2032886257595644,0.242133,3.437084197998047,5
letrecog_tx,8,200,5,20,0.1748764359689814,0.219845,3.437084197998047,6
letrecog_tx,8,200,5,20,0.191301501714138,0.213168,3.437084197998047,7
letrecog_tx,8,200,5,20,0.1782920592275767,0.226578,3.437084197998047,8
letrecog_tx,8,200,5,20,0.1901230959307409,0.254257,3.437084197998047,9
letrecog_tx,8,200,5,20,0.1962307032545863,0.306141,3.437084197998047,10
letrecog_tx,8,200,5,20,0.191301501714138,0.213168,3.437084197998047,median
letrecog_tx,10,200,5,20,0.2262427252105415,0.35867,3.437084197998047,1
letrecog_tx,10,200,5,20,0.2297742492404505,0.297046,3.437084197998047,2
letrecog_tx,10,200,5,20,0.2233923814168671,0.276518,3.437084197998047,3
letrecog_tx,10,200,5,20,0.202833851401077,0.334021,3.437084197998047,4
letrecog_tx,10,200,5,20,0.2008922104731078,0.229819,3.437084197998047,5
letrecog_tx,10,200,5,20,0.229138443265649,0.241961,3.437084197998047,6
letrecog_tx,10,200,5,20,0.2224803622716364,0.359746,3.437084197998047,7
letrecog_tx,10,200,5,20,0.215388896780437,0.326825,3.437084197998047,8
letrecog_tx,10,200,5,20,0.222076671132524,0.216086,3.437084197998047,9
letrecog_tx,10,200,5,20,0.2237067931526284,0.282388,3.437084197998047,10
letrecog_tx,10,200,5,20,0.2233923814168671,0.276518,3.437084197998047,median
letrecog_tx,16,200,5,20,0.2518539506381271,0.261334,3.437084197998047,1
letrecog_tx,16,200,5,20,0.2717483056624376,0.289199,3.437084197998047,2
letrecog_tx,16,200,5,20,0.2632455204056745,0.258674,3.437084197998047,3
letrecog_tx,16,200,5,20,0.2722514796957065,0.272811,3.437084197998047,4
letrecog_tx,16,200,5,20,0.256096599757752,0.28953,3.437084197998047,5
letrecog_tx,16,200,5,20,0.2615016733935424,0.247361,3.437084197998047,6
letrecog_tx,16,200,5,20,0.2509783315773636,0.282063,3.437084197998047,7
letrecog_tx,16,200,5,20,0.2728378424521548,0.406678,3.437084197998047,8
letrecog_tx,16,200,5,20,0.2520002980082285,0.265768,3.437084197998047,9
letrecog_tx,16,200,5,20,0.2560499222642347,0.570979,3.437084197998047,10
letrecog_tx,16,200,5,20,0.256096599757752,0.28953,3.437084197998047,median
letrecog_tx,20,200,5,20,0.2720845502751209,0.290253,3.437084197998047,1
letrecog_tx,20,200,5,20,0.2829114903289195,0.407508,3.437084197998047,2
letrecog_tx,20,200,5,20,0.2895020258963715,0.428976,3.437084197998047,3
letrecog_tx,20,200,5,20,0.2835348317477456,0.278534,3.437084197998047,4
letrecog_tx,20,200,5,20,0.2625736262211766,0.322017,3.437084197998047,5
letrecog_tx,20,200,5,20,0.2855850304705476,0.338233,3.437084197998047,6
letrecog_tx,20,200,5,20,0.2651136993631049,0.308018,3.437084197998047,7
letrecog_tx,20,200,5,20,0.2868081071821174,0.332052,3.437084197998047,8
letrecog_tx,20,200,5,20,0.2755983986092701,0.291991,3.437084197998047,9
letrecog_tx,20,200,5,20,0.2854073133330069,0.349511,3.437084197998047,10
letrecog_tx,20,200,5,20,0.2829114903289195,0.407508,3.437084197998047,median
letrecog_tx,50,200,5,20,0.3593811515078703,0.559072,3.437084197998047,1
letrecog_tx,50,200,5,20,0.3613270917474367,0.494108,3.437084197998047,2
letrecog_tx,50,200,5,20,0.3548966683885862,0.534067,3.437084197998047,3
letrecog_tx,50,200,5,20,0.3523633097273438,0.554188,3.437084197998047,4
letrecog_tx,50,200,5,20,0.3563966004765864,0.521659,3.437084197998047,5
letrecog_tx,50,200,5,20,0.3549404737788523,0.473647,3.437084197998047,6
letrecog_tx,50,200,5,20,0.3498154289248232,0.529683,3.437084197998047,7
letrecog_tx,50,200,5,20,0.3585308540535341,0.497031,3.437084197998047,8
letrecog_tx,50,200,5,20,0.3602289777537725,0.487563,3.437084197998047,9
letrecog_tx,50,200,5,20,0.3656134801372958,0.505653,3.437084197998047,10
letrecog_tx,50,200,5,20,0.3585308540535341,0.497031,3.437084197998047,median
letrecog_tx,100,200,5,20,0.4057345930802612,0.911564,3.437084197998047,1
letrecog_tx,100,200,5,20,0.4072534271833666,0.842853,3.437084197998047,2
letrecog_tx,100,200,5,20,0.4036188450206338,0.804947,3.437084197998047,3
letrecog_tx,100,200,5,20,0.4090131525628732,0.935621,3.437084197998047,4
letrecog_tx,100,200,5,20,0.4028341682501632,0.861987,3.437084197998047,5
letrecog_tx,100,200,5,20,0.4073831978756346,0.860295,3.437084197998047,6
letrecog_tx,100,200,5,20,0.4065086996787623,0.834161,3.437084197998047,7
letrecog_tx,100,200,5,20,0.4094418988075091,0.828242,3.437084197998047,8
letrecog_tx,100,200,5,20,0.4041613328444269,0.842099,3.437084197998047,9
letrecog_tx,100,200,5,20,0.3984490533244234,0.935911,3.437084197998047,10
letrecog_tx,100,200,5,20,0.4057345930802612,0.911564,3.437084197998047,median
letrecog_tx,2,500,5,5,0.0157956446524153,0.208444,1.3926184177398682,1
letrecog_tx,2,500,5,5,0.0154953551082812,0.214175,1.3926184177398682,2
letrecog_tx,2,500,5,5,0.0157956446524153,0.290305,1.3926184177398682,3
letrecog_tx,2,500,5,5,0.0157956446524153,0.260201,1.3926184177398682,4
letrecog_tx,2,500,5,5,0.0157952574051237,0.296862,1.3926184177398682,5
letrecog_tx,2,500,5,5,0.0154706532918555,0.250052,1.3926184177398682,6
letrecog_tx,2,500,5,5,0.0157956446524153,0.252,1.3926184177398682,7
letrecog_tx,2,500,5,5,0.0157956446524153,0.278879,1.3926184177398682,8
letrecog_tx,2,500,5,5,0.0157956446524153,0.277549,1.3926184177398682,9
letrecog_tx,2,500,5,5,0.0157956446524153,0.277538,1.3926184177398682,10
letrecog_tx,2,500,5,5,0.0157956446524153,0.208444,1.3926184177398682,median
letrecog_tx,4,500,5,5,0.1031031763448243,0.41365,1.3926184177398682,1
letrecog_tx,4,500,5,5,0.1031031763448243,0.313615,1.3926184177398682,2
letrecog_tx,4,500,5,5,0.0784913138020859,0.424003,1.3926184177398682,3
letrecog_tx,4,500,5,5,0.1247659244735144,0.581493,1.3926184177398682,4
letrecog_tx,4,500,5,5,0.0866528888978844,0.353729,1.3926184177398682,5
letrecog_tx,4,500,5,5,0.1027186163994046,0.332922,1.3926184177398682,6
letrecog_tx,4,500,5,5,0.1282362439838249,0.279808,1.3926184177398682,7
letrecog_tx,4,500,5,5,0.1162923536407287,0.353796,1.3926184177398682,8
letrecog_tx,4,500,5,5,0.1069050820034638,0.367558,1.3926184177398682,9
letrecog_tx,4,500,5,5,0.134610509123937,0.315683,1.3926184177398682,10
letrecog_tx,4,500,5,5,0.1031031763448243,0.41365,1.3926184177398682,median
letrecog_tx,8,500,5,5,0.1880797557728436,0.493004,1.3926184177398682,1
letrecog_tx,8,500,5,5,0.2001737020027721,0.418513,1.3926184177398682,2
letrecog_tx,8,500,5,5,0.1883731634059948,0.534654,1.3926184177398682,3
letrecog_tx,8,500,5,5,0.1872032394118781,0.45755,1.3926184177398682,4
letrecog_tx,8,500,5,5,0.1879997177415518,0.675991,1.3926184177398682,5
letrecog_tx,8,500,5,5,0.1750285630995364,0.409762,1.3926184177398682,6
letrecog_tx,8,500,5,5,0.1883471586870019,0.390829,1.3926184177398682,7
letrecog_tx,8,500,5,5,0.187542137946461,0.516393,1.3926184177398682,8
letrecog_tx,8,500,5,5,0.1876523888866491,0.552367,1.3926184177398682,9
letrecog_tx,8,500,5,5,0.1865713048203248,0.802722,1.3926184177398682,10
letrecog_tx,8,500,5,5,0.1879997177415518,0.675991,1.3926184177398682,median
letrecog_tx,10,500,5,5,0.2072880052467096,0.436688,1.3926184177398682,1
letrecog_tx,10,500,5,5,0.2240766986862929,0.449517,1.3926184177398682,2
letrecog_tx,10,500,5,5,0.20594430760102,0.385788,1.3926184177398682,3
letrecog_tx,10,500,5,5,0.2039237655898959,0.536531,1.3926184177398682,4
letrecog_tx,10,500,5,5,0.2095023636255699,0.539849,1.3926184177398682,5
letrecog_tx,10,500,5,5,0.2153559818264672,0.658607,1.3926184177398682,6
letrecog_tx,10,500,5,5,0.2075386023050963,0.499644,1.3926184177398682,7
letrecog_tx,10,500,5,5,0.2283034892677571,0.750712,1.3926184177398682,8
letrecog_tx,10,500,5,5,0.2237537726140978,0.528539,1.3926184177398682,9
letrecog_tx,10,500,5,5,0.2226980527682025,0.451084,1.3926184177398682,10
letrecog_tx,10,500,5,5,0.2153559818264672,0.658607,1.3926184177398682,median
letrecog_tx,16,500,5,5,0.2518991736276867,0.562871,1.3926184177398682,1
letrecog_tx,16,500,5,5,0.2560980702157598,0.913848,1.3926184177398682,2
letrecog_tx,16,500,5,5,0.2544165900074133,0.866659,1.3926184177398682,3
letrecog_tx,16,500,5,5,0.2494430361114926,0.51841,1.3926184177398682,4
letrecog_tx,16,500,5,5,0.2648597600373702,0.758316,1.3926184177398682,5
letrecog_tx,16,500,5,5,0.2472398584329206,0.727853,1.3926184177398682,6
letrecog_tx,16,500,5,5,0.2521755346715573,0.64542,1.3926184177398682,7
letrecog_tx,16,500,5,5,0.2501910076527103,0.689686,1.3926184177398682,8
letrecog_tx,16,500,5,5,0.2520424236601057,0.819841,1.3926184177398682,9
letrecog_tx,16,500,5,5,0.2548666436286513,0.633422,1.3926184177398682,10
letrecog_tx,16,500,5,5,0.2521755346715573,0.64542,1.3926184177398682,median
letrecog_tx,20,500,5,5,0.2758649096895305,0.569437,1.3926184177398682,1
letrecog_tx,20,500,5,5,0.2781341517486507,0.62169,1.3926184177398682,2
letrecog_tx,20,500,5,5,0.2795590122003492,0.874978,1.3926184177398682,3
letrecog_tx,20,500,5,5,0.2705528547286194,0.752899,1.3926184177398682,4
letrecog_tx,20,500,5,5,0.2754441118579105,0.77188,1.3926184177398682,5
letrecog_tx,20,500,5,5,0.2684456155420385,0.644369,1.3926184177398682,6
letrecog_tx,20,500,5,5,0.2815351072264989,0.826044,1.3926184177398682,7
letrecog_tx,20,500,5,5,0.2813034756482008,0.633919,1.3926184177398682,8
letrecog_tx,20,500,5,5,0.2625822609224068,0.780016,1.3926184177398682,9
letrecog_tx,20,500,5,5,0.2773522065920275,0.667494,1.3926184177398682,10
letrecog_tx,20,500,5,5,0.2758649096895305,0.569437,1.3926184177398682,median
letrecog_tx,50,500,5,5,0.3588866029266714,0.986154,1.3926184177398682,1
letrecog_tx,50,500,5,5,0.3503385714418571,1.279392,1.3926184177398682,2
letrecog_tx,50,500,5,5,0.3515577002362302,1.316134,1.3926184177398682,3
letrecog_tx,50,500,5,5,0.352596491475971,1.267845,1.3926184177398682,4
letrecog_tx,50,500,5,5,0.3506903465166062,0.946563,1.3926184177398682,5
letrecog_tx,50,500,5,5,0.3582937391893599,1.238469,1.3926184177398682,6
letrecog_tx,50,500,5,5,0.3499869888354679,1.449585,1.3926184177398682,7
letrecog_tx,50,500,5,5,0.3606266863905346,0.991141,1.3926184177398682,8
letrecog_tx,50,500,5,5,0.3551775910495462,0.939306,1.3926184177398682,9
letrecog_tx,50,500,5,5,0.3556864128990566,1.104988,1.3926184177398682,10
letrecog_tx,50,500,5,5,0.352596491475971,1.267845,1.3926184177398682,median
letrecog_tx,100,500,5,5,0.4024431693496011,2.228933,1.3926184177398682,1
letrecog_tx,100,500,5,5,0.3967603841857876,1.86314,1.3926184177398682,2
letrecog_tx,100,500,5,5,0.4089172990885659,2.346659,1.3926184177398682,3
letrecog_tx,100,500,5,5,0.4099434270035682,2.323597,1.3926184177398682,4
letrecog_tx,100,500,5,5,0.4065014063959883,2.221085,1.3926184177398682,5
letrecog_tx,100,500,5,5,0.4042403951454268,2.724572,1.3926184177398682,6
letrecog_tx,100,500,5,5,0.3978126469939905,1.866681,1.3926184177398682,7
letrecog_tx,100,500,5,5,0.3977082315877975,2.284972,1.3926184177398682,8
letrecog_tx,100,500,5,5,0.4049487698457951,1.882315,1.3926184177398682,9
letrecog_tx,100,500,5,5,0.4038052406239802,2.361459,1.3926184177398682,10
letrecog_tx,100,500,5,5,0.4038052406239802,2.361459,1.3926184177398682,median
letrecog_tx,2,500,5,10,0.0153333667582773,0.201533,2.8665473461151123,1
letrecog_tx,2,500,5,10,0.0155879446416846,0.23609,2.8665473461151123,2
letrecog_tx,2,500,5,10,0.0155899041768304,0.241568,2.8665473461151123,3
letrecog_tx,2,500,5,10,0.0153333667582773,0.29118,2.8665473461151123,4
letrecog_tx,2,500,5,10,0.0153333667582773,0.283402,2.8665473461151123,5
letrecog_tx,2,500,5,10,0.0155879446416846,0.28882,2.8665473461151123,6
letrecog_tx,2,500,5,10,0.0153333667582773,0.277034,2.8665473461151123,7
letrecog_tx,2,500,5,10,0.0155879446416846,0.279169,2.8665473461151123,8
letrecog_tx,2,500,5,10,0.0155879446416846,0.277006,2.8665473461151123,9
letrecog_tx,2,500,5,10,0.0155879446416846,0.33715,2.8665473461151123,10
letrecog_tx,2,500,5,10,0.0155879446416846,0.23609,2.8665473461151123,median
letrecog_tx,4,500,5,10,0.1161850408691963,0.339798,2.8665473461151123,1
letrecog_tx,4,500,5,10,0.1146559099364761,0.320809,2.8665473461151123,2
letrecog_tx,4,500,5,10,0.1161212536190529,0.452669,2.8665473461151123,3
letrecog_tx,4,500,5,10,0.101053416266938,0.374573,2.8665473461151123,4
letrecog_tx,4,500,5,10,0.1187494032427975,0.408192,2.8665473461151123,5
letrecog_tx,4,500,5,10,0.0695569949644319,0.35599,2.8665473461151123,6
letrecog_tx,4,500,5,10,0.1016677482724735,0.31475,2.8665473461151123,7
letrecog_tx,4,500,5,10,0.1231221965117097,0.279554,2.8665473461151123,8
letrecog_tx,4,500,5,10,0.101477968539392,0.410031,2.8665473461151123,9
letrecog_tx,4,500,5,10,0.1154120556982468,0.355277,2.8665473461151123,10
letrecog_tx,4,500,5,10,0.1154120556982468,0.355277,2.8665473461151123,median
letrecog_tx,8,500,5,10,0.1911945239098719,0.423076,2.8665473461151123,1
letrecog_tx,8,500,5,10,0.1912949166604944,0.932356,2.8665473461151123,2
letrecog_tx,8,500,5,10,0.1888134896032632,0.622391,2.8665473461151123,3
letrecog_tx,8,500,5,10,0.1766975337716815,0.408315,2.8665473461151123,4
letrecog_tx,8,500,5,10,0.2085909991803462,0.61991,2.8665473461151123,5
letrecog_tx,8,500,5,10,0.1874854892514167,0.412571,2.8665473461151123,6
letrecog_tx,8,500,5,10,0.2067200645415321,1.037072,2.8665473461151123,7
letrecog_tx,8,500,5,10,0.2183953014604607,0.472317,2.8665473461151123,8
letrecog_tx,8,500,5,10,0.2006196699464447,0.406318,2.8665473461151123,9
letrecog_tx,8,500,5,10,0.190632735367641,0.774841,2.8665473461151123,10
letrecog_tx,8,500,5,10,0.1911945239098719,0.423076,2.8665473461151123,median
letrecog_tx,10,500,5,10,0.2185935525716356,0.79256,2.8665473461151123,1
letrecog_tx,10,500,5,10,0.2073869456760829,0.474992,2.8665473461151123,2
letrecog_tx,10,500,5,10,0.2261581413733287,0.523612,2.8665473461151123,3
letrecog_tx,10,500,5,10,0.2105676187946583,0.495722,2.8665473461151123,4
letrecog_tx,10,500,5,10,0.1946994920096199,0.547267,2.8665473461151123,5
letrecog_tx,10,500,5,10,0.2308558526919192,0.474697,2.8665473461151123,6
letrecog_tx,10,500,5,10,0.2291573786604582,0.680003,2.8665473461151123,7
letrecog_tx,10,500,5,10,0.2271240503981554,0.524267,2.8665473461151123,8
letrecog_tx,10,500,5,10,0.2049164219081073,0.751068,2.8665473461151123,9
letrecog_tx,10,500,5,10,0.223928890095981,0.438061,2.8665473461151123,10
letrecog_tx,10,500,5,10,0.223928890095981,0.438061,2.8665473461151123,median
letrecog_tx,16,500,5,10,0.2773027519961943,0.635428,2.8665473461151123,1
letrecog_tx,16,500,5,10,0.2583424611266987,0.634356,2.8665473461151123,2
letrecog_tx,16,500,5,10,0.2721147130182092,0.509116,2.8665473461151123,3
letrecog_tx,16,500,5,10,0.2485959478602571,0.470929,2.8665473461151123,4
letrecog_tx,16,500,5,10,0.2603682353052002,0.718849,2.8665473461151123,5
letrecog_tx,16,500,5,10,0.2719552320430854,0.76807,2.8665473461151123,6
letrecog_tx,16,500,5,10,0.2643667476743015,0.622841,2.8665473461151123,7
letrecog_tx,16,500,5,10,0.2610241230027076,0.59491,2.8665473461151123,8
letrecog_tx,16,500,5,10,0.2720996627246346,0.61541,2.8665473461151123,9
letrecog_tx,16,500,5,10,0.2431553431081291,0.681087,2.8665473461151123,10
letrecog_tx,16,500,5,10,0.2643667476743015,0.622841,2.8665473461151123,median
letrecog_tx,20,500,5,10,0.2606696282330843,0.68101,2.8665473461151123,1
letrecog_tx,20,500,5,10,0.283068073468413,1.015407,2.8665473461151123,2
letrecog_tx,20,500,5,10,0.2715996443295237,0.624986,2.8665473461151123,3
letrecog_tx,20,500,5,10,0.2802052844129464,0.591661,2.8665473461151123,4
letrecog_tx,20,500,5,10,0.2716069715958639,0.569469,2.8665473461151123,5
letrecog_tx,20,500,5,10,0.2709526472076931,0.59121,2.8665473461151123,6
letrecog_tx,20,500,5,10,0.2775381893370512,0.580542,2.8665473461151123,7
letrecog_tx,20,500,5,10,0.2765072364045494,1.081082,2.8665473461151123,8
letrecog_tx,20,500,5,10,0.2730661761149461,0.843501,2.8665473461151123,9
letrecog_tx,20,500,5,10,0.2839442933051176,0.686405,2.8665473461151123,10
letrecog_tx,20,500,5,10,0.2730661761149461,0.843501,2.8665473461151123,median
letrecog_tx,50,500,5,10,0.3621680709444885,1.22994,2.8665473461151123,1
letrecog_tx,50,500,5,10,0.3537246840314524,1.094052,2.8665473461151123,2
letrecog_tx,50,500,5,10,0.3550425521835361,1.068744,2.8665473461151123,3
letrecog_tx,50,500,5,10,0.3581278858326924,1.321759,2.8665473461151123,4
letrecog_tx,50,500,5,10,0.3594429070202022,1.087487,2.8665473461151123,5
letrecog_tx,50,500,5,10,0.3570029737897409,1.28107,2.8665473461151123,6
letrecog_tx,50,500,5,10,0.3509107609747317,1.086797,2.8665473461151123,7
letrecog_tx,50,500,5,10,0.380358311973652,1.663478,2.8665473461151123,8
letrecog_tx,50,500,5,10,0.3578797857245318,1.018783,2.8665473461151123,9
letrecog_tx,50,500,5,10,0.3589880442279698,1.257189,2.8665473461151123,10
letrecog_tx,50,500,5,10,0.3578797857245318,1.018783,2.8665473461151123,median
letrecog_tx,100,500,5,10,0.3993026705798231,2.031216,2.8665473461151123,1
letrecog_tx,100,500,5,10,0.4049347979505486,2.252084,2.8665473461151123,2
letrecog_tx,100,500,5,10,0.4090876186569074,2.224187,2.8665473461151123,3
letrecog_tx,100,500,5,10,0.4007873845683706,2.068565,2.8665473461151123,4
letrecog_tx,100,500,5,10,0.401618119373329,2.112564,2.8665473461151123,5
letrecog_tx,100,500,5,10,0.4087033133613631,1.74741,2.8665473461151123,6
letrecog_tx,100,500,5,10,0.4036726340190168,1.800003,2.8665473461151123,7
letrecog_tx,100,500,5,10,0.4041353335587918,2.001222,2.8665473461151123,8
letrecog_tx,100,500,5,10,0.4043755254048711,2.031253,2.8665473461151123,9
letrecog_tx,100,500,5,10,0.406709796339499,1.864023,2.8665473461151123,10
letrecog_tx,100,500,5,10,0.4041353335587918,2.001222,2.8665473461151123,median
letrecog_tx,2,500,5,20,0.0147742407393312,0.21331,5.72266960144043,1
letrecog_tx,2,500,5,20,0.0147742407393312,0.274535,5.72266960144043,2
letrecog_tx,2,500,5,20,0.0147742407393312,0.278489,5.72266960144043,3
letrecog_tx,2,500,5,20,0.0147742407393312,0.272891,5.72266960144043,4
letrecog_tx,2,500,5,20,0.0147742407393312,0.277223,5.72266960144043,5
letrecog_tx,2,500,5,20,0.0147742407393312,0.277037,5.72266960144043,6
letrecog_tx,2,500,5,20,0.0147742407393312,0.286416,5.72266960144043,7
letrecog_tx,2,500,5,20,0.0147742407393312,0.244947,5.72266960144043,8
letrecog_tx,2,500,5,20,0.0147742407393312,0.273097,5.72266960144043,9
letrecog_tx,2,500,5,20,0.0147742407393312,0.268207,5.72266960144043,10
letrecog_tx,2,500,5,20,0.0147742407393312,0.21331,5.72266960144043,median
letrecog_tx,4,500,5,20,0.1149021645874135,0.26548,5.72266960144043,1
letrecog_tx,4,500,5,20,0.1051704663230528,0.295519,5.72266960144043,2
letrecog_tx,4,500,5,20,0.1190666469613798,0.304681,5.72266960144043,3
letrecog_tx,4,500,5,20,0.1286940933464793,0.333976,5.72266960144043,4
letrecog_tx,4,500,5,20,0.1454364812244966,0.336756,5.72266960144043,5
letrecog_tx,4,500,5,20,0.1282085674218605,0.506876,5.72266960144043,6
letrecog_tx,4,500,5,20,0.1336377636683923,0.401459,5.72266960144043,7
letrecog_tx,4,500,5,20,0.105300518227829,0.367823,5.72266960144043,8
letrecog_tx,4,500,5,20,0.1053005182278289,0.446836,5.72266960144043,9
letrecog_tx,4,500,5,20,0.1282085674218605,0.545952,5.72266960144043,10
letrecog_tx,4,500,5,20,0.1190666469613798,0.304681,5.72266960144043,median
letrecog_tx,8,500,5,20,0.2019914620275285,0.437015,5.72266960144043,1
letrecog_tx,8,500,5,20,0.1900159798586375,0.747843,5.72266960144043,2
letrecog_tx,8,500,5,20,0.202047353621517,0.474186,5.72266960144043,3
letrecog_tx,8,500,5,20,0.2126111081030105,0.407988,5.72266960144043,4
letrecog_tx,8,500,5,20,0.1904006381486892,0.598473,5.72266960144043,5
letrecog_tx,8,500,5,20,0.216581155854355,0.456885,5.72266960144043,6
letrecog_tx,8,500,5,20,0.2107770327059737,0.419197,5.72266960144043,7
letrecog_tx,8,500,5,20,0.1987010014987907,0.500112,5.72266960144043,8
letrecog_tx,8,500,5,20,0.1855826216418068,0.428516,5.72266960144043,9
letrecog_tx,8,500,5,20,0.1981818039125764,0.440563,5.72266960144043,10
letrecog_tx,8,500,5,20,0.2019914620275285,0.437015,5.72266960144043,median
letrecog_tx,10,500,5,20,0.2161475521984422,0.670814,5.72266960144043,1
letrecog_tx,10,500,5,20,0.2132818730890403,0.520987,5.72266960144043,2
letrecog_tx,10,500,5,20,0.2326118855648734,0.463393,5.72266960144043,3
letrecog_tx,10,500,5,20,0.216989015286305,0.573971,5.72266960144043,4
letrecog_tx,10,500,5,20,0.2161900353680979,0.496063,5.72266960144043,5
letrecog_tx,10,500,5,20,0.2188796243115771,0.520902,5.72266960144043,6
letrecog_tx,10,500,5,20,0.2220242644662165,0.438343,5.72266960144043,7
letrecog_tx,10,500,5,20,0.2424382548179404,0.569992,5.72266960144043,8
letrecog_tx,10,500,5,20,0.2204089461134029,0.424078,5.72266960144043,9
letrecog_tx,10,500,5,20,0.2186047396400622,0.490529,5.72266960144043,10
letrecog_tx,10,500,5,20,0.2186047396400622,0.490529,5.72266960144043,median
letrecog_tx,16,500,5,20,0.2727787228076086,0.600149,5.72266960144043,1
letrecog_tx,16,500,5,20,0.2717712824237439,0.652823,5.72266960144043,2
letrecog_tx,16,500,5,20,0.2519259200371412,0.752827,5.72266960144043,3
letrecog_tx,16,500,5,20,0.2817115804017497,0.466236,5.72266960144043,4
letrecog_tx,16,500,5,20,0.2736592020110673,0.715422,5.72266960144043,5
letrecog_tx,16,500,5,20,0.2692793644903228,0.713874,5.72266960144043,6
letrecog_tx,16,500,5,20,0.2692793574160161,0.794682,5.72266960144043,7
letrecog_tx,16,500,5,20,0.2731579151906038,0.613838,5.72266960144043,8
letrecog_tx,16,500,5,20,0.2511669209075646,1.007706,5.72266960144043,9
letrecog_tx,16,500,5,20,0.268109337221644,0.866766,5.72266960144043,10
letrecog_tx,16,500,5,20,0.2717712824237439,0.652823,5.72266960144043,median
letrecog_tx,20,500,5,20,0.2806939886745845,0.72461,5.72266960144043,1
letrecog_tx,20,500,5,20,0.2875275687430787,0.62575,5.72266960144043,2
letrecog_tx,20,500,5,20,0.274704133975187,0.7349,5.72266960144043,3
letrecog_tx,20,500,5,20,0.2778337325146884,0.630333,5.72266960144043,4
letrecog_tx,20,500,5,20,0.2854459738280961,1.22513,5.72266960144043,5
letrecog_tx,20,500,5,20,0.2796149268184185,0.624078,5.72266960144043,6
letrecog_tx,20,500,5,20,0.2640515286649066,0.81204,5.72266960144043,7
letrecog_tx,20,500,5,20,0.2867956322447275,0.977658,5.72266960144043,8
letrecog_tx,20,500,5,20,0.2709813520678906,0.669015,5.72266960144043,9
letrecog_tx,20,500,5,20,0.2672454196346761,0.51196,5.72266960144043,10
letrecog_tx,20,500,5,20,0.2796149268184185,0.624078,5.72266960144043,median
letrecog_tx,50,500,5,20,0.3579263157208084,1.107373,5.72266960144043,1
letrecog_tx,50,500,5,20,0.3672492094172458,1.035069,5.72266960144043,2
letrecog_tx,50,500,5,20,0.3579272738236491,0.971287,5.72266960144043,3
letrecog_tx,50,500,5,20,0.3664155986847383,1.284636,5.72266960144043,4
letrecog_tx,50,500,5,20,0.3519042708303003,1.380247,5.72266960144043,5
letrecog_tx,50,500,5,20,0.3644173254698414,1.025104,5.72266960144043,6
letrecog_tx,50,500,5,20,0.3566824909492177,1.076358,5.72266960144043,7
letrecog_tx,50,500,5,20,0.3699976274374653,0.956812,5.72266960144043,8
letrecog_tx,50,500,5,20,0.3659907643595639,1.182362,5.72266960144043,9
letrecog_tx,50,500,5,20,0.3622562916403004,0.949081,5.72266960144043,10
letrecog_tx,50,500,5,20,0.3644173254698414,1.025104,5.72266960144043,median
letrecog_tx,100,500,5,20,0.4092835642744351,2.068556,5.72266960144043,1
letrecog_tx,100,500,5,20,0.4054177950245685,2.101251,5.72266960144043,2
letrecog_tx,100,500,5,20,0.4045126253629322,1.881455,5.72266960144043,3
letrecog_tx,100,500,5,20,0.4036622983193262,1.722819,5.72266960144043,4
letrecog_tx,100,500,5,20,0.4051902465989246,1.914593,5.72266960144043,5
letrecog_tx,100,500,5,20,0.4042414860259702,2.172807,5.72266960144043,6
letrecog_tx,100,500,5,20,0.4022739890693403,1.943541,5.72266960144043,7
letrecog_tx,100,500,5,20,0.4052183757212461,1.921125,5.72266960144043,8
letrecog_tx,100,500,5,20,0.4038964289643489,1.830179,5.72266960144043,9
letrecog_tx,100,500,5,20,0.4042845029508295,2.014074,5.72266960144043,10
letrecog_tx,100,500,5,20,0.4045126253629322,1.881455,5.72266960144043,median
letrecog_tx,2,50,10,5,0.012848719341273,0.113665,0.6614961624145508,1
letrecog_tx,2,50,10,5,0.012848719341273,0.129675,0.6614961624145508,2
letrecog_tx,2,50,10,5,0.0131124414095464,0.113357,0.6614961624145508,3
letrecog_tx,2,50,10,5,0.012848719341273,0.118414,0.6614961624145508,4
letrecog_tx,2,50,10,5,0.012848719341273,0.132249,0.6614961624145508,5
letrecog_tx,2,50,10,5,0.012848719341273,0.122972,0.6614961624145508,6
letrecog_tx,2,50,10,5,0.0131124414095464,0.133791,0.6614961624145508,7
letrecog_tx,2,50,10,5,0.0128342562260267,0.117195,0.6614961624145508,8
letrecog_tx,2,50,10,5,0.012848719341273,0.149778,0.6614961624145508,9
letrecog_tx,2,50,10,5,0.013116077967268,0.125315,0.6614961624145508,10
letrecog_tx,2,50,10,5,0.012848719341273,0.113665,0.6614961624145508,median
letrecog_tx,4,50,10,5,0.1023630212674201,0.130833,0.6614961624145508,1
letrecog_tx,4,50,10,5,0.1039231362592522,0.133204,0.6614961624145508,2
letrecog_tx,4,50,10,5,0.111860683891031,0.131013,0.6614961624145508,3
letrecog_tx,4,50,10,5,0.120231455221176,0.146301,0.6614961624145508,4
letrecog_tx,4,50,10,5,0.102422541980693,0.132446,0.6614961624145508,5
letrecog_tx,4,50,10,5,0.1042244583228417,0.152826,0.6614961624145508,6
letrecog_tx,4,50,10,5,0.1085331326278051,0.144322,0.6614961624145508,7
letrecog_tx,4,50,10,5,0.1042244583228417,0.176094,0.6614961624145508,8
letrecog_tx,4,50,10,5,0.1130678876561074,0.141287,0.6614961624145508,9
letrecog_tx,4,50,10,5,0.1064694688175754,0.139692,0.6614961624145508,10
letrecog_tx,4,50,10,5,0.1042244583228417,0.152826,0.6614961624145508,median
letrecog_tx,8,50,10,5,0.1840918213464922,0.158858,0.6614961624145508,1
letrecog_tx,8,50,10,5,0.1821361822346044,0.135193,0.6614961624145508,2
letrecog_tx,8,50,10,5,0.2060299371360288,0.152452,0.6614961624145508,3
letrecog_tx,8,50,10,5,0.1817684249220166,0.157829,0.6614961624145508,4
letrecog_tx,8,50,10,5,0.2076389548509511,0.160581,0.6614961624145508,5
letrecog_tx,8,50,10,5,0.1724892848424258,0.159815,0.6614961624145508,6
letrecog_tx,8,50,10,5,0.1815431557753649,0.135073,0.6614961624145508,7
letrecog_tx,8,50,10,5,0.1841561661144968,0.159956,0.6614961624145508,8
letrecog_tx,8,50,10,5,0.1975292674148075,0.184849,0.6614961624145508,9
letrecog_tx,8,50,10,5,0.2048349297134004,0.193094,0.6614961624145508,10
letrecog_tx,8,50,10,5,0.1841561661144968,0.159956,0.6614961624145508,median
letrecog_tx,10,50,10,5,0.1907032275689121,0.146952,0.6614961624145508,1
letrecog_tx,10,50,10,5,0.2256494161502291,0.148983,0.6614961624145508,2
letrecog_tx,10,50,10,5,0.2259892849595455,0.159528,0.6614961624145508,3
letrecog_tx,10,50,10,5,0.2130832123824452,0.164183,0.6614961624145508,4
letrecog_tx,10,50,10,5,0.2207371245438875,0.175957,0.6614961624145508,5
letrecog_tx,10,50,10,5,0.216718799726252,0.159322,0.6614961624145508,6
letrecog_tx,10,50,10,5,0.2185228330900668,0.161221,0.6614961624145508,7
letrecog_tx,10,50,10,5,0.2204832004244381,0.167309,0.6614961624145508,8
letrecog_tx,10,50,10,5,0.212495096208969,0.155058,0.6614961624145508,9
letrecog_tx,10,50,10,5,0.2108247981915145,0.158853,0.6614961624145508,10
letrecog_tx,10,50,10,5,0.216718799726252,0.159322,0.6614961624145508,median
letrecog_tx,16,50,10,5,0.2595766542773389,0.161188,0.6614961624145508,1
letrecog_tx,16,50,10,5,0.2374123093714882,0.163266,0.6614961624145508,2
letrecog_tx,16,50,10,5,0.2533072419421619,0.160154,0.6614961624145508,3
letrecog_tx,16,50,10,5,0.2465990349275765,0.172862,0.6614961624145508,4
letrecog_tx,16,50,10,5,0.2538180292165575,0.164466,0.6614961624145508,5
letrecog_tx,16,50,10,5,0.2346176983862306,0.172267,0.6614961624145508,6
letrecog_tx,16,50,10,5,0.2480680975099929,0.161873,0.6614961624145508,7
letrecog_tx,16,50,10,5,0.2454149054528009,0.154289,0.6614961624145508,8
letrecog_tx,16,50,10,5,0.2601964916417815,0.162381,0.6614961624145508,9
letrecog_tx,16,50,10,5,0.2453736873702381,0.178487,0.6614961624145508,10
letrecog_tx,16,50,10,5,0.2480680975099929,0.161873,0.6614961624145508,median
letrecog_tx,20,50,10,5,0.2717962067228933,0.173924,0.6614961624145508,1
letrecog_tx,20,50,10,5,0.2487106647408258,0.182117,0.6614961624145508,2
letrecog_tx,20,50,10,5,0.2725114858471895,0.202524,0.6614961624145508,3
letrecog_tx,20,50,10,5,0.2821101619738529,0.18332,0.6614961624145508,4
letrecog_tx,20,50,10,5,0.2702250542534318,0.189194,0.6614961624145508,5
letrecog_tx,20,50,10,5,0.2561938749925267,0.179509,0.6614961624145508,6
letrecog_tx,20,50,10,5,0.2678083479177963,0.193077,0.6614961624145508,7
letrecog_tx,20,50,10,5,0.2841107011076185,0.191182,0.6614961624145508,8
letrecog_tx,20,50,10,5,0.2676013337855998,0.196566,0.6614961624145508,9
letrecog_tx,20,50,10,5,0.2713389488261222,0.194374,0.6614961624145508,10
letrecog_tx,20,50,10,5,0.2702250542534318,0.189194,0.6614961624145508,median
letrecog_tx,50,50,10,5,0.3592404835223349,0.24726,0.6614961624145508,1
letrecog_tx,50,50,10,5,0.3431841816738331,0.248069,0.6614961624145508,2
letrecog_tx,50,50,10,5,0.3492669418836629,0.28853,0.6614961624145508,3
letrecog_tx,50,50,10,5,0.3625122760868819,0.250125,0.6614961624145508,4
letrecog_tx,50,50,10,5,0.3479509933756778,0.276354,0.6614961624145508,5
letrecog_tx,50,50,10,5,0.3466945101348889,0.255321,0.6614961624145508,6
letrecog_tx,50,50,10,5,0.35034677429967,0.242345,0.6614961624145508,7
letrecog_tx,50,50,10,5,0.3510722786034193,0.243385,0.6614961624145508,8
letrecog_tx,50,50,10,5,0.3584460543529681,0.234913,0.6614961624145508,9
letrecog_tx,50,50,10,5,0.3523239986671644,0.230625,0.6614961624145508,10
letrecog_tx,50,50,10,5,0.35034677429967,0.242345,0.6614961624145508,median
letrecog_tx,100,50,10,5,0.3970460443972236,0.386403,0.6614961624145508,1
letrecog_tx,100,50,10,5,0.394111910762233,0.322552,0.6614961624145508,2
letrecog_tx,100,50,10,5,0.3993562956801457,0.450946,0.6614961624145508,3
letrecog_tx,100,50,10,5,0.39831367923888,0.333338,0.6614961624145508,4
letrecog_tx,100,50,10,5,0.3963078292382515,0.3547,0.6614961624145508,5
letrecog_tx,100,50,10,5,0.39946209666424,0.338783,0.6614961624145508,6
letrecog_tx,100,50,10,5,0.3988009800070837,0.347778,0.6614961624145508,7
letrecog_tx,100,50,10,5,0.4024319209217453,0.324671,0.6614961624145508,8
letrecog_tx,100,50,10,5,0.399655329958389,0.342734,0.6614961624145508,9
letrecog_tx,100,50,10,5,0.3967605148329898,0.400192,0.6614961624145508,10
letrecog_tx,100,50,10,5,0.39831367923888,0.333338,0.6614961624145508,median
letrecog_tx,2,50,10,10,0.0132402709922107,0.112471,1.3558781147003174,1
letrecog_tx,2,50,10,10,0.0132402709922107,0.116836,1.3558781147003174,2
letrecog_tx,2,50,10,10,0.0129583907404259,0.116448,1.3558781147003174,3
letrecog_tx,2,50,10,10,0.0132402709922107,0.130121,1.3558781147003174,4
letrecog_tx,2,50,10,10,0.0132402709922107,0.136903,1.3558781147003174,5
letrecog_tx,2,50,10,10,0.0132369161380631,0.123168,1.3558781147003174,6
letrecog_tx,2,50,10,10,0.0132402709922107,0.122692,1.3558781147003174,7
letrecog_tx,2,50,10,10,0.0129583907404259,0.13124,1.3558781147003174,8
letrecog_tx,2,50,10,10,0.0129583907404259,0.122215,1.3558781147003174,9
letrecog_tx,2,50,10,10,0.0129583907404259,0.134244,1.3558781147003174,10
letrecog_tx,2,50,10,10,0.0132402709922107,0.112471,1.3558781147003174,median
letrecog_tx,4,50,10,10,0.1119738917632987,0.148828,1.3558781147003174,1
letrecog_tx,4,50,10,10,0.1020880104728473,0.142011,1.3558781147003174,2
letrecog_tx,4,50,10,10,0.0957845549359793,0.150845,1.3558781147003174,3
letrecog_tx,4,50,10,10,0.1119776235221799,0.17183,1.3558781147003174,4
letrecog_tx,4,50,10,10,0.0959700993707893,0.134691,1.3558781147003174,5
letrecog_tx,4,50,10,10,0.1119776235221799,0.158291,1.3558781147003174,6
letrecog_tx,4,50,10,10,0.0553750803730389,0.13201,1.3558781147003174,7
letrecog_tx,4,50,10,10,0.0977703117135333,0.140982,1.3558781147003174,8
letrecog_tx,4,50,10,10,0.1025674627820452,0.146746,1.3558781147003174,9
letrecog_tx,4,50,10,10,0.1090671191863314,0.127456,1.3558781147003174,10
letrecog_tx,4,50,10,10,0.1020880104728473,0.142011,1.3558781147003174,median
letrecog_tx,8,50,10,10,0.1928589905836017,0.149932,1.3558781147003174,1
letrecog_tx,8,50,10,10,0.1828621316877547,0.152319,1.3558781147003174,2
letrecog_tx,8,50,10,10,0.1747184057226629,0.175959,1.3558781147003174,3
letrecog_tx,8,50,10,10,0.1773661883173935,0.166743,1.3558781147003174,4
letrecog_tx,8,50,10,10,0.1779282088484803,0.142624,1.3558781147003174,5
letrecog_tx,8,50,10,10,0.1607807455979805,0.156129,1.3558781147003174,6
letrecog_tx,8,50,10,10,0.1586933177978503,0.149319,1.3558781147003174,7
letrecog_tx,8,50,10,10,0.1695143911705022,0.161626,1.3558781147003174,8
letrecog_tx,8,50,10,10,0.1560775475794028,0.146533,1.3558781147003174,9
letrecog_tx,8,50,10,10,0.19211829225143,0.143847,1.3558781147003174,10
letrecog_tx,8,50,10,10,0.1773661883173935,0.166743,1.3558781147003174,median
letrecog_tx,10,50,10,10,0.2040235428029146,0.147644,1.3558781147003174,1
letrecog_tx,10,50,10,10,0.1980660541876914,0.155174,1.3558781147003174,2
letrecog_tx,10,50,10,10,0.2064856601630196,0.146345,1.3558781147003174,3
letrecog_tx,10,50,10,10,0.2069845717439664,0.160756,1.3558781147003174,4
letrecog_tx,10,50,10,10,0.178696313658987,0.164052,1.3558781147003174,5
letrecog_tx,10,50,10,10,0.2007132190020135,0.156993,1.3558781147003174,6
letrecog_tx,10,50,10,10,0.2115881239082581,0.15039,1.3558781147003174,7
letrecog_tx,10,50,10,10,0.1989187667664748,0.163038,1.3558781147003174,8
letrecog_tx,10,50,10,10,0.2035048300700029,0.187822,1.3558781147003174,9
letrecog_tx,10,50,10,10,0.2068154681265402,0.150485,1.3558781147003174,10
letrecog_tx,10,50,10,10,0.2040235428029146,0.147644,1.3558781147003174,median
letrecog_tx,16,50,10,10,0.2507887243659522,0.172288,1.3558781147003174,1
letrecog_tx,16,50,10,10,0.2521612085544364,0.16455,1.3558781147003174,2
letrecog_tx,16,50,10,10,0.2281303910911359,0.165598,1.3558781147003174,3
letrecog_tx,16,50,10,10,0.2435456352838248,0.187838,1.3558781147003174,4
letrecog_tx,16,50,10,10,0.2481479763929208,0.159105,1.3558781147003174,5
letrecog_tx,16,50,10,10,0.23238000009027,0.165036,1.3558781147003174,6
letrecog_tx,16,50,10,10,0.2367714910397053,0.186917,1.3558781147003174,7
letrecog_tx,16,50,10,10,0.2519963741131527,0.27191,1.3558781147003174,8
letrecog_tx,16,50,10,10,0.2448002160777106,0.16674,1.3558781147003174,9
letrecog_tx,16,50,10,10,0.2585290344389372,0.211217,1.3558781147003174,10
letrecog_tx,16,50,10,10,0.2448002160777106,0.16674,1.3558781147003174,median
letrecog_tx,20,50,10,10,0.2592469217321519,0.202229,1.3558781147003174,1
letrecog_tx,20,50,10,10,0.2616900641350769,0.178242,1.3558781147003174,2
letrecog_tx,20,50,10,10,0.2667976020081845,0.184204,1.3558781147003174,3
letrecog_tx,20,50,10,10,0.261064210726335,0.239128,1.3558781147003174,4
letrecog_tx,20,50,10,10,0.2727261950497937,0.183062,1.3558781147003174,5
letrecog_tx,20,50,10,10,0.2743450631582411,0.221561,1.3558781147003174,6
letrecog_tx,20,50,10,10,0.2766133742392738,0.205816,1.3558781147003174,7
letrecog_tx,20,50,10,10,0.2647955339544869,0.173272,1.3558781147003174,8
letrecog_tx,20,50,10,10,0.2714063457160637,0.181233,1.3558781147003174,9
letrecog_tx,20,50,10,10,0.2680426089136528,0.209807,1.3558781147003174,10
letrecog_tx,20,50,10,10,0.2667976020081845,0.184204,1.3558781147003174,median
letrecog_tx,50,50,10,10,0.3508582514893947,0.257395,1.3558781147003174,1
letrecog_tx,50,50,10,10,0.3551660774318488,0.224727,1.3558781147003174,2
letrecog_tx,50,50,10,10,0.3617869089533063,0.244417,1.3558781147003174,3
letrecog_tx,50,50,10,10,0.3508433192318514,0.248624,1.3558781147003174,4
letrecog_tx,50,50,10,10,0.3458569721930481,0.206509,1.3558781147003174,5
letrecog_tx,50,50,10,10,0.3421234185797422,0.288716,1.3558781147003174,6
letrecog_tx,50,50,10,10,0.3569941339781448,0.310743,1.3558781147003174,7
letrecog_tx,50,50,10,10,0.3537622706793131,0.233833,1.3558781147003174,8
letrecog_tx,50,50,10,10,0.3539268139102542,0.313705,1.3558781147003174,9
letrecog_tx,50,50,10,10,0.3458424164789529,0.254925,1.3558781147003174,10
letrecog_tx,50,50,10,10,0.3508582514893947,0.257395,1.3558781147003174,median
letrecog_tx,100,50,10,10,0.3978858950557577,0.379085,1.3558781147003174,1
letrecog_tx,100,50,10,10,0.395304516677261,0.358381,1.3558781147003174,2
letrecog_tx,100,50,10,10,0.4056947898878759,0.339742,1.3558781147003174,3
letrecog_tx,100,50,10,10,0.4050613971078388,0.325902,1.3558781147003174,4
letrecog_tx,100,50,10,10,0.3981435331886647,0.433937,1.3558781147003174,5
letrecog_tx,100,50,10,10,0.3975614042258942,0.338508,1.3558781147003174,6
letrecog_tx,100,50,10,10,0.3968952228095536,0.370272,1.3558781147003174,7
letrecog_tx,100,50,10,10,0.3947195143934831,0.341916,1.3558781147003174,8
letrecog_tx,100,50,10,10,0.3967238392656255,0.379019,1.3558781147003174,9
letrecog_tx,100,50,10,10,0.4025949467764779,0.375588,1.3558781147003174,10
letrecog_tx,100,50,10,10,0.3978858950557577,0.379085,1.3558781147003174,median
letrecog_tx,2,50,10,20,0.0126270024992812,0.114137,2.773986577987671,1
letrecog_tx,2,50,10,20,0.0126270024992812,0.119233,2.773986577987671,2
letrecog_tx,2,50,10,20,0.0123888474327545,0.121804,2.773986577987671,3
letrecog_tx,2,50,10,20,0.0126270024992812,0.125352,2.773986577987671,4
letrecog_tx,2,50,10,20,0.0126270024992812,0.122901,2.773986577987671,5
letrecog_tx,2,50,10,20,0.0123862307635821,0.133773,2.773986577987671,6
letrecog_tx,2,50,10,20,0.0123862307635821,0.120998,2.773986577987671,7
letrecog_tx,2,50,10,20,0.0126270024992812,0.132168,2.773986577987671,8
letrecog_tx,2,50,10,20,0.0126270024992812,0.135236,2.773986577987671,9
letrecog_tx,2,50,10,20,0.0126270024992812,0.136709,2.773986577987671,10
letrecog_tx,2,50,10,20,0.0126270024992812,0.114137,2.773986577987671,median
letrecog_tx,4,50,10,20,0.0957198857894699,0.148425,2.773986577987671,1
letrecog_tx,4,50,10,20,0.0987273609361336,0.143855,2.773986577987671,2
letrecog_tx,4,50,10,20,0.0967849176549021,0.140677,2.773986577987671,3
letrecog_tx,4,50,10,20,0.105038387988684,0.13409,2.773986577987671,4
letrecog_tx,4,50,10,20,0.0557251643651427,0.14338,2.773986577987671,5
letrecog_tx,4,50,10,20,0.1064799104318892,0.137082,2.773986577987671,6
letrecog_tx,4,50,10,20,0.1064661241905963,0.145413,2.773986577987671,7
letrecog_tx,4,50,10,20,0.111363073095188,0.143379,2.773986577987671,8
letrecog_tx,4,50,10,20,0.094865153406828,0.130327,2.773986577987671,9
letrecog_tx,4,50,10,20,0.11515800317163,0.140324,2.773986577987671,10
letrecog_tx,4,50,10,20,0.0987273609361336,0.143855,2.773986577987671,median
letrecog_tx,8,50,10,20,0.1821675898205426,0.147747,2.773986577987671,1
letrecog_tx,8,50,10,20,0.2012354039470381,0.158605,2.773986577987671,2
letrecog_tx,8,50,10,20,0.1930762648439574,0.146261,2.773986577987671,3
letrecog_tx,8,50,10,20,0.1784698083135426,0.157176,2.773986577987671,4
letrecog_tx,8,50,10,20,0.1860525762476826,0.139356,2.773986577987671,5
letrecog_tx,8,50,10,20,0.1824373526771843,0.147231,2.773986577987671,6
letrecog_tx,8,50,10,20,0.1992496061903507,0.178984,2.773986577987671,7
letrecog_tx,8,50,10,20,0.1744979479085617,0.156745,2.773986577987671,8
letrecog_tx,8,50,10,20,0.1795888892266954,0.175853,2.773986577987671,9
letrecog_tx,8,50,10,20,0.184568157621813,0.146865,2.773986577987671,10
letrecog_tx,8,50,10,20,0.1824373526771843,0.147231,2.773986577987671,median
letrecog_tx,10,50,10,20,0.2178594990910106,0.1628,2.773986577987671,1
letrecog_tx,10,50,10,20,0.2068316539213472,0.167826,2.773986577987671,2
letrecog_tx,10,50,10,20,0.2016601433776087,0.17318,2.773986577987671,3
letrecog_tx,10,50,10,20,0.1953846775943982,0.156719,2.773986577987671,4
letrecog_tx,10,50,10,20,0.2142692920099214,0.15364,2.773986577987671,5
letrecog_tx,10,50,10,20,0.2205991957760007,0.168363,2.773986577987671,6
letrecog_tx,10,50,10,20,0.1923855085715403,0.160674,2.773986577987671,7
letrecog_tx,10,50,10,20,0.1944745435774475,0.157345,2.773986577987671,8
letrecog_tx,10,50,10,20,0.2130933911424155,0.162156,2.773986577987671,9
letrecog_tx,10,50,10,20,0.2136214526790165,0.148646,2.773986577987671,10
letrecog_tx,10,50,10,20,0.2130933911424155,0.162156,2.773986577987671,median
letrecog_tx,16,50,10,20,0.2377927909809874,0.152326,2.773986577987671,1
letrecog_tx,16,50,10,20,0.252958995839728,0.170787,2.773986577987671,2
letrecog_tx,16,50,10,20,0.244483528877661,0.174364,2.773986577987671,3
letrecog_tx,16,50,10,20,0.2454730323559847,0.159206,2.773986577987671,4
letrecog_tx,16,50,10,20,0.2544760233576563,0.195399,2.773986577987671,5
letrecog_tx,16,50,10,20,0.2402083659270678,0.169879,2.773986577987671,6
letrecog_tx,16,50,10,20,0.2535575523008691,0.181578,2.773986577987671,7
letrecog_tx,16,50,10,20,0.2485244026575432,0.173382,2.773986577987671,8
letrecog_tx,16,50,10,20,0.2511799057968947,0.172888,2.773986577987671,9
letrecog_tx,16,50,10,20,0.2525460578929881,0.170344,2.773986577987671,10
letrecog_tx,16,50,10,20,0.2485244026575432,0.173382,2.773986577987671,median
letrecog_tx,20,50,10,20,0.2856603887428461,0.186374,2.773986577987671,1
letrecog_tx,20,50,10,20,0.254409356351697,0.170919,2.773986577987671,2
letrecog_tx,20,50,10,20,0.2642482638224033,0.194008,2.773986577987671,3
letrecog_tx,20,50,10,20,0.2712687537080328,0.170418,2.773986577987671,4
letrecog_tx,20,50,10,20,0.2645369616746892,0.170678,2.773986577987671,5
letrecog_tx,20,50,10,20,0.2822497264391722,0.165545,2.773986577987671,6
letrecog_tx,20,50,10,20,0.2625190220633353,0.180511,2.773986577987671,7
letrecog_tx,20,50,10,20,0.2651082203769337,0.179273,2.773986577987671,8
letrecog_tx,20,50,10,20,0.2573257351653491,0.186965,2.773986577987671,9
letrecog_tx,20,50,10,20,0.2699698777309031,0.173579,2.773986577987671,10
letrecog_tx,20,50,10,20,0.2645369616746892,0.170678,2.773986577987671,median
letrecog_tx,50,50,10,20,0.3573197372503148,0.243487,2.773986577987671,1
letrecog_tx,50,50,10,20,0.3430199302517716,0.223242,2.773986577987671,2
letrecog_tx,50,50,10,20,0.3535956467479664,0.261146,2.773986577987671,3
letrecog_tx,50,50,10,20,0.335171738675971,0.241499,2.773986577987671,4
letrecog_tx,50,50,10,20,0.346644114045156,0.240451,2.773986577987671,5
letrecog_tx,50,50,10,20,0.3419304101213665,0.271685,2.773986577987671,6
letrecog_tx,50,50,10,20,0.3484827126692717,0.291814,2.773986577987671,7
letrecog_tx,50,50,10,20,0.3539860256145278,0.275063,2.773986577987671,8
letrecog_tx,50,50,10,20,0.3531732299654196,0.220168,2.773986577987671,9
letrecog_tx,50,50,10,20,0.3528796492464195,0.283222,2.773986577987671,10
letrecog_tx,50,50,10,20,0.3484827126692717,0.291814,2.773986577987671,median
letrecog_tx,100,50,10,20,0.4041562416044604,0.312841,2.773986577987671,1
letrecog_tx,100,50,10,20,0.3977369647837127,0.393826,2.773986577987671,2
letrecog_tx,100,50,10,20,0.4011764471675017,0.409052,2.773986577987671,3
letrecog_tx,100,50,10,20,0.3998332292781634,0.335755,2.773986577987671,4
letrecog_tx,100,50,10,20,0.4076059397407376,0.321318,2.773986577987671,5
letrecog_tx,100,50,10,20,0.3985760764233471,0.331132,2.773986577987671,6
letrecog_tx,100,50,10,20,0.399851543874685,0.38999,2.773986577987671,7
letrecog_tx,100,50,10,20,0.4071484758699992,0.32954,2.773986577987671,8
letrecog_tx,100,50,10,20,0.4036001533781047,0.348323,2.773986577987671,9
letrecog_tx,100,50,10,20,0.3918984317798107,0.338555,2.773986577987671,10
letrecog_tx,100,50,10,20,0.399851543874685,0.38999,2.773986577987671,median
letrecog_tx,2,100,10,5,0.0139537702114984,0.122634,0.6224954128265381,1
letrecog_tx,2,100,10,5,0.0139537702114984,0.139025,0.6224954128265381,2
letrecog_tx,2,100,10,5,0.0139537702114984,0.137596,0.6224954128265381,3
letrecog_tx,2,100,10,5,0.0139537702114984,0.129357,0.6224954128265381,4
letrecog_tx,2,100,10,5,0.0139537702114984,0.150986,0.6224954128265381,5
letrecog_tx,2,100,10,5,0.0138394531005243,0.126963,0.6224954128265381,6
letrecog_tx,2,100,10,5,0.0138394531005243,0.130579,0.6224954128265381,7
letrecog_tx,2,100,10,5,0.0139537702114984,0.141342,0.6224954128265381,8
letrecog_tx,2,100,10,5,0.0139537702114984,0.130485,0.6224954128265381,9
letrecog_tx,2,100,10,5,0.0139537702114984,0.146827,0.6224954128265381,10
letrecog_tx,2,100,10,5,0.0139537702114984,0.122634,0.6224954128265381,median
letrecog_tx,4,100,10,5,0.0942135644409704,0.155268,0.6224954128265381,1
letrecog_tx,4,100,10,5,0.1123361226783024,0.176565,0.6224954128265381,2
letrecog_tx,4,100,10,5,0.0961858130019887,0.153689,0.6224954128265381,3
letrecog_tx,4,100,10,5,0.1038852420273829,0.154318,0.6224954128265381,4
letrecog_tx,4,100,10,5,0.1036811782759242,0.164386,0.6224954128265381,5
letrecog_tx,4,100,10,5,0.1033037269822064,0.140872,0.6224954128265381,6
letrecog_tx,4,100,10,5,0.1110878342772192,0.150131,0.6224954128265381,7
letrecog_tx,4,100,10,5,0.1123361226783024,0.181997,0.6224954128265381,8
letrecog_tx,4,100,10,5,0.0640302453805401,0.164509,0.6224954128265381,9
letrecog_tx,4,100,10,5,0.1048604354275161,0.185712,0.6224954128265381,10
letrecog_tx,4,100,10,5,0.1038852420273829,0.154318,0.6224954128265381,median
letrecog_tx,8,100,10,5,0.1638343346737099,0.162439,0.6224954128265381,1
letrecog_tx,8,100,10,5,0.1795735712651727,0.148981,0.6224954128265381,2
letrecog_tx,8,100,10,5,0.1838917128154965,0.184965,0.6224954128265381,3
letrecog_tx,8,100,10,5,0.1790760555837716,0.164529,0.6224954128265381,4
letrecog_tx,8,100,10,5,0.1772387585880268,0.158456,0.6224954128265381,5
letrecog_tx,8,100,10,5,0.1836366801397022,0.190444,0.6224954128265381,6
letrecog_tx,8,100,10,5,0.1708791022851449,0.204085,0.6224954128265381,7
letrecog_tx,8,100,10,5,0.1755086188033457,0.152748,0.6224954128265381,8
letrecog_tx,8,100,10,5,0.1814298346919338,0.173993,0.6224954128265381,9
letrecog_tx,8,100,10,5,0.1803323367222683,0.162857,0.6224954128265381,10
letrecog_tx,8,100,10,5,0.1795735712651727,0.148981,0.6224954128265381,median
letrecog_tx,10,100,10,5,0.2051155174983955,0.155937,0.6224954128265381,1
letrecog_tx,10,100,10,5,0.1941897315216329,0.169929,0.6224954128265381,2
letrecog_tx,10,100,10,5,0.1958779505847222,0.232153,0.6224954128265381,3
letrecog_tx,10,100,10,5,0.2096799921728187,0.220024,0.6224954128265381,4
letrecog_tx,10,100,10,5,0.2021974583836474,0.181372,0.6224954128265381,5
letrecog_tx,10,100,10,5,0.2104371992889483,0.158945,0.6224954128265381,6
letrecog_tx,10,100,10,5,0.2163968565220348,0.198118,0.6224954128265381,7
letrecog_tx,10,100,10,5,0.2125239704294886,0.182965,0.6224954128265381,8
letrecog_tx,10,100,10,5,0.1967362523034686,0.279566,0.6224954128265381,9
letrecog_tx,10,100,10,5,0.2041331074594924,0.188422,0.6224954128265381,10
letrecog_tx,10,100,10,5,0.2051155174983955,0.155937,0.6224954128265381,median
letrecog_tx,16,100,10,5,0.2437389491734976,0.209319,0.6224954128265381,1
letrecog_tx,16,100,10,5,0.2493076754146865,0.218146,0.6224954128265381,2
letrecog_tx,16,100,10,5,0.2575155526796696,0.189277,0.6224954128265381,3
letrecog_tx,16,100,10,5,0.2398855099721946,0.18497,0.6224954128265381,4
letrecog_tx,16,100,10,5,0.2471393661854959,0.224488,0.6224954128265381,5
letrecog_tx,16,100,10,5,0.2484964024567449,0.247848,0.6224954128265381,6
letrecog_tx,16,100,10,5,0.2490914026427989,0.199156,0.6224954128265381,7
letrecog_tx,16,100,10,5,0.2425434207251743,0.210562,0.6224954128265381,8
letrecog_tx,16,100,10,5,0.2402732325323137,0.202197,0.6224954128265381,9
letrecog_tx,16,100,10,5,0.2372641373716125,0.236078,0.6224954128265381,10
letrecog_tx,16,100,10,5,0.2437389491734976,0.209319,0.6224954128265381,median
letrecog_tx,20,100,10,5,0.2506663284033559,0.217027,0.6224954128265381,1
letrecog_tx,20,100,10,5,0.2575704079196845,0.203834,0.6224954128265381,2
letrecog_tx,20,100,10,5,0.2651187421396853,0.200419,0.6224954128265381,3
letrecog_tx,20,100,10,5,0.2638332709405433,0.234513,0.6224954128265381,4
letrecog_tx,20,100,10,5,0.2610503129158568,0.229228,0.6224954128265381,5
letrecog_tx,20,100,10,5,0.2555384731174828,0.191835,0.6224954128265381,6
letrecog_tx,20,100,10,5,0.256487389030508,0.250869,0.6224954128265381,7
letrecog_tx,20,100,10,5,0.2639766464939102,0.242318,0.6224954128265381,8
letrecog_tx,20,100,10,5,0.261455897109779,0.203229,0.6224954128265381,9
letrecog_tx,20,100,10,5,0.2766937884720608,0.244627,0.6224954128265381,10
letrecog_tx,20,100,10,5,0.261455897109779,0.203229,0.6224954128265381,median
letrecog_tx,50,100,10,5,0.3531168628387939,0.295033,0.6224954128265381,1
letrecog_tx,50,100,10,5,0.3521944263386247,0.368705,0.6224954128265381,2
letrecog_tx,50,100,10,5,0.3502146284300721,0.257103,0.6224954128265381,3
letrecog_tx,50,100,10,5,0.3611759719924547,0.375239,0.6224954128265381,4
letrecog_tx,50,100,10,5,0.3590174896004822,0.469003,0.6224954128265381,5
letrecog_tx,50,100,10,5,0.3545392838512889,0.296895,0.6224954128265381,6
letrecog_tx,50,100,10,5,0.3374986357001995,0.313106,0.6224954128265381,7
letrecog_tx,50,100,10,5,0.3420856754247825,0.391457,0.6224954128265381,8
letrecog_tx,50,100,10,5,0.3446562832356781,0.369869,0.6224954128265381,9
letrecog_tx,50,100,10,5,0.3530882823614334,0.29977,0.6224954128265381,10
letrecog_tx,50,100,10,5,0.3521944263386247,0.368705,0.6224954128265381,median
letrecog_tx,100,100,10,5,0.3951089999937579,0.515058,0.6224954128265381,1
letrecog_tx,100,100,10,5,0.3981391699759583,0.497453,0.6224954128265381,2
letrecog_tx,100,100,10,5,0.385430404182058,0.497716,0.6224954128265381,3
letrecog_tx,100,100,10,5,0.4039186742186628,0.468974,0.6224954128265381,4
letrecog_tx,100,100,10,5,0.4007914893974157,0.481255,0.6224954128265381,5
letrecog_tx,100,100,10,5,0.3971978543549432,0.488637,0.6224954128265381,6
letrecog_tx,100,100,10,5,0.3994969673497098,0.523068,0.6224954128265381,7
letrecog_tx,100,100,10,5,0.3952917211860967,0.519831,0.6224954128265381,8
letrecog_tx,100,100,10,5,0.3953913954171533,0.481193,0.6224954128265381,9
letrecog_tx,100,100,10,5,0.3968814877911552,0.564985,0.6224954128265381,10
letrecog_tx,100,100,10,5,0.3971978543549432,0.488637,0.6224954128265381,median
letrecog_tx,2,100,10,10,0.0146091744174668,0.120018,1.3485639095306396,1
letrecog_tx,2,100,10,10,0.0140529862991732,0.125645,1.3485639095306396,2
letrecog_tx,2,100,10,10,0.0140247642819591,0.129967,1.3485639095306396,3
letrecog_tx,2,100,10,10,0.0140247642819591,0.14622,1.3485639095306396,4
letrecog_tx,2,100,10,10,0.0140529862991732,0.129216,1.3485639095306396,5
letrecog_tx,2,100,10,10,0.0140529862991732,0.142604,1.3485639095306396,6
letrecog_tx,2,100,10,10,0.0146091744174668,0.126802,1.3485639095306396,7
letrecog_tx,2,100,10,10,0.0140247642819591,0.132093,1.3485639095306396,8
letrecog_tx,2,100,10,10,0.0140529862991732,0.14863,1.3485639095306396,9
letrecog_tx,2,100,10,10,0.0140247642819591,0.133294,1.3485639095306396,10
letrecog_tx,2,100,10,10,0.0140529862991732,0.125645,1.3485639095306396,median
letrecog_tx,4,100,10,10,0.1166100430286125,0.184465,1.3485639095306396,1
letrecog_tx,4,100,10,10,0.1116591662947601,0.181958,1.3485639095306396,2
letrecog_tx,4,100,10,10,0.0667475642927047,0.161509,1.3485639095306396,3
letrecog_tx,4,100,10,10,0.1224302576847212,0.174072,1.3485639095306396,4
letrecog_tx,4,100,10,10,0.1082407719258861,0.136883,1.3485639095306396,5
letrecog_tx,4,100,10,10,0.1114997031818462,0.160574,1.3485639095306396,6
letrecog_tx,4,100,10,10,0.1246432152176116,0.154309,1.3485639095306396,7
letrecog_tx,4,100,10,10,0.1117073546848009,0.142668,1.3485639095306396,8
letrecog_tx,4,100,10,10,0.1053844155326715,0.15702,1.3485639095306396,9
letrecog_tx,4,100,10,10,0.1115129980669734,0.194344,1.3485639095306396,10
letrecog_tx,4,100,10,10,0.1116591662947601,0.181958,1.3485639095306396,median
letrecog_tx,8,100,10,10,0.1591788160961992,0.174869,1.3485639095306396,1
letrecog_tx,8,100,10,10,0.1965456443191307,0.211918,1.3485639095306396,2
letrecog_tx,8,100,10,10,0.1801634021416382,0.186202,1.3485639095306396,3
letrecog_tx,8,100,10,10,0.1799413266607455,0.18552,1.3485639095306396,4
letrecog_tx,8,100,10,10,0.170385009698316,0.162788,1.3485639095306396,5
letrecog_tx,8,100,10,10,0.1782111323074248,0.198772,1.3485639095306396,6
letrecog_tx,8,100,10,10,0.200803076048459,0.18285,1.3485639095306396,7
letrecog_tx,8,100,10,10,0.180602030898259,0.163608,1.3485639095306396,8
letrecog_tx,8,100,10,10,0.1786247966220501,0.153688,1.3485639095306396,9
letrecog_tx,8,100,10,10,0.1789349782230296,0.177594,1.3485639095306396,10
letrecog_tx,8,100,10,10,0.1799413266607455,0.18552,1.3485639095306396,median
letrecog_tx,10,100,10,10,0.1901442146637032,0.175311,1.3485639095306396,1
letrecog_tx,10,100,10,10,0.2036792587913205,0.184124,1.3485639095306396,2
letrecog_tx,10,100,10,10,0.2231709590930626,0.22303,1.3485639095306396,3
letrecog_tx,10,100,10,10,0.2083673866034041,0.18991,1.3485639095306396,4
letrecog_tx,10,100,10,10,0.2057450178189272,0.207005,1.3485639095306396,5
letrecog_tx,10,100,10,10,0.2062044932934685,0.206241,1.3485639095306396,6
letrecog_tx,10,100,10,10,0.2025232350726363,0.159974,1.3485639095306396,7
letrecog_tx,10,100,10,10,0.2066362318757977,0.174631,1.3485639095306396,8
letrecog_tx,10,100,10,10,0.2238359218348249,0.175537,1.3485639095306396,9
letrecog_tx,10,100,10,10,0.1966659810320373,0.195296,1.3485639095306396,10
letrecog_tx,10,100,10,10,0.2057450178189272,0.207005,1.3485639095306396,median
letrecog_tx,16,100,10,10,0.247108788563633,0.199905,1.3485639095306396,1
letrecog_tx,16,100,10,10,0.2434544377408463,0.185362,1.3485639095306396,2
letrecog_tx,16,100,10,10,0.26038371911182,0.209241,1.3485639095306396,3
letrecog_tx,16,100,10,10,0.2600228099004356,0.213581,1.3485639095306396,4
letrecog_tx,16,100,10,10,0.2509338022380994,0.211765,1.3485639095306396,5
letrecog_tx,16,100,10,10,0.247948161709963,0.207041,1.3485639095306396,6
letrecog_tx,16,100,10,10,0.2518247487430544,0.221365,1.3485639095306396,7
letrecog_tx,16,100,10,10,0.2444004361312487,0.197766,1.3485639095306396,8
letrecog_tx,16,100,10,10,0.2565200643259711,0.225815,1.3485639095306396,9
letrecog_tx,16,100,10,10,0.2548223242969636,0.196673,1.3485639095306396,10
letrecog_tx,16,100,10,10,0.2518247487430544,0.221365,1.3485639095306396,median
letrecog_tx,20,100,10,10,0.2521929102883555,0.196611,1.3485639095306396,1
letrecog_tx,20,100,10,10,0.2636186268890431,0.232152,1.3485639095306396,2
letrecog_tx,20,100,10,10,0.2681677213971112,0.236104,1.3485639095306396,3
letrecog_tx,20,100,10,10,0.2592121893019533,0.249976,1.3485639095306396,4
letrecog_tx,20,100,10,10,0.2701369875450287,0.233558,1.3485639095306396,5
letrecog_tx,20,100,10,10,0.2538699216280017,0.273835,1.3485639095306396,6
letrecog_tx,20,100,10,10,0.2703328113632934,0.234816,1.3485639095306396,7
letrecog_tx,20,100,10,10,0.262982004556351,0.256783,1.3485639095306396,8
letrecog_tx,20,100,10,10,0.2703356685637936,0.200832,1.3485639095306396,9
letrecog_tx,20,100,10,10,0.267483782360269,0.207217,1.3485639095306396,10
letrecog_tx,20,100,10,10,0.2636186268890431,0.232152,1.3485639095306396,median
letrecog_tx,50,100,10,10,0.3491936294472414,0.267509,1.3485639095306396,1
letrecog_tx,50,100,10,10,0.3549721674308806,0.33788,1.3485639095306396,2
letrecog_tx,50,100,10,10,0.3409788775189274,0.313057,1.3485639095306396,3
letrecog_tx,50,100,10,10,0.3353785410435296,0.368161,1.3485639095306396,4
letrecog_tx,50,100,10,10,0.3490731254123292,0.366554,1.3485639095306396,5
letrecog_tx,50,100,10,10,0.3505068498548959,0.371974,1.3485639095306396,6
letrecog_tx,50,100,10,10,0.3528635552229058,0.287143,1.3485639095306396,7
letrecog_tx,50,100,10,10,0.3541144313315162,0.299668,1.3485639095306396,8
letrecog_tx,50,100,10,10,0.3491396001513925,0.383123,1.3485639095306396,9
letrecog_tx,50,100,10,10,0.3526188958229455,0.280986,1.3485639095306396,10
letrecog_tx,50,100,10,10,0.3491936294472414,0.267509,1.3485639095306396,median
letrecog_tx,100,100,10,10,0.3951680405797855,0.426057,1.3485639095306396,1
letrecog_tx,100,100,10,10,0.3992641248088493,0.512955,1.3485639095306396,2
letrecog_tx,100,100,10,10,0.4021590062430818,0.483173,1.3485639095306396,3
letrecog_tx,100,100,10,10,0.4040115843635971,0.473087,1.3485639095306396,4
letrecog_tx,100,100,10,10,0.4049396810503491,0.496118,1.3485639095306396,5
letrecog_tx,100,100,10,10,0.4005184212664805,0.506533,1.3485639095306396,6
letrecog_tx,100,100,10,10,0.3960193444922819,0.511853,1.3485639095306396,7
letrecog_tx,100,100,10,10,0.3977653116154008,0.453022,1.3485639095306396,8
letrecog_tx,100,100,10,10,0.4021092975094306,0.565387,1.3485639095306396,9
letrecog_tx,100,100,10,10,0.4012118930215116,0.501979,1.3485639095306396,10
letrecog_tx,100,100,10,10,0.4005184212664805,0.506533,1.3485639095306396,median
letrecog_tx,2,100,10,20,0.0126377375752569,0.12534,2.6797382831573486,1
letrecog_tx,2,100,10,20,0.0126493554257127,0.129664,2.6797382831573486,2
letrecog_tx,2,100,10,20,0.0126377375752569,0.142811,2.6797382831573486,3
letrecog_tx,2,100,10,20,0.0126377375752569,0.13815,2.6797382831573486,4
letrecog_tx,2,100,10,20,0.0126493554257127,0.133929,2.6797382831573486,5
letrecog_tx,2,100,10,20,0.0126493554257127,0.129988,2.6797382831573486,6
letrecog_tx,2,100,10,20,0.0126377375752569,0.140021,2.6797382831573486,7
letrecog_tx,2,100,10,20,0.0125967942836171,0.153366,2.6797382831573486,8
letrecog_tx,2,100,10,20,0.0126493554257127,0.140642,2.6797382831573486,9
letrecog_tx,2,100,10,20,0.0126377375752569,0.138527,2.6797382831573486,10
letrecog_tx,2,100,10,20,0.0126377375752569,0.12534,2.6797382831573486,median
letrecog_tx,4,100,10,20,0.0577680982312461,0.20883,2.6797382831573486,1
letrecog_tx,4,100,10,20,0.0577680982312461,0.180831,2.6797382831573486,2
letrecog_tx,4,100,10,20,0.0901282436743525,0.166622,2.6797382831573486,3
letrecog_tx,4,100,10,20,0.0564511403306324,0.185008,2.6797382831573486,4
letrecog_tx,4,100,10,20,0.1130694289216083,0.149285,2.6797382831573486,5
letrecog_tx,4,100,10,20,0.0919548556388234,0.166254,2.6797382831573486,6
letrecog_tx,4,100,10,20,0.0919548556388234,0.224274,2.6797382831573486,7
letrecog_tx,4,100,10,20,0.0920924673054253,0.16311,2.6797382831573486,8
letrecog_tx,4,100,10,20,0.1113847767111478,0.163241,2.6797382831573486,9
letrecog_tx,4,100,10,20,0.1035703523025408,0.157687,2.6797382831573486,10
letrecog_tx,4,100,10,20,0.0919548556388234,0.166254,2.6797382831573486,median
letrecog_tx,8,100,10,20,0.1773175655314858,0.206428,2.6797382831573486,1
letrecog_tx,8,100,10,20,0.2136773772842327,0.165722,2.6797382831573486,2
letrecog_tx,8,100,10,20,0.1939013725128309,0.222538,2.6797382831573486,3
letrecog_tx,8,100,10,20,0.172065536548321,0.163673,2.6797382831573486,4
letrecog_tx,8,100,10,20,0.1948101714669422,0.212308,2.6797382831573486,5
letrecog_tx,8,100,10,20,0.1948431493352032,0.200731,2.6797382831573486,6
letrecog_tx,8,100,10,20,0.1754741604085265,0.176733,2.6797382831573486,7
letrecog_tx,8,100,10,20,0.1797590805926268,0.17735,2.6797382831573486,8
letrecog_tx,8,100,10,20,0.200512260243562,0.151328,2.6797382831573486,9
letrecog_tx,8,100,10,20,0.1926299391492827,0.188903,2.6797382831573486,10
letrecog_tx,8,100,10,20,0.1926299391492827,0.188903,2.6797382831573486,median
letrecog_tx,10,100,10,20,0.1977751605266385,0.165751,2.6797382831573486,1
letrecog_tx,10,100,10,20,0.2143070819912487,0.209395,2.6797382831573486,2
letrecog_tx,10,100,10,20,0.2143258485251431,0.214226,2.6797382831573486,3
letrecog_tx,10,100,10,20,0.2232908513240681,0.175204,2.6797382831573486,4
letrecog_tx,10,100,10,20,0.2045434886812711,0.202697,2.6797382831573486,5
letrecog_tx,10,100,10,20,0.2011051619563217,0.195442,2.6797382831573486,6
letrecog_tx,10,100,10,20,0.2106712806330436,0.207511,2.6797382831573486,7
letrecog_tx,10,100,10,20,0.202980631151549,0.195206,2.6797382831573486,8
letrecog_tx,10,100,10,20,0.2043428014346137,0.20321,2.6797382831573486,9
letrecog_tx,10,100,10,20,0.1992548000523998,0.168332,2.6797382831573486,10
letrecog_tx,10,100,10,20,0.2045434886812711,0.202697,2.6797382831573486,median
letrecog_tx,16,100,10,20,0.2403294742807648,0.250827,2.6797382831573486,1
letrecog_tx,16,100,10,20,0.2351574787646504,0.277208,2.6797382831573486,2
letrecog_tx,16,100,10,20,0.2475585491707414,0.187586,2.6797382831573486,3
letrecog_tx,16,100,10,20,0.2346501657910852,0.221902,2.6797382831573486,4
letrecog_tx,16,100,10,20,0.2430109096457134,0.237982,2.6797382831573486,5
letrecog_tx,16,100,10,20,0.2453295101644857,0.190966,2.6797382831573486,6
letrecog_tx,16,100,10,20,0.2484900827595724,0.260326,2.6797382831573486,7
letrecog_tx,16,100,10,20,0.2436038145521559,0.202791,2.6797382831573486,8
letrecog_tx,16,100,10,20,0.2456553146007935,0.197544,2.6797382831573486,9
letrecog_tx,16,100,10,20,0.2466934689763255,0.185457,2.6797382831573486,10
letrecog_tx,16,100,10,20,0.2436038145521559,0.202791,2.6797382831573486,median
letrecog_tx,20,100,10,20,0.2689384082052381,0.205385,2.6797382831573486,1
letrecog_tx,20,100,10,20,0.275022846694058,0.227876,2.6797382831573486,2
letrecog_tx,20,100,10,20,0.2568084418169665,0.223303,2.6797382831573486,3
letrecog_tx,20,100,10,20,0.2774817590772509,0.217777,2.6797382831573486,4
letrecog_tx,20,100,10,20,0.2581976138173243,0.209647,2.6797382831573486,5
letrecog_tx,20,100,10,20,0.26308685186376,0.197492,2.6797382831573486,6
letrecog_tx,20,100,10,20,0.2567078948762097,0.271478,2.6797382831573486,7
letrecog_tx,20,100,10,20,0.2669836058256523,0.194805,2.6797382831573486,8
letrecog_tx,20,100,10,20,0.2580956346917445,0.212592,2.6797382831573486,9
letrecog_tx,20,100,10,20,0.256437155762717,0.2123,2.6797382831573486,10
letrecog_tx,20,100,10,20,0.26308685186376,0.197492,2.6797382831573486,median
letrecog_tx,50,100,10,20,0.3560962590164873,0.274161,2.6797382831573486,1
letrecog_tx,50,100,10,20,0.3505017118106732,0.331777,2.6797382831573486,2
letrecog_tx,50,100,10,20,0.3548932060620821,0.32547,2.6797382831573486,3
letrecog_tx,50,100,10,20,0.3639082031320759,0.29093,2.6797382831573486,4
letrecog_tx,50,100,10,20,0.350232809733528,0.306423,2.6797382831573486,5
letrecog_tx,50,100,10,20,0.3587158368483306,0.309117,2.6797382831573486,6
letrecog_tx,50,100,10,20,0.3441122019004178,0.31208,2.6797382831573486,7
letrecog_tx,50,100,10,20,0.3517047519598353,0.344945,2.6797382831573486,8
letrecog_tx,50,100,10,20,0.3546169692950289,0.279851,2.6797382831573486,9
letrecog_tx,50,100,10,20,0.3608443538465682,0.311519,2.6797382831573486,10
letrecog_tx,50,100,10,20,0.3548932060620821,0.32547,2.6797382831573486,median
letrecog_tx,100,100,10,20,0.4012717806106812,0.440535,2.6797382831573486,1
letrecog_tx,100,100,10,20,0.392162405236748,0.493613,2.6797382831573486,2
letrecog_tx,100,100,10,20,0.4009737583232184,0.474492,2.6797382831573486,3
letrecog_tx,100,100,10,20,0.4007189760139008,0.462681,2.6797382831573486,4
letrecog_tx,100,100,10,20,0.4019371560465832,0.449983,2.6797382831573486,5
letrecog_tx,100,100,10,20,0.397239177762935,0.458522,2.6797382831573486,6
letrecog_tx,100,100,10,20,0.3952022518236693,0.555707,2.6797382831573486,7
letrecog_tx,100,100,10,20,0.4100097858299159,0.48534,2.6797382831573486,8
letrecog_tx,100,100,10,20,0.4014149891094478,0.488404,2.6797382831573486,9
letrecog_tx,100,100,10,20,0.4026260240956781,0.534321,2.6797382831573486,10
letrecog_tx,100,100,10,20,0.4009737583232184,0.474492,2.6797382831573486,median
letrecog_tx,2,200,10,5,0.0146632218243211,0.149034,0.9759957790374756,1
letrecog_tx,2,200,10,5,0.0147767351643503,0.132737,0.9759957790374756,2
letrecog_tx,2,200,10,5,0.0147800745941124,0.159959,0.9759957790374756,3
letrecog_tx,2,200,10,5,0.0146632218243211,0.161793,0.9759957790374756,4
letrecog_tx,2,200,10,5,0.0147832016037974,0.158135,0.9759957790374756,5
letrecog_tx,2,200,10,5,0.0146632218243211,0.179814,0.9759957790374756,6
letrecog_tx,2,200,10,5,0.0147832016037974,0.160677,0.9759957790374756,7
letrecog_tx,2,200,10,5,0.0146632218243211,0.174668,0.9759957790374756,8
letrecog_tx,2,200,10,5,0.0147832016037974,0.171412,0.9759957790374756,9
letrecog_tx,2,200,10,5,0.0147832016037974,0.170327,0.9759957790374756,10
letrecog_tx,2,200,10,5,0.0147767351643503,0.132737,0.9759957790374756,median
letrecog_tx,4,200,10,5,0.0676838728072433,0.222354,0.9759957790374756,1
letrecog_tx,4,200,10,5,0.0929846085130744,0.187784,0.9759957790374756,2
letrecog_tx,4,200,10,5,0.1017500417483808,0.228576,0.9759957790374756,3
letrecog_tx,4,200,10,5,0.1021836569950412,0.227554,0.9759957790374756,4
letrecog_tx,4,200,10,5,0.1181800124518547,0.244604,0.9759957790374756,5
letrecog_tx,4,200,10,5,0.1154589606988025,0.158945,0.9759957790374756,6
letrecog_tx,4,200,10,5,0.1249442140632627,0.195512,0.9759957790374756,7
letrecog_tx,4,200,10,5,0.096572931603433,0.175643,0.9759957790374756,8
letrecog_tx,4,200,10,5,0.1172470494793273,0.192363,0.9759957790374756,9
letrecog_tx,4,200,10,5,0.1021565715224967,0.251737,0.9759957790374756,10
letrecog_tx,4,200,10,5,0.1021565715224967,0.251737,0.9759957790374756,median
letrecog_tx,8,200,10,5,0.2064307284610901,0.206216,0.9759957790374756,1
letrecog_tx,8,200,10,5,0.182342634268849,0.268576,0.9759957790374756,2
letrecog_tx,8,200,10,5,0.1950452556739924,0.209029,0.9759957790374756,3
letrecog_tx,8,200,10,5,0.2000021741343189,0.240888,0.9759957790374756,4
letrecog_tx,8,200,10,5,0.1781132441798391,0.191833,0.9759957790374756,5
letrecog_tx,8,200,10,5,0.181791859717406,0.194351,0.9759957790374756,6
letrecog_tx,8,200,10,5,0.2007832813638211,0.219925,0.9759957790374756,7
letrecog_tx,8,200,10,5,0.1828178778777594,0.245238,0.9759957790374756,8
letrecog_tx,8,200,10,5,0.1814797386082985,0.264945,0.9759957790374756,9
letrecog_tx,8,200,10,5,0.197493167881898,0.253487,0.9759957790374756,10
letrecog_tx,8,200,10,5,0.1828178778777594,0.245238,0.9759957790374756,median
letrecog_tx,10,200,10,5,0.197983344870665,0.301118,0.9759957790374756,1
letrecog_tx,10,200,10,5,0.1938182512237612,0.310687,0.9759957790374756,2
letrecog_tx,10,200,10,5,0.207357011124057,0.257706,0.9759957790374756,3
letrecog_tx,10,200,10,5,0.204586280615679,0.245769,0.9759957790374756,4
letrecog_tx,10,200,10,5,0.2023821833978008,0.230292,0.9759957790374756,5
letrecog_tx,10,200,10,5,0.217335685498922,0.275378,0.9759957790374756,6
letrecog_tx,10,200,10,5,0.2062515422044707,0.211837,0.9759957790374756,7
letrecog_tx,10,200,10,5,0.2058682892754036,0.298417,0.9759957790374756,8
letrecog_tx,10,200,10,5,0.2089990149286484,0.287632,0.9759957790374756,9
letrecog_tx,10,200,10,5,0.2154386982343266,0.403872,0.9759957790374756,10
letrecog_tx,10,200,10,5,0.2062515422044707,0.211837,0.9759957790374756,median
letrecog_tx,16,200,10,5,0.2420804246091535,0.253333,0.9759957790374756,1
letrecog_tx,16,200,10,5,0.2395895783049229,0.235961,0.9759957790374756,2
letrecog_tx,16,200,10,5,0.2685262451660012,0.287418,0.9759957790374756,3
letrecog_tx,16,200,10,5,0.2544796932747897,0.264452,0.9759957790374756,4
letrecog_tx,16,200,10,5,0.2540162540728618,0.244223,0.9759957790374756,5
letrecog_tx,16,200,10,5,0.2490866330541276,0.293354,0.9759957790374756,6
letrecog_tx,16,200,10,5,0.2463925189354124,0.276077,0.9759957790374756,7
letrecog_tx,16,200,10,5,0.2481496005074628,0.331192,0.9759957790374756,8
letrecog_tx,16,200,10,5,0.2458312300258691,0.271262,0.9759957790374756,9
letrecog_tx,16,200,10,5,0.2547615765250428,0.300783,0.9759957790374756,10
letrecog_tx,16,200,10,5,0.2490866330541276,0.293354,0.9759957790374756,median
letrecog_tx,20,200,10,5,0.2729240610144527,0.285181,0.9759957790374756,1
letrecog_tx,20,200,10,5,0.2729845959962192,0.303903,0.9759957790374756,2
letrecog_tx,20,200,10,5,0.2700719316013278,0.328586,0.9759957790374756,3
letrecog_tx,20,200,10,5,0.2579745669550247,0.364676,0.9759957790374756,4
letrecog_tx,20,200,10,5,0.2755377685058063,0.551564,0.9759957790374756,5
letrecog_tx,20,200,10,5,0.274445915681862,0.327363,0.9759957790374756,6
letrecog_tx,20,200,10,5,0.275001937257666,0.483189,0.9759957790374756,7
letrecog_tx,20,200,10,5,0.2812299130152666,0.321468,0.9759957790374756,8
letrecog_tx,20,200,10,5,0.2789060921178559,0.28618,0.9759957790374756,9
letrecog_tx,20,200,10,5,0.2615947071455997,0.423361,0.9759957790374756,10
letrecog_tx,20,200,10,5,0.274445915681862,0.327363,0.9759957790374756,median
letrecog_tx,50,200,10,5,0.3568925668103417,0.704316,0.9759957790374756,1
letrecog_tx,50,200,10,5,0.3493449344368102,0.530295,0.9759957790374756,2
letrecog_tx,50,200,10,5,0.3491829866710768,0.489872,0.9759957790374756,3
letrecog_tx,50,200,10,5,0.3564409410865504,0.442413,0.9759957790374756,4
letrecog_tx,50,200,10,5,0.3562344453649115,0.626491,0.9759957790374756,5
letrecog_tx,50,200,10,5,0.3646536604608101,0.567037,0.9759957790374756,6
letrecog_tx,50,200,10,5,0.3549114915625828,0.456718,0.9759957790374756,7
letrecog_tx,50,200,10,5,0.3589731074730278,0.660536,0.9759957790374756,8
letrecog_tx,50,200,10,5,0.3533565443509989,0.503125,0.9759957790374756,9
letrecog_tx,50,200,10,5,0.3624034088498589,0.566408,0.9759957790374756,10
letrecog_tx,50,200,10,5,0.3562344453649115,0.626491,0.9759957790374756,median
letrecog_tx,100,200,10,5,0.4051361758444281,0.874786,0.9759957790374756,1
letrecog_tx,100,200,10,5,0.4010719698986191,0.830828,0.9759957790374756,2
letrecog_tx,100,200,10,5,0.3977824082080065,0.951344,0.9759957790374756,3
letrecog_tx,100,200,10,5,0.4050083240270756,0.832827,0.9759957790374756,4
letrecog_tx,100,200,10,5,0.4030360746856588,0.934491,0.9759957790374756,5
letrecog_tx,100,200,10,5,0.4062732416033298,0.851862,0.9759957790374756,6
letrecog_tx,100,200,10,5,0.4016892991595825,0.817712,0.9759957790374756,7
letrecog_tx,100,200,10,5,0.402089686089888,0.979689,0.9759957790374756,8
letrecog_tx,100,200,10,5,0.3955550230737995,0.8683,0.9759957790374756,9
letrecog_tx,100,200,10,5,0.402328291851146,0.88274,0.9759957790374756,10
letrecog_tx,100,200,10,5,0.402328291851146,0.88274,0.9759957790374756,median
letrecog_tx,2,200,10,10,0.0134569741541054,0.162917,1.8871307373046875,1
letrecog_tx,2,200,10,10,0.0134045199108138,0.150248,1.8871307373046875,2
letrecog_tx,2,200,10,10,0.0134569741541054,0.154389,1.8871307373046875,3
letrecog_tx,2,200,10,10,0.0134045199108138,0.154517,1.8871307373046875,4
letrecog_tx,2,200,10,10,0.0134045199108138,0.161505,1.8871307373046875,5
letrecog_tx,2,200,10,10,0.0134569741541054,0.185618,1.8871307373046875,6
letrecog_tx,2,200,10,10,0.0134569741541054,0.166613,1.8871307373046875,7
letrecog_tx,2,200,10,10,0.0134045199108138,0.173817,1.8871307373046875,8
letrecog_tx,2,200,10,10,0.0134569741541054,0.173233,1.8871307373046875,9
letrecog_tx,2,200,10,10,0.0134045199108138,0.154515,1.8871307373046875,10
letrecog_tx,2,200,10,10,0.0134569741541054,0.162917,1.8871307373046875,median
letrecog_tx,4,200,10,10,0.1017293937579593,0.238732,1.8871307373046875,1
letrecog_tx,4,200,10,10,0.1072117043655688,0.186388,1.8871307373046875,2
letrecog_tx,4,200,10,10,0.1091220238325045,0.202045,1.8871307373046875,3
letrecog_tx,4,200,10,10,0.1127464323503081,0.21446,1.8871307373046875,4
letrecog_tx,4,200,10,10,0.1017145597216944,0.295492,1.8871307373046875,5
letrecog_tx,4,200,10,10,0.1139964633433766,0.204378,1.8871307373046875,6
letrecog_tx,4,200,10,10,0.1034968263268224,0.209686,1.8871307373046875,7
letrecog_tx,4,200,10,10,0.1035017806538735,0.212366,1.8871307373046875,8
letrecog_tx,4,200,10,10,0.1086776302335056,0.163042,1.8871307373046875,9
letrecog_tx,4,200,10,10,0.1032260124285232,0.236412,1.8871307373046875,10
letrecog_tx,4,200,10,10,0.1035017806538735,0.212366,1.8871307373046875,median
letrecog_tx,8,200,10,10,0.1774024648519442,0.419439,1.8871307373046875,1
letrecog_tx,8,200,10,10,0.1672419507372478,0.315591,1.8871307373046875,2
letrecog_tx,8,200,10,10,0.1693532908953366,0.256158,1.8871307373046875,3
letrecog_tx,8,200,10,10,0.1876565184806906,0.271875,1.8871307373046875,4
letrecog_tx,8,200,10,10,0.1759323562061256,0.226437,1.8871307373046875,5
letrecog_tx,8,200,10,10,0.1706213764498429,0.281944,1.8871307373046875,6
letrecog_tx,8,200,10,10,0.2072812802812447,0.218478,1.8871307373046875,7
letrecog_tx,8,200,10,10,0.1741478782991279,0.301665,1.8871307373046875,8
letrecog_tx,8,200,10,10,0.2094540305396761,0.2565,1.8871307373046875,9
letrecog_tx,8,200,10,10,0.1759178553173672,0.275315,1.8871307373046875,10
letrecog_tx,8,200,10,10,0.1759323562061256,0.226437,1.8871307373046875,median
letrecog_tx,10,200,10,10,0.1999672364225124,0.257864,1.8871307373046875,1
letrecog_tx,10,200,10,10,0.2123901289268056,0.219613,1.8871307373046875,2
letrecog_tx,10,200,10,10,0.215404718776621,0.28977,1.8871307373046875,3
letrecog_tx,10,200,10,10,0.200879587787674,0.286011,1.8871307373046875,4
letrecog_tx,10,200,10,10,0.2053636556244164,0.224154,1.8871307373046875,5
letrecog_tx,10,200,10,10,0.2020738665782025,0.235114,1.8871307373046875,6
letrecog_tx,10,200,10,10,0.211260952145749,0.245173,1.8871307373046875,7
letrecog_tx,10,200,10,10,0.1919490573896347,0.339692,1.8871307373046875,8
letrecog_tx,10,200,10,10,0.1991978279049927,0.236384,1.8871307373046875,9
letrecog_tx,10,200,10,10,0.1848197730472443,0.23916,1.8871307373046875,10
letrecog_tx,10,200,10,10,0.200879587787674,0.286011,1.8871307373046875,median
letrecog_tx,16,200,10,10,0.2488956774944778,0.258482,1.8871307373046875,1
letrecog_tx,16,200,10,10,0.2460190755888803,0.309014,1.8871307373046875,2
letrecog_tx,16,200,10,10,0.2418635180166782,0.224289,1.8871307373046875,3
letrecog_tx,16,200,10,10,0.2590402091376834,0.282966,1.8871307373046875,4
letrecog_tx,16,200,10,10,0.2458862825042332,0.278741,1.8871307373046875,5
letrecog_tx,16,200,10,10,0.2397073829872336,0.276387,1.8871307373046875,6
letrecog_tx,16,200,10,10,0.2413856859752926,0.364184,1.8871307373046875,7
letrecog_tx,16,200,10,10,0.2356069357452361,0.286442,1.8871307373046875,8
letrecog_tx,16,200,10,10,0.2304139408519059,0.457457,1.8871307373046875,9
letrecog_tx,16,200,10,10,0.2443293627317199,0.341861,1.8871307373046875,10
letrecog_tx,16,200,10,10,0.2443293627317199,0.341861,1.8871307373046875,median
letrecog_tx,20,200,10,10,0.2535840082018816,0.308924,1.8871307373046875,1
letrecog_tx,20,200,10,10,0.2853018862540418,0.355488,1.8871307373046875,2
letrecog_tx,20,200,10,10,0.2690214285823798,0.342823,1.8871307373046875,3
letrecog_tx,20,200,10,10,0.2597388534358633,0.26128,1.8871307373046875,4
letrecog_tx,20,200,10,10,0.2625179463158252,0.351782,1.8871307373046875,5
letrecog_tx,20,200,10,10,0.2545766328221717,0.383724,1.8871307373046875,6
letrecog_tx,20,200,10,10,0.2798536231864164,0.308425,1.8871307373046875,7
letrecog_tx,20,200,10,10,0.2677056045303219,0.276852,1.8871307373046875,8
letrecog_tx,20,200,10,10,0.2708802624270773,0.295096,1.8871307373046875,9
letrecog_tx,20,200,10,10,0.2690057808428321,0.298706,1.8871307373046875,10
letrecog_tx,20,200,10,10,0.2677056045303219,0.276852,1.8871307373046875,median
letrecog_tx,50,200,10,10,0.3537954544603845,0.463091,1.8871307373046875,1
letrecog_tx,50,200,10,10,0.3471870970580926,0.553668,1.8871307373046875,2
letrecog_tx,50,200,10,10,0.3505295933884355,0.596621,1.8871307373046875,3
letrecog_tx,50,200,10,10,0.3518714071168319,0.519422,1.8871307373046875,4
letrecog_tx,50,200,10,10,0.3487221928636924,0.514885,1.8871307373046875,5
letrecog_tx,50,200,10,10,0.3571772031779187,0.493906,1.8871307373046875,6
letrecog_tx,50,200,10,10,0.3521131471209195,0.527414,1.8871307373046875,7
letrecog_tx,50,200,10,10,0.3455809810444674,0.462219,1.8871307373046875,8
letrecog_tx,50,200,10,10,0.3574008526103285,0.474487,1.8871307373046875,9
letrecog_tx,50,200,10,10,0.3553125291337462,0.65768,1.8871307373046875,10
letrecog_tx,50,200,10,10,0.3518714071168319,0.519422,1.8871307373046875,median
letrecog_tx,100,200,10,10,0.3970771191377457,0.868742,1.8871307373046875,1
letrecog_tx,100,200,10,10,0.4059610652033634,0.896738,1.8871307373046875,2
letrecog_tx,100,200,10,10,0.3992918756720153,0.930406,1.8871307373046875,3
letrecog_tx,100,200,10,10,0.3979911793632742,0.816589,1.8871307373046875,4
letrecog_tx,100,200,10,10,0.3943234914228135,0.810162,1.8871307373046875,5
letrecog_tx,100,200,10,10,0.4079515540389848,0.84928,1.8871307373046875,6
letrecog_tx,100,200,10,10,0.4008523292828214,1.022925,1.8871307373046875,7
letrecog_tx,100,200,10,10,0.4012604820291791,0.808279,1.8871307373046875,8
letrecog_tx,100,200,10,10,0.4016333955197608,0.958984,1.8871307373046875,9
letrecog_tx,100,200,10,10,0.4060228197165759,1.016106,1.8871307373046875,10
letrecog_tx,100,200,10,10,0.4008523292828214,1.022925,1.8871307373046875,median
letrecog_tx,2,200,10,20,0.013273940732674,0.150799,3.949400663375856,1
letrecog_tx,2,200,10,20,0.0128685646333145,0.14479,3.949400663375856,2
letrecog_tx,2,200,10,20,0.0128685646333145,0.154179,3.949400663375856,3
letrecog_tx,2,200,10,20,0.0128795216641707,0.1554,3.949400663375856,4
letrecog_tx,2,200,10,20,0.013273940732674,0.157081,3.949400663375856,5
letrecog_tx,2,200,10,20,0.013273940732674,0.172004,3.949400663375856,6
letrecog_tx,2,200,10,20,0.0128685646333145,0.165763,3.949400663375856,7
letrecog_tx,2,200,10,20,0.0128685646333145,0.171074,3.949400663375856,8
letrecog_tx,2,200,10,20,0.0132910102164644,0.160726,3.949400663375856,9
letrecog_tx,2,200,10,20,0.013273940732674,0.171845,3.949400663375856,10
letrecog_tx,2,200,10,20,0.0128795216641707,0.1554,3.949400663375856,median
letrecog_tx,4,200,10,20,0.1103391676505155,0.178255,3.949400663375856,1
letrecog_tx,4,200,10,20,0.1006916126728154,0.197365,3.949400663375856,2
letrecog_tx,4,200,10,20,0.1110480685479253,0.188255,3.949400663375856,3
letrecog_tx,4,200,10,20,0.1005814075525768,0.33401,3.949400663375856,4
letrecog_tx,4,200,10,20,0.1034089582781789,0.213717,3.949400663375856,5
letrecog_tx,4,200,10,20,0.1118562608440607,0.184909,3.949400663375856,6
letrecog_tx,4,200,10,20,0.1005767694123924,0.209326,3.949400663375856,7
letrecog_tx,4,200,10,20,0.1196721403562995,0.192181,3.949400663375856,8
letrecog_tx,4,200,10,20,0.1102979697116886,0.182968,3.949400663375856,9
letrecog_tx,4,200,10,20,0.1005767694123924,0.237643,3.949400663375856,10
letrecog_tx,4,200,10,20,0.1034089582781789,0.213717,3.949400663375856,median
letrecog_tx,8,200,10,20,0.1715330683496938,0.23972,3.949400663375856,1
letrecog_tx,8,200,10,20,0.1943345878127387,0.306303,3.949400663375856,2
letrecog_tx,8,200,10,20,0.1942233868269,0.218799,3.949400663375856,3
letrecog_tx,8,200,10,20,0.1822062772006027,0.289151,3.949400663375856,4
letrecog_tx,8,200,10,20,0.2172026489953391,0.230817,3.949400663375856,5
letrecog_tx,8,200,10,20,0.1550180482785113,0.286411,3.949400663375856,6
letrecog_tx,8,200,10,20,0.1793530123438633,0.2614,3.949400663375856,7
letrecog_tx,8,200,10,20,0.1748455438333734,0.234419,3.949400663375856,8
letrecog_tx,8,200,10,20,0.1766051167866207,0.273756,3.949400663375856,9
letrecog_tx,8,200,10,20,0.1947652497078333,0.316916,3.949400663375856,10
letrecog_tx,8,200,10,20,0.1793530123438633,0.2614,3.949400663375856,median
letrecog_tx,10,200,10,20,0.2021503156432293,0.278442,3.949400663375856,1
letrecog_tx,10,200,10,20,0.2069366591154298,0.278152,3.949400663375856,2
letrecog_tx,10,200,10,20,0.2072036701558003,0.299528,3.949400663375856,3
letrecog_tx,10,200,10,20,0.2249871251385454,0.262382,3.949400663375856,4
letrecog_tx,10,200,10,20,0.1885851033716711,0.252363,3.949400663375856,5
letrecog_tx,10,200,10,20,0.2145009049145703,0.328258,3.949400663375856,6
letrecog_tx,10,200,10,20,0.2109212368927673,0.317172,3.949400663375856,7
letrecog_tx,10,200,10,20,0.2026479060441611,0.253413,3.949400663375856,8
letrecog_tx,10,200,10,20,0.2033453724072961,0.220142,3.949400663375856,9
letrecog_tx,10,200,10,20,0.2239338619666926,0.304442,3.949400663375856,10
letrecog_tx,10,200,10,20,0.2069366591154298,0.278152,3.949400663375856,median
letrecog_tx,16,200,10,20,0.2544930294846929,0.361732,3.949400663375856,1
letrecog_tx,16,200,10,20,0.2500428006857654,0.285747,3.949400663375856,2
letrecog_tx,16,200,10,20,0.2577177959819586,0.285622,3.949400663375856,3
letrecog_tx,16,200,10,20,0.2515749336650433,0.294907,3.949400663375856,4
letrecog_tx,16,200,10,20,0.2516775877855,0.369364,3.949400663375856,5
letrecog_tx,16,200,10,20,0.2423396371578253,0.333559,3.949400663375856,6
letrecog_tx,16,200,10,20,0.2454235255047678,0.358721,3.949400663375856,7
letrecog_tx,16,200,10,20,0.2546336746179558,0.394327,3.949400663375856,8
letrecog_tx,16,200,10,20,0.253967477721363,0.342433,3.949400663375856,9
letrecog_tx,16,200,10,20,0.2469238475842877,0.301566,3.949400663375856,10
letrecog_tx,16,200,10,20,0.2515749336650433,0.294907,3.949400663375856,median
letrecog_tx,20,200,10,20,0.2613895496436621,0.308145,3.949400663375856,1
letrecog_tx,20,200,10,20,0.2712382610331943,0.37941,3.949400663375856,2
letrecog_tx,20,200,10,20,0.2675111559476885,0.269813,3.949400663375856,3
letrecog_tx,20,200,10,20,0.2734858443525991,0.527909,3.949400663375856,4
letrecog_tx,20,200,10,20,0.2763756321828614,0.327492,3.949400663375856,5
letrecog_tx,20,200,10,20,0.261276556353569,0.350432,3.949400663375856,6
letrecog_tx,20,200,10,20,0.2784807031360332,0.389182,3.949400663375856,7
letrecog_tx,20,200,10,20,0.2820587331592806,0.297832,3.949400663375856,8
letrecog_tx,20,200,10,20,0.2792353864288723,0.38008,3.949400663375856,9
letrecog_tx,20,200,10,20,0.2807031696513638,0.387535,3.949400663375856,10
letrecog_tx,20,200,10,20,0.2734858443525991,0.527909,3.949400663375856,median
letrecog_tx,50,200,10,20,0.3653113236591218,0.580329,3.949400663375856,1
letrecog_tx,50,200,10,20,0.3459436429845406,0.525614,3.949400663375856,2
letrecog_tx,50,200,10,20,0.3633552208464519,0.564301,3.949400663375856,3
letrecog_tx,50,200,10,20,0.3494727678428388,0.577567,3.949400663375856,4
letrecog_tx,50,200,10,20,0.349665743802819,0.459062,3.949400663375856,5
letrecog_tx,50,200,10,20,0.357274959864689,0.504847,3.949400663375856,6
letrecog_tx,50,200,10,20,0.350489612235023,0.459984,3.949400663375856,7
letrecog_tx,50,200,10,20,0.3504175717355751,0.601062,3.949400663375856,8
letrecog_tx,50,200,10,20,0.3526534757922808,0.473465,3.949400663375856,9
letrecog_tx,50,200,10,20,0.3562721171042411,0.524785,3.949400663375856,10
letrecog_tx,50,200,10,20,0.350489612235023,0.459984,3.949400663375856,median
letrecog_tx,100,200,10,20,0.4048563271981906,0.866062,3.949400663375856,1
letrecog_tx,100,200,10,20,0.4028219814230529,1.057333,3.949400663375856,2
letrecog_tx,100,200,10,20,0.4029890541892835,0.778499,3.949400663375856,3
letrecog_tx,100,200,10,20,0.3956257350806472,0.994395,3.949400663375856,4
letrecog_tx,100,200,10,20,0.3978448831575345,0.891456,3.949400663375856,5
letrecog_tx,100,200,10,20,0.3937295577549417,0.836351,3.949400663375856,6
letrecog_tx,100,200,10,20,0.3963861535514661,0.83252,3.949400663375856,7
letrecog_tx,100,200,10,20,0.4022723971550944,0.835285,3.949400663375856,8
letrecog_tx,100,200,10,20,0.390951985337617,0.970623,3.949400663375856,9
letrecog_tx,100,200,10,20,0.3998669594924834,0.911509,3.949400663375856,10
letrecog_tx,100,200,10,20,0.3978448831575345,0.891456,3.949400663375856,median
letrecog_tx,2,500,10,5,0.0132122375899854,0.207174,1.6685912609100342,1
letrecog_tx,2,500,10,5,0.0132122375899854,0.221051,1.6685912609100342,2
letrecog_tx,2,500,10,5,0.0132527914780625,0.264699,1.6685912609100342,3
letrecog_tx,2,500,10,5,0.0132122375899854,0.287199,1.6685912609100342,4
letrecog_tx,2,500,10,5,0.0132527914780625,0.260309,1.6685912609100342,5
letrecog_tx,2,500,10,5,0.0132527914780625,0.276564,1.6685912609100342,6
letrecog_tx,2,500,10,5,0.0132122375899854,0.268207,1.6685912609100342,7
letrecog_tx,2,500,10,5,0.0132527914780625,0.284123,1.6685912609100342,8
letrecog_tx,2,500,10,5,0.0132122375899854,0.28424,1.6685912609100342,9
letrecog_tx,2,500,10,5,0.0132122375899854,0.308606,1.6685912609100342,10
letrecog_tx,2,500,10,5,0.0132122375899854,0.207174,1.6685912609100342,median
letrecog_tx,4,500,10,5,0.1009223323777252,0.290318,1.6685912609100342,1
letrecog_tx,4,500,10,5,0.1021879438076266,0.396874,1.6685912609100342,2
letrecog_tx,4,500,10,5,0.1105315969527803,0.319201,1.6685912609100342,3
letrecog_tx,4,500,10,5,0.0920350177864412,0.549451,1.6685912609100342,4
letrecog_tx,4,500,10,5,0.1117719426679587,0.384745,1.6685912609100342,5
letrecog_tx,4,500,10,5,0.0910339929377027,0.356772,1.6685912609100342,6
letrecog_tx,4,500,10,5,0.0923818845880791,0.409726,1.6685912609100342,7
letrecog_tx,4,500,10,5,0.0923818845880791,0.493823,1.6685912609100342,8
letrecog_tx,4,500,10,5,0.1025050860861293,0.317101,1.6685912609100342,9
letrecog_tx,4,500,10,5,0.1009223323777252,0.322084,1.6685912609100342,10
letrecog_tx,4,500,10,5,0.1009223323777252,0.290318,1.6685912609100342,median
letrecog_tx,8,500,10,5,0.2026407014441573,0.453285,1.6685912609100342,1
letrecog_tx,8,500,10,5,0.1763006297442059,0.551635,1.6685912609100342,2
letrecog_tx,8,500,10,5,0.1952073927319186,0.500628,1.6685912609100342,3
letrecog_tx,8,500,10,5,0.1771787525247184,0.557628,1.6685912609100342,4
letrecog_tx,8,500,10,5,0.2025776631176208,0.526057,1.6685912609100342,5
letrecog_tx,8,500,10,5,0.177723770896946,0.548902,1.6685912609100342,6
letrecog_tx,8,500,10,5,0.1986292427659093,0.610867,1.6685912609100342,7
letrecog_tx,8,500,10,5,0.1756460552071277,0.502426,1.6685912609100342,8
letrecog_tx,8,500,10,5,0.1771851980710544,0.436718,1.6685912609100342,9
letrecog_tx,8,500,10,5,0.1753325574999325,0.373906,1.6685912609100342,10
letrecog_tx,8,500,10,5,0.177723770896946,0.548902,1.6685912609100342,median
letrecog_tx,10,500,10,5,0.192819889251307,0.41461,1.6685912609100342,1
letrecog_tx,10,500,10,5,0.2185425980568163,0.604929,1.6685912609100342,2
letrecog_tx,10,500,10,5,0.2065895704611626,0.513436,1.6685912609100342,3
letrecog_tx,10,500,10,5,0.1906908637286389,0.662028,1.6685912609100342,4
letrecog_tx,10,500,10,5,0.2194552588541287,0.623456,1.6685912609100342,5
letrecog_tx,10,500,10,5,0.1986188446164365,0.697754,1.6685912609100342,6
letrecog_tx,10,500,10,5,0.2147967177136532,0.46274,1.6685912609100342,7
letrecog_tx,10,500,10,5,0.2123652789888498,0.571311,1.6685912609100342,8
letrecog_tx,10,500,10,5,0.2116072504027981,0.602638,1.6685912609100342,9
letrecog_tx,10,500,10,5,0.2065690311666753,0.522168,1.6685912609100342,10
letrecog_tx,10,500,10,5,0.2065895704611626,0.513436,1.6685912609100342,median
letrecog_tx,16,500,10,5,0.2351579968862719,0.622107,1.6685912609100342,1
letrecog_tx,16,500,10,5,0.2594528435462073,0.675015,1.6685912609100342,2
letrecog_tx,16,500,10,5,0.2582685832483936,0.536572,1.6685912609100342,3
letrecog_tx,16,500,10,5,0.2332400864644532,0.613085,1.6685912609100342,4
letrecog_tx,16,500,10,5,0.251518346440724,0.725583,1.6685912609100342,5
letrecog_tx,16,500,10,5,0.2456836701402622,0.591697,1.6685912609100342,6
letrecog_tx,16,500,10,5,0.2580261936987866,0.962514,1.6685912609100342,7
letrecog_tx,16,500,10,5,0.2416384866821884,0.485396,1.6685912609100342,8
letrecog_tx,16,500,10,5,0.2349632768656328,0.606716,1.6685912609100342,9
letrecog_tx,16,500,10,5,0.2361505883468386,0.610019,1.6685912609100342,10
letrecog_tx,16,500,10,5,0.2456836701402622,0.591697,1.6685912609100342,median
letrecog_tx,20,500,10,5,0.2776864298044768,1.057651,1.6685912609100342,1
letrecog_tx,20,500,10,5,0.2617287561461156,0.667385,1.6685912609100342,2
letrecog_tx,20,500,10,5,0.2557105873239296,0.625531,1.6685912609100342,3
letrecog_tx,20,500,10,5,0.266443727287266,0.611407,1.6685912609100342,4
letrecog_tx,20,500,10,5,0.2902721148167825,0.897239,1.6685912609100342,5
letrecog_tx,20,500,10,5,0.2631795841588178,0.695717,1.6685912609100342,6
letrecog_tx,20,500,10,5,0.2577094514193133,0.695587,1.6685912609100342,7
letrecog_tx,20,500,10,5,0.269817806998498,0.682939,1.6685912609100342,8
letrecog_tx,20,500,10,5,0.2582235947507947,0.653631,1.6685912609100342,9
letrecog_tx,20,500,10,5,0.2694211437774605,1.177912,1.6685912609100342,10
letrecog_tx,20,500,10,5,0.266443727287266,0.611407,1.6685912609100342,median
letrecog_tx,50,500,10,5,0.3563471314674306,1.667672,1.6685912609100342,1
letrecog_tx,50,500,10,5,0.3514055183406753,1.040511,1.6685912609100342,2
letrecog_tx,50,500,10,5,0.3540084709657755,1.175587,1.6685912609100342,3
letrecog_tx,50,500,10,5,0.3520966926004077,1.174651,1.6685912609100342,4
letrecog_tx,50,500,10,5,0.345854488314287,0.958299,1.6685912609100342,5
letrecog_tx,50,500,10,5,0.3490264759423694,1.177775,1.6685912609100342,6
letrecog_tx,50,500,10,5,0.3517361794340709,1.082381,1.6685912609100342,7
letrecog_tx,50,500,10,5,0.3563677429687017,1.041828,1.6685912609100342,8
letrecog_tx,50,500,10,5,0.3482988855062243,1.037115,1.6685912609100342,9
letrecog_tx,50,500,10,5,0.3541397465551608,0.940337,1.6685912609100342,10
letrecog_tx,50,500,10,5,0.3517361794340709,1.082381,1.6685912609100342,median
letrecog_tx,100,500,10,5,0.399505450004766,2.040213,1.6685912609100342,1
letrecog_tx,100,500,10,5,0.3994955505398948,1.767293,1.6685912609100342,2
letrecog_tx,100,500,10,5,0.398437883795768,2.123571,1.6685912609100342,3
letrecog_tx,100,500,10,5,0.4001795803038285,1.804086,1.6685912609100342,4
letrecog_tx,100,500,10,5,0.3967543252565966,2.165726,1.6685912609100342,5
letrecog_tx,100,500,10,5,0.3976867415815605,1.860993,1.6685912609100342,6
letrecog_tx,100,500,10,5,0.3975514960600131,1.950006,1.6685912609100342,7
letrecog_tx,100,500,10,5,0.3977669653582599,2.417662,1.6685912609100342,8
letrecog_tx,100,500,10,5,0.4059670617807158,2.111209,1.6685912609100342,9
letrecog_tx,100,500,10,5,0.4005092390447553,2.06661,1.6685912609100342,10
letrecog_tx,100,500,10,5,0.398437883795768,2.123571,1.6685912609100342,median
letrecog_tx,2,500,10,10,0.0141379216628465,0.196839,3.482056140899658,1
letrecog_tx,2,500,10,10,0.0141379216628465,0.220784,3.482056140899658,2
letrecog_tx,2,500,10,10,0.0141379216628465,0.229812,3.482056140899658,3
letrecog_tx,2,500,10,10,0.0141379216628465,0.260707,3.482056140899658,4
letrecog_tx,2,500,10,10,0.0141379216628465,0.27748,3.482056140899658,5
letrecog_tx,2,500,10,10,0.0141379216628465,0.245645,3.482056140899658,6
letrecog_tx,2,500,10,10,0.0141379216628465,0.269939,3.482056140899658,7
letrecog_tx,2,500,10,10,0.0141379216628465,0.256991,3.482056140899658,8
letrecog_tx,2,500,10,10,0.0141379216628465,0.271137,3.482056140899658,9
letrecog_tx,2,500,10,10,0.0141379216628465,0.23392,3.482056140899658,10
letrecog_tx,2,500,10,10,0.0141379216628465,0.196839,3.482056140899658,median
letrecog_tx,4,500,10,10,0.0944311507966954,0.355711,3.482056140899658,1
letrecog_tx,4,500,10,10,0.1073014810767735,0.600762,3.482056140899658,2
letrecog_tx,4,500,10,10,0.1100761633157659,0.370993,3.482056140899658,3
letrecog_tx,4,500,10,10,0.0928260467288247,0.378106,3.482056140899658,4
letrecog_tx,4,500,10,10,0.1012587925817887,0.538366,3.482056140899658,5
letrecog_tx,4,500,10,10,0.1131065514090011,0.416481,3.482056140899658,6
letrecog_tx,4,500,10,10,0.1031052176031249,0.387964,3.482056140899658,7
letrecog_tx,4,500,10,10,0.1012587925817887,0.338376,3.482056140899658,8
letrecog_tx,4,500,10,10,0.0940347809852185,0.307409,3.482056140899658,9
letrecog_tx,4,500,10,10,0.1122632457883163,0.292058,3.482056140899658,10
letrecog_tx,4,500,10,10,0.1012587925817887,0.538366,3.482056140899658,median
letrecog_tx,8,500,10,10,0.1573460064289428,0.542528,3.482056140899658,1
letrecog_tx,8,500,10,10,0.1806004746775684,0.598091,3.482056140899658,2
letrecog_tx,8,500,10,10,0.1568273325022509,0.693051,3.482056140899658,3
letrecog_tx,8,500,10,10,0.1638473502007505,0.511306,3.482056140899658,4
letrecog_tx,8,500,10,10,0.1817300501276352,0.597358,3.482056140899658,5
letrecog_tx,8,500,10,10,0.17959417235854,0.483434,3.482056140899658,6
letrecog_tx,8,500,10,10,0.1796247128566091,0.759876,3.482056140899658,7
letrecog_tx,8,500,10,10,0.17959417235854,0.616051,3.482056140899658,8
letrecog_tx,8,500,10,10,0.2030343497394479,0.383231,3.482056140899658,9
letrecog_tx,8,500,10,10,0.180581886173951,0.518836,3.482056140899658,10
letrecog_tx,8,500,10,10,0.17959417235854,0.483434,3.482056140899658,median
letrecog_tx,10,500,10,10,0.2158185999647527,0.642258,3.482056140899658,1
letrecog_tx,10,500,10,10,0.2029685646533904,0.566075,3.482056140899658,2
letrecog_tx,10,500,10,10,0.1949999206802251,0.533997,3.482056140899658,3
letrecog_tx,10,500,10,10,0.2132151889123493,0.657761,3.482056140899658,4
letrecog_tx,10,500,10,10,0.2051683680792632,0.661223,3.482056140899658,5
letrecog_tx,10,500,10,10,0.2047881208930813,0.504288,3.482056140899658,6
letrecog_tx,10,500,10,10,0.2129319469837891,0.600136,3.482056140899658,7
letrecog_tx,10,500,10,10,0.2022089460920665,0.429269,3.482056140899658,8
letrecog_tx,10,500,10,10,0.1818060140411123,0.513727,3.482056140899658,9
letrecog_tx,10,500,10,10,0.1992025052367723,0.539096,3.482056140899658,10
letrecog_tx,10,500,10,10,0.2029685646533904,0.566075,3.482056140899658,median
letrecog_tx,16,500,10,10,0.2597045226665769,0.529976,3.482056140899658,1
letrecog_tx,16,500,10,10,0.2390496481624651,0.534597,3.482056140899658,2
letrecog_tx,16,500,10,10,0.2357994816675093,0.672282,3.482056140899658,3
letrecog_tx,16,500,10,10,0.2465628979931575,0.678133,3.482056140899658,4
letrecog_tx,16,500,10,10,0.2436223298344062,1.324539,3.482056140899658,5
letrecog_tx,16,500,10,10,0.2488819239029929,0.701211,3.482056140899658,6
letrecog_tx,16,500,10,10,0.2437382669959186,0.613805,3.482056140899658,7
letrecog_tx,16,500,10,10,0.238324317845302,0.616699,3.482056140899658,8
letrecog_tx,16,500,10,10,0.2495101159232381,0.658851,3.482056140899658,9
letrecog_tx,16,500,10,10,0.2544896102701728,0.620227,3.482056140899658,10
letrecog_tx,16,500,10,10,0.2465628979931575,0.678133,3.482056140899658,median
letrecog_tx,20,500,10,10,0.2705999087648569,0.586914,3.482056140899658,1
letrecog_tx,20,500,10,10,0.2464950883797033,0.591564,3.482056140899658,2
letrecog_tx,20,500,10,10,0.2601470956366016,0.790844,3.482056140899658,3
letrecog_tx,20,500,10,10,0.2779086795201285,0.857589,3.482056140899658,4
letrecog_tx,20,500,10,10,0.2638465033558787,0.69826,3.482056140899658,5
letrecog_tx,20,500,10,10,0.2918657902590746,0.509081,3.482056140899658,6
letrecog_tx,20,500,10,10,0.2597830210398016,0.63726,3.482056140899658,7
letrecog_tx,20,500,10,10,0.265591770279236,0.641352,3.482056140899658,8
letrecog_tx,20,500,10,10,0.2641291566461978,1.051986,3.482056140899658,9
letrecog_tx,20,500,10,10,0.2681589113935783,0.568201,3.482056140899658,10
letrecog_tx,20,500,10,10,0.2641291566461978,1.051986,3.482056140899658,median
letrecog_tx,50,500,10,10,0.359572998075812,1.333609,3.482056140899658,1
letrecog_tx,50,500,10,10,0.3441390934101437,1.49862,3.482056140899658,2
letrecog_tx,50,500,10,10,0.3579793180849387,1.002493,3.482056140899658,3
letrecog_tx,50,500,10,10,0.3617580769817565,1.066399,3.482056140899658,4
letrecog_tx,50,500,10,10,0.3507009956499712,1.011678,3.482056140899658,5
letrecog_tx,50,500,10,10,0.3515698572498649,1.034385,3.482056140899658,6
letrecog_tx,50,500,10,10,0.3550278598312053,1.368639,3.482056140899658,7
letrecog_tx,50,500,10,10,0.3558731529979676,1.329024,3.482056140899658,8
letrecog_tx,50,500,10,10,0.3572861703738587,1.307389,3.482056140899658,9
letrecog_tx,50,500,10,10,0.350424089252994,0.944211,3.482056140899658,10
letrecog_tx,50,500,10,10,0.3550278598312053,1.368639,3.482056140899658,median
letrecog_tx,100,500,10,10,0.4005160981758595,1.982519,3.482056140899658,1
letrecog_tx,100,500,10,10,0.3964337342117962,1.993098,3.482056140899658,2
letrecog_tx,100,500,10,10,0.3994238590529612,1.92826,3.482056140899658,3
letrecog_tx,100,500,10,10,0.3978848809195274,2.004003,3.482056140899658,4
letrecog_tx,100,500,10,10,0.3956990974860432,2.265349,3.482056140899658,5
letrecog_tx,100,500,10,10,0.4031257496609937,1.851248,3.482056140899658,6
letrecog_tx,100,500,10,10,0.396287420021097,2.191255,3.482056140899658,7
letrecog_tx,100,500,10,10,0.3935448173084566,1.916964,3.482056140899658,8
letrecog_tx,100,500,10,10,0.4036369870803156,2.67916,3.482056140899658,9
letrecog_tx,100,500,10,10,0.3974493316830036,1.946551,3.482056140899658,10
letrecog_tx,100,500,10,10,0.3978848809195274,2.004003,3.482056140899658,median
letrecog_tx,2,500,10,20,0.013216860711401905,0.172814,6.767655611038208,1
letrecog_tx,2,500,10,20,0.01321300837811853,0.271417,6.767655611038208,2
letrecog_tx,2,500,10,20,0.01321300837811853,0.28771,6.767655611038208,3
letrecog_tx,2,500,10,20,0.012815911757880752,0.274853,6.767655611038208,4
letrecog_tx,2,500,10,20,0.012815911757880752,0.254278,6.767655611038208,5
letrecog_tx,2,500,10,20,0.01321300837811853,0.301366,6.767655611038208,6
letrecog_tx,2,500,10,20,0.012815911757880752,0.26955,6.767655611038208,7
letrecog_tx,2,500,10,20,0.01321300837811853,0.277562,6.767655611038208,8
letrecog_tx,2,500,10,20,0.01321300837811853,0.270625,6.767655611038208,9
letrecog_tx,2,500,10,20,0.012815911757880752,0.287085,6.767655611038208,10
letrecog_tx,2,500,10,20,0.01321300837811853,0.271417,6.767655611038208,median
letrecog_tx,4,500,10,20,0.06701677668726044,0.397719,6.767655611038208,1
letrecog_tx,4,500,10,20,0.10432782151631124,0.345496,6.767655611038208,2
letrecog_tx,4,500,10,20,0.10962147656879906,0.300879,6.767655611038208,3
letrecog_tx,4,500,10,20,0.12033815650194292,0.346735,6.767655611038208,4
letrecog_tx,4,500,10,20,0.09320716697020527,0.319941,6.767655611038208,5
letrecog_tx,4,500,10,20,0.06679518393773161,0.332199,6.767655611038208,6
letrecog_tx,4,500,10,20,0.10364434396260076,0.438102,6.767655611038208,7
letrecog_tx,4,500,10,20,0.06619825429631179,0.322503,6.767655611038208,8
letrecog_tx,4,500,10,20,0.09450102682352864,0.395584,6.767655611038208,9
letrecog_tx,4,500,10,20,0.10995157872286421,0.346604,6.767655611038208,10
letrecog_tx,4,500,10,20,0.10364434396260076,0.438102,6.767655611038208,median
letrecog_tx,8,500,10,20,0.2059447834044944,0.494607,6.767655611038208,1
letrecog_tx,8,500,10,20,0.18145413390840087,0.487795,6.767655611038208,2
letrecog_tx,8,500,10,20,0.18953458955247984,0.57231,6.767655611038208,3
letrecog_tx,8,500,10,20,0.17006079270997998,0.413395,6.767655611038208,4
letrecog_tx,8,500,10,20,0.18667922284745883,0.415281,6.767655611038208,5
letrecog_tx,8,500,10,20,0.1807015497492212,0.642661,6.767655611038208,6
letrecog_tx,8,500,10,20,0.17969315519015888,0.476587,6.767655611038208,7
letrecog_tx,8,500,10,20,0.20084310611857414,0.435189,6.767655611038208,8
letrecog_tx,8,500,10,20,0.16261927319099526,0.3975,6.767655611038208,9
letrecog_tx,8,500,10,20,0.1849130114961384,0.563939,6.767655611038208,10
letrecog_tx,8,500,10,20,0.1849130114961384,0.563939,6.767655611038208,median
letrecog_tx,10,500,10,20,0.2146370550336096,0.777192,6.767655611038208,1
letrecog_tx,10,500,10,20,0.2265185991506191,0.532486,6.767655611038208,2
letrecog_tx,10,500,10,20,0.2094300402185343,0.613073,6.767655611038208,3
letrecog_tx,10,500,10,20,0.21235187789817317,0.429107,6.767655611038208,4
letrecog_tx,10,500,10,20,0.20229983040911775,0.588809,6.767655611038208,5
letrecog_tx,10,500,10,20,0.2068204858501956,0.524699,6.767655611038208,6
letrecog_tx,10,500,10,20,0.1965437576276879,0.430306,6.767655611038208,7
letrecog_tx,10,500,10,20,0.18534315094777726,0.597739,6.767655611038208,8
letrecog_tx,10,500,10,20,0.2011174477734874,0.493038,6.767655611038208,9
letrecog_tx,10,500,10,20,0.195570419115594,0.562556,6.767655611038208,10
letrecog_tx,10,500,10,20,0.20229983040911775,0.588809,6.767655611038208,median
letrecog_tx,16,500,10,20,0.24306903577340422,0.601172,6.767655611038208,1
letrecog_tx,16,500,10,20,0.24913444672826593,0.623735,6.767655611038208,2
letrecog_tx,16,500,10,20,0.2673932267968689,0.513418,6.767655611038208,3
letrecog_tx,16,500,10,20,0.25770529448873947,0.501545,6.767655611038208,4
letrecog_tx,16,500,10,20,0.24182067173581234,0.674211,6.767655611038208,5
letrecog_tx,16,500,10,20,0.24748860647982457,0.567196,6.767655611038208,6
letrecog_tx,16,500,10,20,0.25153599668369314,0.587509,6.767655611038208,7
letrecog_tx,16,500,10,20,0.2485807368289771,0.672713,6.767655611038208,8
letrecog_tx,16,500,10,20,0.2322563932013684,0.554405,6.767655611038208,9
letrecog_tx,16,500,10,20,0.2473168870770521,0.847324,6.767655611038208,10
letrecog_tx,16,500,10,20,0.2485807368289771,0.672713,6.767655611038208,median
letrecog_tx,20,500,10,20,0.2794065778595541,0.616644,6.767655611038208,1
letrecog_tx,20,500,10,20,0.27867859617806184,0.567306,6.767655611038208,2
letrecog_tx,20,500,10,20,0.27385880285776154,1.117258,6.767655611038208,3
letrecog_tx,20,500,10,20,0.2702475834578303,0.790372,6.767655611038208,4
letrecog_tx,20,500,10,20,0.26593150776718577,0.987857,6.767655611038208,5
letrecog_tx,20,500,10,20,0.25599006743453145,0.681077,6.767655611038208,6
letrecog_tx,20,500,10,20,0.27298962333632487,0.688254,6.767655611038208,7
letrecog_tx,20,500,10,20,0.26220927611194,0.791698,6.767655611038208,8
letrecog_tx,20,500,10,20,0.2732820001917861,0.57832,6.767655611038208,9
letrecog_tx,20,500,10,20,0.2664695520725225,0.550011,6.767655611038208,10
letrecog_tx,20,500,10,20,0.2702475834578303,0.790372,6.767655611038208,median
letrecog_tx,50,500,10,20,0.35310565706799574,1.170499,6.767655611038208,1
letrecog_tx,50,500,10,20,0.3604941606824568,1.212659,6.767655611038208,2
letrecog_tx,50,500,10,20,0.362503101067136,1.019346,6.767655611038208,3
letrecog_tx,50,500,10,20,0.3546084484103542,1.224941,6.767655611038208,4
letrecog_tx,50,500,10,20,0.343707489392295,1.151033,6.767655611038208,5
letrecog_tx,50,500,10,20,0.3559582164724771,1.469215,6.767655611038208,6
letrecog_tx,50,500,10,20,0.3511021842978769,1.196807,6.767655611038208,7
letrecog_tx,50,500,10,20,0.3556483598190324,1.183319,6.767655611038208,8
letrecog_tx,50,500,10,20,0.3474392662798444,1.173926,6.767655611038208,9
letrecog_tx,50,500,10,20,0.3494033995909979,0.968204,6.767655611038208,10
letrecog_tx,50,500,10,20,0.3546084484103542,1.224941,6.767655611038208,median
letrecog_tx,100,500,10,20,0.4008838593374564,1.870599,6.767655611038208,1
letrecog_tx,100,500,10,20,0.4001355371371809,1.690135,6.767655611038208,2
letrecog_tx,100,500,10,20,0.3903252093711953,2.398718,6.767655611038208,3
letrecog_tx,100,500,10,20,0.40127760966654413,2.278761,6.767655611038208,4
letrecog_tx,100,500,10,20,0.39986524174780647,2.102933,6.767655611038208,5
letrecog_tx,100,500,10,20,0.40167278747214774,2.020434,6.767655611038208,6
letrecog_tx,100,500,10,20,0.4080806017005364,1.929321,6.767655611038208,7
letrecog_tx,100,500,10,20,0.402355265006463,1.840907,6.767655611038208,8
letrecog_tx,100,500,10,20,0.408839353994187,2.204961,6.767655611038208,9
letrecog_tx,100,500,10,20,0.3909846090903724,2.247659,6.767655611038208,10
letrecog_tx,100,500,10,20,0.4008838593374564,1.870599,6.767655611038208,median
