file,n_clusters,vector_size,window,epochs,NMI,running_time,training_time,iteration
adult_tx,2,50,5,5,0.1451882063918698,0.151921,0.58282470703125,1
adult_tx,2,50,5,5,0.1451882063918698,0.131117,0.58282470703125,2
adult_tx,2,50,5,5,0.1451882063918698,0.140271,0.58282470703125,3
adult_tx,2,50,5,5,0.1451882063918698,0.167015,0.58282470703125,4
adult_tx,2,50,5,5,0.1451882063918698,0.133119,0.58282470703125,5
adult_tx,2,50,5,5,0.1451882063918698,0.137067,0.58282470703125,6
adult_tx,2,50,5,5,0.1451882063918698,0.154171,0.58282470703125,7
adult_tx,2,50,5,5,0.1451882063918698,0.149203,0.58282470703125,8
adult_tx,2,50,5,5,0.1451882063918698,0.162404,0.58282470703125,9
adult_tx,2,50,5,5,3.9446241656180135e-05,0.15665,0.58282470703125,10
adult_tx,2,50,5,5,0.1451882063918698,0.140271,0.58282470703125,median
adult_tx,4,50,5,5,0.1376804251606631,0.145145,0.58282470703125,1
adult_tx,4,50,5,5,0.1072452169730673,0.145115,0.58282470703125,2
adult_tx,4,50,5,5,0.1396063249987285,0.155182,0.58282470703125,3
adult_tx,4,50,5,5,0.093138303213374,0.170902,0.58282470703125,4
adult_tx,4,50,5,5,0.1072452169730673,0.143573,0.58282470703125,5
adult_tx,4,50,5,5,0.1376804251606631,0.163754,0.58282470703125,6
adult_tx,4,50,5,5,0.1182912878482739,0.146871,0.58282470703125,7
adult_tx,4,50,5,5,0.1376804251606631,0.141941,0.58282470703125,8
adult_tx,4,50,5,5,0.1376804251606631,0.139547,0.58282470703125,9
adult_tx,4,50,5,5,0.1072452169730673,0.129104,0.58282470703125,10
adult_tx,4,50,5,5,0.1182912878482739,0.146871,0.58282470703125,median
adult_tx,8,50,5,5,0.1164367120084241,0.187235,0.58282470703125,1
adult_tx,8,50,5,5,0.103931525468713,0.164573,0.58282470703125,2
adult_tx,8,50,5,5,0.1147754592156392,0.166948,0.58282470703125,3
adult_tx,8,50,5,5,0.1080372512282635,0.176375,0.58282470703125,4
adult_tx,8,50,5,5,0.1071915146894585,0.162994,0.58282470703125,5
adult_tx,8,50,5,5,0.1086745881013215,0.176277,0.58282470703125,6
adult_tx,8,50,5,5,0.119161331791844,0.188277,0.58282470703125,7
adult_tx,8,50,5,5,0.1173598780994089,0.19166,0.58282470703125,8
adult_tx,8,50,5,5,0.1246319463652678,0.17187,0.58282470703125,9
adult_tx,8,50,5,5,0.11280210972966,0.202413,0.58282470703125,10
adult_tx,8,50,5,5,0.1147754592156392,0.166948,0.58282470703125,median
adult_tx,10,50,5,5,0.1070153993103426,0.178267,0.58282470703125,1
adult_tx,10,50,5,5,0.1017946736133166,0.21518,0.58282470703125,2
adult_tx,10,50,5,5,0.1009429159118822,0.209926,0.58282470703125,3
adult_tx,10,50,5,5,0.1086203417319621,0.255839,0.58282470703125,4
adult_tx,10,50,5,5,0.1119738244263562,0.219856,0.58282470703125,5
adult_tx,10,50,5,5,0.097639876454887,0.248065,0.58282470703125,6
adult_tx,10,50,5,5,0.1176986739738478,0.211137,0.58282470703125,7
adult_tx,10,50,5,5,0.106644248546859,0.184456,0.58282470703125,8
adult_tx,10,50,5,5,0.1070246460407794,0.194172,0.58282470703125,9
adult_tx,10,50,5,5,0.1179153682468341,0.186781,0.58282470703125,10
adult_tx,10,50,5,5,0.1070246460407794,0.194172,0.58282470703125,median
adult_tx,16,50,5,5,0.0963820629520286,0.187299,0.58282470703125,1
adult_tx,16,50,5,5,0.1143229745954915,0.20101,0.58282470703125,2
adult_tx,16,50,5,5,0.1069561850119715,0.195346,0.58282470703125,3
adult_tx,16,50,5,5,0.1032840871176627,0.196808,0.58282470703125,4
adult_tx,16,50,5,5,0.1119592555860628,0.202758,0.58282470703125,5
adult_tx,16,50,5,5,0.097481816099013,0.212642,0.58282470703125,6
adult_tx,16,50,5,5,0.1091516108445293,0.19892,0.58282470703125,7
adult_tx,16,50,5,5,0.1075419312319839,0.291547,0.58282470703125,8
adult_tx,16,50,5,5,0.0994650330464735,0.267923,0.58282470703125,9
adult_tx,16,50,5,5,0.1009757470473775,0.238033,0.58282470703125,10
adult_tx,16,50,5,5,0.1069561850119715,0.195346,0.58282470703125,median
adult_tx,20,50,5,5,0.1042196908998776,0.258236,0.58282470703125,1
adult_tx,20,50,5,5,0.0948718569172853,0.264128,0.58282470703125,2
adult_tx,20,50,5,5,0.0994014844716882,0.224293,0.58282470703125,3
adult_tx,20,50,5,5,0.0982956493739117,0.22004,0.58282470703125,4
adult_tx,20,50,5,5,0.1014624868390088,0.214247,0.58282470703125,5
adult_tx,20,50,5,5,0.1059157330669953,0.228326,0.58282470703125,6
adult_tx,20,50,5,5,0.1003442739166341,0.262151,0.58282470703125,7
adult_tx,20,50,5,5,0.0988474004188656,0.254534,0.58282470703125,8
adult_tx,20,50,5,5,0.1045096069972542,0.25464,0.58282470703125,9
adult_tx,20,50,5,5,0.102276396586508,0.233069,0.58282470703125,10
adult_tx,20,50,5,5,0.1014624868390088,0.214247,0.58282470703125,median
adult_tx,50,50,5,5,0.0928475981960426,0.359543,0.58282470703125,1
adult_tx,50,50,5,5,0.0943417896934614,0.372457,0.58282470703125,2
adult_tx,50,50,5,5,0.0922215426759308,0.373479,0.58282470703125,3
adult_tx,50,50,5,5,0.0915428056322913,0.352475,0.58282470703125,4
adult_tx,50,50,5,5,0.0946179130015112,0.378699,0.58282470703125,5
adult_tx,50,50,5,5,0.0970291517344943,0.370503,0.58282470703125,6
adult_tx,50,50,5,5,0.0939174410679316,0.366954,0.58282470703125,7
adult_tx,50,50,5,5,0.0934450310245489,0.358539,0.58282470703125,8
adult_tx,50,50,5,5,0.0916967723117711,0.343879,0.58282470703125,9
adult_tx,50,50,5,5,0.0943333029810125,0.365674,0.58282470703125,10
adult_tx,50,50,5,5,0.0939174410679316,0.366954,0.58282470703125,median
adult_tx,100,50,5,5,0.0856063382274262,0.809321,0.58282470703125,1
adult_tx,100,50,5,5,0.087225122769405,0.685012,0.58282470703125,2
adult_tx,100,50,5,5,0.0873940490834449,0.6934,0.58282470703125,3
adult_tx,100,50,5,5,0.0867248067245347,0.748343,0.58282470703125,4
adult_tx,100,50,5,5,0.0864538321933581,0.717239,0.58282470703125,5
adult_tx,100,50,5,5,0.0857470003673982,1.125517,0.58282470703125,6
adult_tx,100,50,5,5,0.0869268625596572,0.616534,0.58282470703125,7
adult_tx,100,50,5,5,0.0870094750561399,0.721556,0.58282470703125,8
adult_tx,100,50,5,5,0.0872738363269251,0.733745,0.58282470703125,9
adult_tx,100,50,5,5,0.0862971747422647,0.737157,0.58282470703125,10
adult_tx,100,50,5,5,0.0869268625596572,0.616534,0.58282470703125,median
adult_tx,2,50,5,10,0.1457182691085911,0.1425,2.083704710006714,1
adult_tx,2,50,5,10,0.080974063867265,0.151133,2.083704710006714,2
adult_tx,2,50,5,10,0.1457182691085912,0.157416,2.083704710006714,3
adult_tx,2,50,5,10,0.1457182691085912,0.166012,2.083704710006714,4
adult_tx,2,50,5,10,3.9446241656180135e-05,0.147054,2.083704710006714,5
adult_tx,2,50,5,10,0.1457182691085912,0.177619,2.083704710006714,6
adult_tx,2,50,5,10,0.1457182691085912,0.159865,2.083704710006714,7
adult_tx,2,50,5,10,0.1457182691085911,0.173648,2.083704710006714,8
adult_tx,2,50,5,10,0.1457182691085912,0.153404,2.083704710006714,9
adult_tx,2,50,5,10,0.1457182691085912,0.161666,2.083704710006714,10
adult_tx,2,50,5,10,0.1457182691085912,0.157416,2.083704710006714,median
adult_tx,4,50,5,10,0.1376473837729072,0.150991,2.083704710006714,1
adult_tx,4,50,5,10,0.1376473837729072,0.155983,2.083704710006714,2
adult_tx,4,50,5,10,0.107227818622463,0.160125,2.083704710006714,3
adult_tx,4,50,5,10,0.1376473837729072,0.134027,2.083704710006714,4
adult_tx,4,50,5,10,0.1376473837729072,0.150792,2.083704710006714,5
adult_tx,4,50,5,10,0.107227818622463,0.155663,2.083704710006714,6
adult_tx,4,50,5,10,0.1376473837729072,0.151468,2.083704710006714,7
adult_tx,4,50,5,10,0.1376473837729072,0.149423,2.083704710006714,8
adult_tx,4,50,5,10,0.107227818622463,0.163875,2.083704710006714,9
adult_tx,4,50,5,10,0.1181380219687146,0.168532,2.083704710006714,10
adult_tx,4,50,5,10,0.1376473837729072,0.150991,2.083704710006714,median
adult_tx,8,50,5,10,0.1050845711050975,0.173902,2.083704710006714,1
adult_tx,8,50,5,10,0.1204242015445325,0.168708,2.083704710006714,2
adult_tx,8,50,5,10,0.1036043663248331,0.187984,2.083704710006714,3
adult_tx,8,50,5,10,0.1058722623408262,0.168305,2.083704710006714,4
adult_tx,8,50,5,10,0.1155510704537777,0.173977,2.083704710006714,5
adult_tx,8,50,5,10,0.1150590218401175,0.180085,2.083704710006714,6
adult_tx,8,50,5,10,0.1051725652577455,0.194073,2.083704710006714,7
adult_tx,8,50,5,10,0.1042294265682713,0.174645,2.083704710006714,8
adult_tx,8,50,5,10,0.1148020858644868,0.173165,2.083704710006714,9
adult_tx,8,50,5,10,0.1123808810868575,0.168305,2.083704710006714,10
adult_tx,8,50,5,10,0.1058722623408262,0.168305,2.083704710006714,median
adult_tx,10,50,5,10,0.1026152873450712,0.170988,2.083704710006714,1
adult_tx,10,50,5,10,0.1103222504291878,0.189465,2.083704710006714,2
adult_tx,10,50,5,10,0.0974511516756042,0.175249,2.083704710006714,3
adult_tx,10,50,5,10,0.0967671149472246,0.17855,2.083704710006714,4
adult_tx,10,50,5,10,0.1051782294314148,0.172085,2.083704710006714,5
adult_tx,10,50,5,10,0.1113922697214887,0.175818,2.083704710006714,6
adult_tx,10,50,5,10,0.116671705608353,0.19454,2.083704710006714,7
adult_tx,10,50,5,10,0.1106293611770322,0.171026,2.083704710006714,8
adult_tx,10,50,5,10,0.10621672204179,0.177262,2.083704710006714,9
adult_tx,10,50,5,10,0.1021998126844487,0.196529,2.083704710006714,10
adult_tx,10,50,5,10,0.1051782294314148,0.172085,2.083704710006714,median
adult_tx,16,50,5,10,0.1066032410924936,0.185754,2.083704710006714,1
adult_tx,16,50,5,10,0.1073072378434275,0.187854,2.083704710006714,2
adult_tx,16,50,5,10,0.111609148371645,0.195534,2.083704710006714,3
adult_tx,16,50,5,10,0.1036480633657238,0.198012,2.083704710006714,4
adult_tx,16,50,5,10,0.1003422227998164,0.192845,2.083704710006714,5
adult_tx,16,50,5,10,0.1047770942746881,0.206503,2.083704710006714,6
adult_tx,16,50,5,10,0.1007649409854923,0.196227,2.083704710006714,7
adult_tx,16,50,5,10,0.1087369722724054,0.198794,2.083704710006714,8
adult_tx,16,50,5,10,0.1017291922688742,0.21914,2.083704710006714,9
adult_tx,16,50,5,10,0.1042145527870383,0.20665,2.083704710006714,10
adult_tx,16,50,5,10,0.1047770942746881,0.206503,2.083704710006714,median
adult_tx,20,50,5,10,0.0937435689797698,0.221249,2.083704710006714,1
adult_tx,20,50,5,10,0.1005940237113148,0.231349,2.083704710006714,2
adult_tx,20,50,5,10,0.1025497812720658,0.232318,2.083704710006714,3
adult_tx,20,50,5,10,0.0956756651082016,0.238191,2.083704710006714,4
adult_tx,20,50,5,10,0.101326680556035,0.237143,2.083704710006714,5
adult_tx,20,50,5,10,0.1043603215349875,0.247411,2.083704710006714,6
adult_tx,20,50,5,10,0.1014001987677825,0.238102,2.083704710006714,7
adult_tx,20,50,5,10,0.1028845432572078,0.227887,2.083704710006714,8
adult_tx,20,50,5,10,0.0984246615221803,0.225247,2.083704710006714,9
adult_tx,20,50,5,10,0.0955843293908578,0.22538,2.083704710006714,10
adult_tx,20,50,5,10,0.1005940237113148,0.231349,2.083704710006714,median
adult_tx,50,50,5,10,0.0943969602940488,0.353357,2.083704710006714,1
adult_tx,50,50,5,10,0.0951258874158463,0.363046,2.083704710006714,2
adult_tx,50,50,5,10,0.0917059872508904,0.349167,2.083704710006714,3
adult_tx,50,50,5,10,0.0921114048413396,0.633907,2.083704710006714,4
adult_tx,50,50,5,10,0.0896849849322518,0.5583,2.083704710006714,5
adult_tx,50,50,5,10,0.0916954466582181,0.415324,2.083704710006714,6
adult_tx,50,50,5,10,0.0929167150532795,0.44628,2.083704710006714,7
adult_tx,50,50,5,10,0.0923860749785883,0.486609,2.083704710006714,8
adult_tx,50,50,5,10,0.0924615829871015,0.4002,2.083704710006714,9
adult_tx,50,50,5,10,0.0902186963195537,0.358978,2.083704710006714,10
adult_tx,50,50,5,10,0.0921114048413396,0.633907,2.083704710006714,median
adult_tx,100,50,5,10,0.0856000094683166,0.627354,2.083704710006714,1
adult_tx,100,50,5,10,0.0868336468671218,0.60059,2.083704710006714,2
adult_tx,100,50,5,10,0.0871982161567684,0.608312,2.083704710006714,3
adult_tx,100,50,5,10,0.085926612146847,0.593179,2.083704710006714,4
adult_tx,100,50,5,10,0.0854698217547396,0.584139,2.083704710006714,5
adult_tx,100,50,5,10,0.0860852739532286,0.642743,2.083704710006714,6
adult_tx,100,50,5,10,0.0854832593220516,0.623141,2.083704710006714,7
adult_tx,100,50,5,10,0.0857992641775727,0.589538,2.083704710006714,8
adult_tx,100,50,5,10,0.0862932494322434,0.62675,2.083704710006714,9
adult_tx,100,50,5,10,0.0860831573694296,0.611188,2.083704710006714,10
adult_tx,100,50,5,10,0.085926612146847,0.593179,2.083704710006714,median
adult_tx,2,50,5,20,0.1456832003501843,0.135558,3.287100076675415,1
adult_tx,2,50,5,20,0.1456832003501843,0.139578,3.287100076675415,2
adult_tx,2,50,5,20,0.1456832003501843,0.147189,3.287100076675415,3
adult_tx,2,50,5,20,0.1456832003501843,0.148624,3.287100076675415,4
adult_tx,2,50,5,20,0.1456832003501843,0.162241,3.287100076675415,5
adult_tx,2,50,5,20,0.1456832003501843,0.154823,3.287100076675415,6
adult_tx,2,50,5,20,0.1456832003501843,0.157446,3.287100076675415,7
adult_tx,2,50,5,20,0.1456832003501843,0.153659,3.287100076675415,8
adult_tx,2,50,5,20,3.773141177149315e-05,0.149826,3.287100076675415,9
adult_tx,2,50,5,20,0.1456832003501843,0.162103,3.287100076675415,10
adult_tx,2,50,5,20,0.1456832003501843,0.135558,3.287100076675415,median
adult_tx,4,50,5,20,0.137590630381814,0.15015,3.287100076675415,1
adult_tx,4,50,5,20,0.1258373251510785,0.169117,3.287100076675415,2
adult_tx,4,50,5,20,0.1180380285368731,0.155058,3.287100076675415,3
adult_tx,4,50,5,20,0.137590630381814,0.125462,3.287100076675415,4
adult_tx,4,50,5,20,0.1393527415861544,0.154222,3.287100076675415,5
adult_tx,4,50,5,20,0.1294104614298665,0.159837,3.287100076675415,6
adult_tx,4,50,5,20,0.1188883017074616,0.156703,3.287100076675415,7
adult_tx,4,50,5,20,0.137590630381814,0.169158,3.287100076675415,8
adult_tx,4,50,5,20,0.1002084596867205,0.162683,3.287100076675415,9
adult_tx,4,50,5,20,0.1180380285368731,0.159053,3.287100076675415,10
adult_tx,4,50,5,20,0.1258373251510785,0.169117,3.287100076675415,median
adult_tx,8,50,5,20,0.1095942301077853,0.158486,3.287100076675415,1
adult_tx,8,50,5,20,0.1108333611074778,0.173026,3.287100076675415,2
adult_tx,8,50,5,20,0.1125953493992343,0.177049,3.287100076675415,3
adult_tx,8,50,5,20,0.1057484729109888,0.166467,3.287100076675415,4
adult_tx,8,50,5,20,0.1141105102594047,0.173307,3.287100076675415,5
adult_tx,8,50,5,20,0.119232292205865,0.177906,3.287100076675415,6
adult_tx,8,50,5,20,0.1020801525296367,0.180431,3.287100076675415,7
adult_tx,8,50,5,20,0.1078546636940019,0.171959,3.287100076675415,8
adult_tx,8,50,5,20,0.119117195513913,0.172238,3.287100076675415,9
adult_tx,8,50,5,20,0.1020801525296366,0.175918,3.287100076675415,10
adult_tx,8,50,5,20,0.1108333611074778,0.173026,3.287100076675415,median
adult_tx,10,50,5,20,0.1184209759060461,0.168196,3.287100076675415,1
adult_tx,10,50,5,20,0.1074863398760895,0.175855,3.287100076675415,2
adult_tx,10,50,5,20,0.1132572710942988,0.194157,3.287100076675415,3
adult_tx,10,50,5,20,0.1112455217378979,0.182761,3.287100076675415,4
adult_tx,10,50,5,20,0.1087379863455679,0.178157,3.287100076675415,5
adult_tx,10,50,5,20,0.1028147675467098,0.185843,3.287100076675415,6
adult_tx,10,50,5,20,0.1024472667715422,0.170476,3.287100076675415,7
adult_tx,10,50,5,20,0.1150726017122259,0.1764,3.287100076675415,8
adult_tx,10,50,5,20,0.1185240344505674,0.181384,3.287100076675415,9
adult_tx,10,50,5,20,0.1077859363078384,0.172657,3.287100076675415,10
adult_tx,10,50,5,20,0.1112455217378979,0.182761,3.287100076675415,median
adult_tx,16,50,5,20,0.1104267364233364,0.198659,3.287100076675415,1
adult_tx,16,50,5,20,0.1097159698625281,0.179958,3.287100076675415,2
adult_tx,16,50,5,20,0.0991463243034459,0.236172,3.287100076675415,3
adult_tx,16,50,5,20,0.1012943974729468,0.213932,3.287100076675415,4
adult_tx,16,50,5,20,0.1055428377676374,0.184632,3.287100076675415,5
adult_tx,16,50,5,20,0.098273807907724,0.190899,3.287100076675415,6
adult_tx,16,50,5,20,0.1100256123562221,0.196239,3.287100076675415,7
adult_tx,16,50,5,20,0.1044783999002005,0.19313,3.287100076675415,8
adult_tx,16,50,5,20,0.1077474969040958,0.187616,3.287100076675415,9
adult_tx,16,50,5,20,0.1052609252064757,0.212054,3.287100076675415,10
adult_tx,16,50,5,20,0.1052609252064757,0.212054,3.287100076675415,median
adult_tx,20,50,5,20,0.0991398459294028,0.214283,3.287100076675415,1
adult_tx,20,50,5,20,0.0922979196816033,0.210854,3.287100076675415,2
adult_tx,20,50,5,20,0.1007361103807699,0.205125,3.287100076675415,3
adult_tx,20,50,5,20,0.1054443121584627,0.233425,3.287100076675415,4
adult_tx,20,50,5,20,0.0979304376633369,0.201,3.287100076675415,5
adult_tx,20,50,5,20,0.0916610527885935,0.203604,3.287100076675415,6
adult_tx,20,50,5,20,0.1059915279957418,0.224191,3.287100076675415,7
adult_tx,20,50,5,20,0.1064934406719265,0.213711,3.287100076675415,8
adult_tx,20,50,5,20,0.1078431417717748,0.196252,3.287100076675415,9
adult_tx,20,50,5,20,0.1066706288868603,0.207248,3.287100076675415,10
adult_tx,20,50,5,20,0.1054443121584627,0.233425,3.287100076675415,median
adult_tx,50,50,5,20,0.0935101522342529,0.330438,3.287100076675415,1
adult_tx,50,50,5,20,0.0919592904538553,0.348433,3.287100076675415,2
adult_tx,50,50,5,20,0.0891333182295306,0.328185,3.287100076675415,3
adult_tx,50,50,5,20,0.0935110138762228,0.327876,3.287100076675415,4
adult_tx,50,50,5,20,0.092508757787728,0.329716,3.287100076675415,5
adult_tx,50,50,5,20,0.0927939394937922,0.385908,3.287100076675415,6
adult_tx,50,50,5,20,0.0945666457212751,0.317188,3.287100076675415,7
adult_tx,50,50,5,20,0.0946968635026551,0.348916,3.287100076675415,8
adult_tx,50,50,5,20,0.0946031686395372,0.340297,3.287100076675415,9
adult_tx,50,50,5,20,0.0948997024500485,0.395151,3.287100076675415,10
adult_tx,50,50,5,20,0.0935101522342529,0.330438,3.287100076675415,median
adult_tx,100,50,5,20,0.0862842693645563,0.598425,3.287100076675415,1
adult_tx,100,50,5,20,0.0860861429360279,0.586205,3.287100076675415,2
adult_tx,100,50,5,20,0.0851587199045719,0.604218,3.287100076675415,3
adult_tx,100,50,5,20,0.0866726842039227,0.639893,3.287100076675415,4
adult_tx,100,50,5,20,0.086850982476427,0.723363,3.287100076675415,5
adult_tx,100,50,5,20,0.0873654767663315,0.623982,3.287100076675415,6
adult_tx,100,50,5,20,0.0870303789187482,0.829272,3.287100076675415,7
adult_tx,100,50,5,20,0.0870419632757394,0.71901,3.287100076675415,8
adult_tx,100,50,5,20,0.0867690799276122,0.836382,3.287100076675415,9
adult_tx,100,50,5,20,0.0872476007661646,0.73743,3.287100076675415,10
adult_tx,100,50,5,20,0.0867690799276122,0.836382,3.287100076675415,median
adult_tx,2,100,5,5,0.1452754243432442,0.159938,0.761188268661499,1
adult_tx,2,100,5,5,0.1452754243432442,0.17508,0.761188268661499,2
adult_tx,2,100,5,5,0.1452754243432442,0.178149,0.761188268661499,3
adult_tx,2,100,5,5,0.1452754243432442,0.197252,0.761188268661499,4
adult_tx,2,100,5,5,0.1452754243432442,0.188846,0.761188268661499,5
adult_tx,2,100,5,5,0.080974063867265,0.161763,0.761188268661499,6
adult_tx,2,100,5,5,0.1452754243432442,0.200098,0.761188268661499,7
adult_tx,2,100,5,5,0.1452754243432442,0.212542,0.761188268661499,8
adult_tx,2,100,5,5,0.080974063867265,0.14891,0.761188268661499,9
adult_tx,2,100,5,5,0.1452754243432442,0.186887,0.761188268661499,10
adult_tx,2,100,5,5,0.1452754243432442,0.159938,0.761188268661499,median
adult_tx,4,100,5,5,0.1072235044152523,0.178337,0.761188268661499,1
adult_tx,4,100,5,5,0.1315897656691943,0.197484,0.761188268661499,2
adult_tx,4,100,5,5,0.1375659101002563,0.199722,0.761188268661499,3
adult_tx,4,100,5,5,0.1401574656625972,0.218436,0.761188268661499,4
adult_tx,4,100,5,5,0.1186189200025132,0.187695,0.761188268661499,5
adult_tx,4,100,5,5,0.1375659101002563,0.177629,0.761188268661499,6
adult_tx,4,100,5,5,0.1375659101002563,0.191036,0.761188268661499,7
adult_tx,4,100,5,5,0.1125032057051157,0.212867,0.761188268661499,8
adult_tx,4,100,5,5,0.1375659101002563,0.190029,0.761188268661499,9
adult_tx,4,100,5,5,0.1401574656625972,0.199491,0.761188268661499,10
adult_tx,4,100,5,5,0.1375659101002563,0.199722,0.761188268661499,median
adult_tx,8,100,5,5,0.1126613743529267,0.226397,0.761188268661499,1
adult_tx,8,100,5,5,0.1166037962698277,0.247029,0.761188268661499,2
adult_tx,8,100,5,5,0.1039276576111351,0.226387,0.761188268661499,3
adult_tx,8,100,5,5,0.12455220291096,0.260421,0.761188268661499,4
adult_tx,8,100,5,5,0.1163432144587077,0.21399,0.761188268661499,5
adult_tx,8,100,5,5,0.1105170638361974,0.227971,0.761188268661499,6
adult_tx,8,100,5,5,0.1096426462691411,0.235523,0.761188268661499,7
adult_tx,8,100,5,5,0.1140468948386556,0.251943,0.761188268661499,8
adult_tx,8,100,5,5,0.1142510651246976,0.254384,0.761188268661499,9
adult_tx,8,100,5,5,0.1271746938605079,0.216162,0.761188268661499,10
adult_tx,8,100,5,5,0.1140468948386556,0.251943,0.761188268661499,median
adult_tx,10,100,5,5,0.1048501180089768,0.232062,0.761188268661499,1
adult_tx,10,100,5,5,0.0998584138926824,0.232883,0.761188268661499,2
adult_tx,10,100,5,5,0.1004216503058107,0.248799,0.761188268661499,3
adult_tx,10,100,5,5,0.1010819683979075,0.274151,0.761188268661499,4
adult_tx,10,100,5,5,0.1118188371823328,0.284266,0.761188268661499,5
adult_tx,10,100,5,5,0.0996549917807916,0.322444,0.761188268661499,6
adult_tx,10,100,5,5,0.0976980010602529,0.272576,0.761188268661499,7
adult_tx,10,100,5,5,0.114326178568025,0.307207,0.761188268661499,8
adult_tx,10,100,5,5,0.1110049572460077,0.264257,0.761188268661499,9
adult_tx,10,100,5,5,0.1159202155647205,0.28559,0.761188268661499,10
adult_tx,10,100,5,5,0.1048501180089768,0.232062,0.761188268661499,median
adult_tx,16,100,5,5,0.1018870558071728,0.320268,0.761188268661499,1
adult_tx,16,100,5,5,0.096186617702531,0.287613,0.761188268661499,2
adult_tx,16,100,5,5,0.0979643190950316,0.289951,0.761188268661499,3
adult_tx,16,100,5,5,0.0991374734454127,0.272702,0.761188268661499,4
adult_tx,16,100,5,5,0.1121653352011808,0.304598,0.761188268661499,5
adult_tx,16,100,5,5,0.0949609296937013,0.266013,0.761188268661499,6
adult_tx,16,100,5,5,0.1066609749197679,0.274484,0.761188268661499,7
adult_tx,16,100,5,5,0.1017647786754769,0.286913,0.761188268661499,8
adult_tx,16,100,5,5,0.1044688806234253,0.268888,0.761188268661499,9
adult_tx,16,100,5,5,0.0941367277289078,0.311648,0.761188268661499,10
adult_tx,16,100,5,5,0.0991374734454127,0.272702,0.761188268661499,median
adult_tx,20,100,5,5,0.1004391101143375,0.273533,0.761188268661499,1
adult_tx,20,100,5,5,0.099673921092542,0.333083,0.761188268661499,2
adult_tx,20,100,5,5,0.1035904048871869,0.311371,0.761188268661499,3
adult_tx,20,100,5,5,0.1012182320337853,0.382259,0.761188268661499,4
adult_tx,20,100,5,5,0.1087712025260557,0.334547,0.761188268661499,5
adult_tx,20,100,5,5,0.098178442161392,0.320838,0.761188268661499,6
adult_tx,20,100,5,5,0.0991919083288419,0.330129,0.761188268661499,7
adult_tx,20,100,5,5,0.0967406720921598,0.376628,0.761188268661499,8
adult_tx,20,100,5,5,0.1105417707797466,0.31028,0.761188268661499,9
adult_tx,20,100,5,5,0.1048684340374752,0.338723,0.761188268661499,10
adult_tx,20,100,5,5,0.1004391101143375,0.273533,0.761188268661499,median
adult_tx,50,100,5,5,0.0918148866875757,0.537895,0.761188268661499,1
adult_tx,50,100,5,5,0.094457285315326,0.623302,0.761188268661499,2
adult_tx,50,100,5,5,0.0942909053483782,0.721883,0.761188268661499,3
adult_tx,50,100,5,5,0.0934649975627696,0.703419,0.761188268661499,4
adult_tx,50,100,5,5,0.0922214015778862,0.671491,0.761188268661499,5
adult_tx,50,100,5,5,0.0961147688922751,0.728832,0.761188268661499,6
adult_tx,50,100,5,5,0.0934400746627443,0.742325,0.761188268661499,7
adult_tx,50,100,5,5,0.0956616000166063,0.722284,0.761188268661499,8
adult_tx,50,100,5,5,0.0911112620356933,0.586589,0.761188268661499,9
adult_tx,50,100,5,5,0.0882247122329437,0.508655,0.761188268661499,10
adult_tx,50,100,5,5,0.0934649975627696,0.703419,0.761188268661499,median
adult_tx,100,100,5,5,0.0864610630724088,1.548333,0.761188268661499,1
adult_tx,100,100,5,5,0.0875576896596039,1.31736,0.761188268661499,2
adult_tx,100,100,5,5,0.0864056548682514,1.30294,0.761188268661499,3
adult_tx,100,100,5,5,0.0879414967667131,1.427333,0.761188268661499,4
adult_tx,100,100,5,5,0.086554136052038,1.157979,0.761188268661499,5
adult_tx,100,100,5,5,0.086886557351636,1.066786,0.761188268661499,6
adult_tx,100,100,5,5,0.0874006943093713,1.23913,0.761188268661499,7
adult_tx,100,100,5,5,0.0858614456829094,1.467033,0.761188268661499,8
adult_tx,100,100,5,5,0.0871821262573078,1.290129,0.761188268661499,9
adult_tx,100,100,5,5,0.086553002227835,1.053016,0.761188268661499,10
adult_tx,100,100,5,5,0.086554136052038,1.157979,0.761188268661499,median
adult_tx,2,100,5,10,0.080974063867265,0.17998,1.92810583114624,1
adult_tx,2,100,5,10,0.1450273612626132,0.185499,1.92810583114624,2
adult_tx,2,100,5,10,0.1450273612626132,0.206253,1.92810583114624,3
adult_tx,2,100,5,10,0.1450273612626132,0.228596,1.92810583114624,4
adult_tx,2,100,5,10,0.1450273612626132,0.221893,1.92810583114624,5
adult_tx,2,100,5,10,0.1450273612626132,0.228219,1.92810583114624,6
adult_tx,2,100,5,10,0.1450273612626132,0.228231,1.92810583114624,7
adult_tx,2,100,5,10,0.080974063867265,0.210074,1.92810583114624,8
adult_tx,2,100,5,10,0.1450273612626132,0.230695,1.92810583114624,9
adult_tx,2,100,5,10,0.1450273612626132,0.254725,1.92810583114624,10
adult_tx,2,100,5,10,0.1450273612626132,0.185499,1.92810583114624,median
adult_tx,4,100,5,10,0.1375659101002563,0.215515,1.92810583114624,1
adult_tx,4,100,5,10,0.1254171089673992,0.216902,1.92810583114624,2
adult_tx,4,100,5,10,0.1327831493021413,0.224496,1.92810583114624,3
adult_tx,4,100,5,10,0.1071818713638457,0.196211,1.92810583114624,4
adult_tx,4,100,5,10,0.1375659101002563,0.186687,1.92810583114624,5
adult_tx,4,100,5,10,0.1179169752934603,0.200196,1.92810583114624,6
adult_tx,4,100,5,10,0.1227661110511409,0.201938,1.92810583114624,7
adult_tx,4,100,5,10,0.1197487259000998,0.200017,1.92810583114624,8
adult_tx,4,100,5,10,0.1254171089673993,0.225419,1.92810583114624,9
adult_tx,4,100,5,10,0.1283120899416439,0.224068,1.92810583114624,10
adult_tx,4,100,5,10,0.1254171089673992,0.216902,1.92810583114624,median
adult_tx,8,100,5,10,0.1051256483382492,0.267083,1.92810583114624,1
adult_tx,8,100,5,10,0.1055849749421054,0.262864,1.92810583114624,2
adult_tx,8,100,5,10,0.1160373017253148,0.248399,1.92810583114624,3
adult_tx,8,100,5,10,0.1035787018604677,0.221886,1.92810583114624,4
adult_tx,8,100,5,10,0.1133455090399442,0.225324,1.92810583114624,5
adult_tx,8,100,5,10,0.1035644668238488,0.222808,1.92810583114624,6
adult_tx,8,100,5,10,0.1073270238444685,0.308728,1.92810583114624,7
adult_tx,8,100,5,10,0.1120088965219218,0.251732,1.92810583114624,8
adult_tx,8,100,5,10,0.1137817221490408,0.283863,1.92810583114624,9
adult_tx,8,100,5,10,0.121039195331243,0.258662,1.92810583114624,10
adult_tx,8,100,5,10,0.1073270238444685,0.308728,1.92810583114624,median
adult_tx,10,100,5,10,0.1105622175384827,0.227473,1.92810583114624,1
adult_tx,10,100,5,10,0.11330675020154,0.245508,1.92810583114624,2
adult_tx,10,100,5,10,0.1187587108619703,0.239539,1.92810583114624,3
adult_tx,10,100,5,10,0.1037777506874715,0.253368,1.92810583114624,4
adult_tx,10,100,5,10,0.1115118969064716,0.218159,1.92810583114624,5
adult_tx,10,100,5,10,0.1025205905730628,0.246107,1.92810583114624,6
adult_tx,10,100,5,10,0.1036204679751209,0.231681,1.92810583114624,7
adult_tx,10,100,5,10,0.1100940919537235,0.239131,1.92810583114624,8
adult_tx,10,100,5,10,0.1135976886688057,0.254592,1.92810583114624,9
adult_tx,10,100,5,10,0.1006464784996414,0.234796,1.92810583114624,10
adult_tx,10,100,5,10,0.1105622175384827,0.227473,1.92810583114624,median
adult_tx,16,100,5,10,0.1067731632172468,0.273134,1.92810583114624,1
adult_tx,16,100,5,10,0.1144456833657094,0.277218,1.92810583114624,2
adult_tx,16,100,5,10,0.102346583647949,0.256217,1.92810583114624,3
adult_tx,16,100,5,10,0.1031534600436043,0.253072,1.92810583114624,4
adult_tx,16,100,5,10,0.1028101114282953,0.282195,1.92810583114624,5
adult_tx,16,100,5,10,0.1081017556255047,0.251537,1.92810583114624,6
adult_tx,16,100,5,10,0.0974875349284043,0.29171,1.92810583114624,7
adult_tx,16,100,5,10,0.1132477501062696,0.296522,1.92810583114624,8
adult_tx,16,100,5,10,0.0943866369940827,0.29051,1.92810583114624,9
adult_tx,16,100,5,10,0.1040459551533402,0.271254,1.92810583114624,10
adult_tx,16,100,5,10,0.1031534600436043,0.253072,1.92810583114624,median
adult_tx,20,100,5,10,0.1006575892894743,0.362601,1.92810583114624,1
adult_tx,20,100,5,10,0.0902139395443943,0.405128,1.92810583114624,2
adult_tx,20,100,5,10,0.1029689460639188,0.352233,1.92810583114624,3
adult_tx,20,100,5,10,0.0995561028829885,0.300753,1.92810583114624,4
adult_tx,20,100,5,10,0.0960772460907736,0.34734,1.92810583114624,5
adult_tx,20,100,5,10,0.0973501364105386,0.354161,1.92810583114624,6
adult_tx,20,100,5,10,0.109911539239825,0.370056,1.92810583114624,7
adult_tx,20,100,5,10,0.1007436711739698,0.381224,1.92810583114624,8
adult_tx,20,100,5,10,0.0980001223581673,0.371997,1.92810583114624,9
adult_tx,20,100,5,10,0.1042693723989011,0.356229,1.92810583114624,10
adult_tx,20,100,5,10,0.0995561028829885,0.300753,1.92810583114624,median
adult_tx,50,100,5,10,0.0938520293753337,0.767214,1.92810583114624,1
adult_tx,50,100,5,10,0.094741374418995,0.557532,1.92810583114624,2
adult_tx,50,100,5,10,0.0910454304104516,0.516099,1.92810583114624,3
adult_tx,50,100,5,10,0.0925583564913076,0.733587,1.92810583114624,4
adult_tx,50,100,5,10,0.0944933512175818,0.703567,1.92810583114624,5
adult_tx,50,100,5,10,0.0914759386171505,0.702561,1.92810583114624,6
adult_tx,50,100,5,10,0.0942572017305938,0.817616,1.92810583114624,7
adult_tx,50,100,5,10,0.0978048287007697,0.779889,1.92810583114624,8
adult_tx,50,100,5,10,0.0941807554620799,0.793746,1.92810583114624,9
adult_tx,50,100,5,10,0.0955213315112983,0.654986,1.92810583114624,10
adult_tx,50,100,5,10,0.0942572017305938,0.817616,1.92810583114624,median
adult_tx,100,100,5,10,0.086100236797062,1.650896,1.92810583114624,1
adult_tx,100,100,5,10,0.0878173343540878,1.116324,1.92810583114624,2
adult_tx,100,100,5,10,0.0871520807805499,1.400877,1.92810583114624,3
adult_tx,100,100,5,10,0.0865792283848457,1.653238,1.92810583114624,4
adult_tx,100,100,5,10,0.0862769883569859,1.076446,1.92810583114624,5
adult_tx,100,100,5,10,0.0878104761674601,0.97234,1.92810583114624,6
adult_tx,100,100,5,10,0.0856229512530518,0.951095,1.92810583114624,7
adult_tx,100,100,5,10,0.0851012794672664,1.093049,1.92810583114624,8
adult_tx,100,100,5,10,0.0871201625961221,0.980138,1.92810583114624,9
adult_tx,100,100,5,10,0.086639944285595,1.069482,1.92810583114624,10
adult_tx,100,100,5,10,0.0865792283848457,1.653238,1.92810583114624,median
adult_tx,2,100,5,20,0.080974063867265,0.164204,3.4493155479431152,1
adult_tx,2,100,5,20,0.1454517085894739,0.194819,3.4493155479431152,2
adult_tx,2,100,5,20,0.1454517085894739,0.221583,3.4493155479431152,3
adult_tx,2,100,5,20,0.1454517085894738,0.207329,3.4493155479431152,4
adult_tx,2,100,5,20,0.1454517085894739,0.21408,3.4493155479431152,5
adult_tx,2,100,5,20,0.1454517085894738,0.209355,3.4493155479431152,6
adult_tx,2,100,5,20,0.1454517085894739,0.232951,3.4493155479431152,7
adult_tx,2,100,5,20,0.1454517085894738,0.231349,3.4493155479431152,8
adult_tx,2,100,5,20,0.1454517085894738,0.231781,3.4493155479431152,9
adult_tx,2,100,5,20,0.080974063867265,0.192692,3.4493155479431152,10
adult_tx,2,100,5,20,0.1454517085894738,0.207329,3.4493155479431152,median
adult_tx,4,100,5,20,0.1376060498284678,0.22489,3.4493155479431152,1
adult_tx,4,100,5,20,0.117929584210452,0.21864,3.4493155479431152,2
adult_tx,4,100,5,20,0.1072921396350594,0.22773,3.4493155479431152,3
adult_tx,4,100,5,20,0.117929584210452,0.218187,3.4493155479431152,4
adult_tx,4,100,5,20,0.117929584210452,0.214172,3.4493155479431152,5
adult_tx,4,100,5,20,0.1296463198021644,0.237124,3.4493155479431152,6
adult_tx,4,100,5,20,0.0946405582304437,0.219847,3.4493155479431152,7
adult_tx,4,100,5,20,0.1153997225547769,0.226175,3.4493155479431152,8
adult_tx,4,100,5,20,0.1376060498284678,0.222086,3.4493155479431152,9
adult_tx,4,100,5,20,0.1376060498284678,0.212654,3.4493155479431152,10
adult_tx,4,100,5,20,0.117929584210452,0.21864,3.4493155479431152,median
adult_tx,8,100,5,20,0.1050139039398045,0.281074,3.4493155479431152,1
adult_tx,8,100,5,20,0.1100956152960022,0.251843,3.4493155479431152,2
adult_tx,8,100,5,20,0.1192903477758588,0.243513,3.4493155479431152,3
adult_tx,8,100,5,20,0.1141440369362152,0.242747,3.4493155479431152,4
adult_tx,8,100,5,20,0.1043180734447312,0.261926,3.4493155479431152,5
adult_tx,8,100,5,20,0.1036384120175497,0.242179,3.4493155479431152,6
adult_tx,8,100,5,20,0.103764072743633,0.25475,3.4493155479431152,7
adult_tx,8,100,5,20,0.1035358624136069,0.233289,3.4493155479431152,8
adult_tx,8,100,5,20,0.1020308205011359,0.249676,3.4493155479431152,9
adult_tx,8,100,5,20,0.1030868249356161,0.253021,3.4493155479431152,10
adult_tx,8,100,5,20,0.1043180734447312,0.261926,3.4493155479431152,median
adult_tx,10,100,5,20,0.1008762167067581,0.276234,3.4493155479431152,1
adult_tx,10,100,5,20,0.10308249977461,0.25004,3.4493155479431152,2
adult_tx,10,100,5,20,0.1135132251176648,0.272203,3.4493155479431152,3
adult_tx,10,100,5,20,0.1049164813224779,0.270036,3.4493155479431152,4
adult_tx,10,100,5,20,0.1004639417663414,0.266781,3.4493155479431152,5
adult_tx,10,100,5,20,0.1212665294270553,0.218293,3.4493155479431152,6
adult_tx,10,100,5,20,0.1019951676411969,0.250473,3.4493155479431152,7
adult_tx,10,100,5,20,0.1001296484714546,0.208325,3.4493155479431152,8
adult_tx,10,100,5,20,0.1006165406252413,0.269047,3.4493155479431152,9
adult_tx,10,100,5,20,0.1037774795801995,0.248042,3.4493155479431152,10
adult_tx,10,100,5,20,0.1019951676411969,0.250473,3.4493155479431152,median
adult_tx,16,100,5,20,0.1040479621620455,0.259829,3.4493155479431152,1
adult_tx,16,100,5,20,0.0961496446563196,0.265817,3.4493155479431152,2
adult_tx,16,100,5,20,0.0930760663874243,0.271812,3.4493155479431152,3
adult_tx,16,100,5,20,0.114003806164309,0.303748,3.4493155479431152,4
adult_tx,16,100,5,20,0.0994468737754016,0.28189,3.4493155479431152,5
adult_tx,16,100,5,20,0.1060467746697926,0.257624,3.4493155479431152,6
adult_tx,16,100,5,20,0.1082626822303978,0.26977,3.4493155479431152,7
adult_tx,16,100,5,20,0.0999305246105296,0.259784,3.4493155479431152,8
adult_tx,16,100,5,20,0.113118071259744,0.245617,3.4493155479431152,9
adult_tx,16,100,5,20,0.1022884019678504,0.248347,3.4493155479431152,10
adult_tx,16,100,5,20,0.1040479621620455,0.259829,3.4493155479431152,median
adult_tx,20,100,5,20,0.1048741882679239,0.311378,3.4493155479431152,1
adult_tx,20,100,5,20,0.1030270384308928,0.275194,3.4493155479431152,2
adult_tx,20,100,5,20,0.0993386566924449,0.290482,3.4493155479431152,3
adult_tx,20,100,5,20,0.1009559004319274,0.313452,3.4493155479431152,4
adult_tx,20,100,5,20,0.1073201556686043,0.276282,3.4493155479431152,5
adult_tx,20,100,5,20,0.1089179143946941,0.291006,3.4493155479431152,6
adult_tx,20,100,5,20,0.1051186123234851,0.310328,3.4493155479431152,7
adult_tx,20,100,5,20,0.10663404573305,0.294064,3.4493155479431152,8
adult_tx,20,100,5,20,0.1069627074558521,0.289386,3.4493155479431152,9
adult_tx,20,100,5,20,0.1099000558876028,0.29949,3.4493155479431152,10
adult_tx,20,100,5,20,0.1051186123234851,0.310328,3.4493155479431152,median
adult_tx,50,100,5,20,0.0893108311023974,0.54767,3.4493155479431152,1
adult_tx,50,100,5,20,0.0974686852709754,0.521417,3.4493155479431152,2
adult_tx,50,100,5,20,0.0945672293886783,0.649688,3.4493155479431152,3
adult_tx,50,100,5,20,0.092218023222331,0.584204,3.4493155479431152,4
adult_tx,50,100,5,20,0.0965440781028045,0.51236,3.4493155479431152,5
adult_tx,50,100,5,20,0.0978117686968339,0.582476,3.4493155479431152,6
adult_tx,50,100,5,20,0.0951222939177738,0.603945,3.4493155479431152,7
adult_tx,50,100,5,20,0.0934464588860222,0.816559,3.4493155479431152,8
adult_tx,50,100,5,20,0.0966287247653902,0.736339,3.4493155479431152,9
adult_tx,50,100,5,20,0.092644950654699,0.802145,3.4493155479431152,10
adult_tx,50,100,5,20,0.0951222939177738,0.603945,3.4493155479431152,median
adult_tx,100,100,5,20,0.0859796594939551,1.31331,3.4493155479431152,1
adult_tx,100,100,5,20,0.0864794581217133,1.444356,3.4493155479431152,2
adult_tx,100,100,5,20,0.0867207640319959,1.502892,3.4493155479431152,3
adult_tx,100,100,5,20,0.0866867337000696,1.19871,3.4493155479431152,4
adult_tx,100,100,5,20,0.0857956673530486,1.353709,3.4493155479431152,5
adult_tx,100,100,5,20,0.087718397014201,1.280563,3.4493155479431152,6
adult_tx,100,100,5,20,0.086823383341309,1.455872,3.4493155479431152,7
adult_tx,100,100,5,20,0.0874293500936099,1.283613,3.4493155479431152,8
adult_tx,100,100,5,20,0.0867093171615482,1.326055,3.4493155479431152,9
adult_tx,100,100,5,20,0.0855667682429399,1.255954,3.4493155479431152,10
adult_tx,100,100,5,20,0.0866867337000696,1.19871,3.4493155479431152,median
adult_tx,2,200,5,5,0.1458808149652088,0.273558,1.3124752044677734,1
adult_tx,2,200,5,5,0.1458808149652088,0.251172,1.3124752044677734,2
adult_tx,2,200,5,5,0.1458808149652088,0.293742,1.3124752044677734,3
adult_tx,2,200,5,5,0.1458808149652088,0.236658,1.3124752044677734,4
adult_tx,2,200,5,5,0.1458808149652088,0.265218,1.3124752044677734,5
adult_tx,2,200,5,5,0.1458808149652088,0.255258,1.3124752044677734,6
adult_tx,2,200,5,5,0.1458808149652088,0.30537,1.3124752044677734,7
adult_tx,2,200,5,5,0.1458808149652088,0.253615,1.3124752044677734,8
adult_tx,2,200,5,5,0.1458808149652088,0.250842,1.3124752044677734,9
adult_tx,2,200,5,5,0.1458808149652088,0.262478,1.3124752044677734,10
adult_tx,2,200,5,5,0.1458808149652088,0.273558,1.3124752044677734,median
adult_tx,4,200,5,5,0.1375578100081462,0.246383,1.3124752044677734,1
adult_tx,4,200,5,5,0.1375578100081462,0.246458,1.3124752044677734,2
adult_tx,4,200,5,5,0.1519122698678973,0.241459,1.3124752044677734,3
adult_tx,4,200,5,5,0.1124514885185495,0.276612,1.3124752044677734,4
adult_tx,4,200,5,5,0.1385063295742104,0.286787,1.3124752044677734,5
adult_tx,4,200,5,5,0.1181197773934877,0.264575,1.3124752044677734,6
adult_tx,4,200,5,5,0.144085466365301,0.255518,1.3124752044677734,7
adult_tx,4,200,5,5,0.1244475987197665,0.247157,1.3124752044677734,8
adult_tx,4,200,5,5,0.1228877028556336,0.239494,1.3124752044677734,9
adult_tx,4,200,5,5,0.1375578100081462,0.262949,1.3124752044677734,10
adult_tx,4,200,5,5,0.1375578100081462,0.246383,1.3124752044677734,median
adult_tx,8,200,5,5,0.1113637696670205,0.262039,1.3124752044677734,1
adult_tx,8,200,5,5,0.1061737246332182,0.327671,1.3124752044677734,2
adult_tx,8,200,5,5,0.1272781086929263,0.288517,1.3124752044677734,3
adult_tx,8,200,5,5,0.11424620372652,0.301869,1.3124752044677734,4
adult_tx,8,200,5,5,0.1057858539402097,0.32338,1.3124752044677734,5
adult_tx,8,200,5,5,0.1037236955965136,0.299952,1.3124752044677734,6
adult_tx,8,200,5,5,0.1093841851652698,0.308656,1.3124752044677734,7
adult_tx,8,200,5,5,0.1030330104152991,0.290595,1.3124752044677734,8
adult_tx,8,200,5,5,0.1200059361030677,0.302696,1.3124752044677734,9
adult_tx,8,200,5,5,0.1040090132181268,0.31337,1.3124752044677734,10
adult_tx,8,200,5,5,0.1061737246332182,0.327671,1.3124752044677734,median
adult_tx,10,200,5,5,0.0987068563257074,0.444613,1.3124752044677734,1
adult_tx,10,200,5,5,0.1119203579699753,0.383533,1.3124752044677734,2
adult_tx,10,200,5,5,0.114351667601897,0.375998,1.3124752044677734,3
adult_tx,10,200,5,5,0.1073111742167205,0.378945,1.3124752044677734,4
adult_tx,10,200,5,5,0.1248948703977541,0.419174,1.3124752044677734,5
adult_tx,10,200,5,5,0.1016269096580827,0.413684,1.3124752044677734,6
adult_tx,10,200,5,5,0.1138847829432347,0.334681,1.3124752044677734,7
adult_tx,10,200,5,5,0.1027261999623665,0.318134,1.3124752044677734,8
adult_tx,10,200,5,5,0.1036770030537369,0.348818,1.3124752044677734,9
adult_tx,10,200,5,5,0.10362201613218,0.436975,1.3124752044677734,10
adult_tx,10,200,5,5,0.1073111742167205,0.378945,1.3124752044677734,median
adult_tx,16,200,5,5,0.1089234644631022,0.342958,1.3124752044677734,1
adult_tx,16,200,5,5,0.1027675456702872,0.41315,1.3124752044677734,2
adult_tx,16,200,5,5,0.1029446773659946,0.407148,1.3124752044677734,3
adult_tx,16,200,5,5,0.0963586457871109,0.366501,1.3124752044677734,4
adult_tx,16,200,5,5,0.1081705765908414,0.400187,1.3124752044677734,5
adult_tx,16,200,5,5,0.1028568952870978,0.395714,1.3124752044677734,6
adult_tx,16,200,5,5,0.1041887596120607,0.454381,1.3124752044677734,7
adult_tx,16,200,5,5,0.1023113956352522,0.408115,1.3124752044677734,8
adult_tx,16,200,5,5,0.1089960722879055,0.377761,1.3124752044677734,9
adult_tx,16,200,5,5,0.1080216913747637,0.380792,1.3124752044677734,10
adult_tx,16,200,5,5,0.1029446773659946,0.407148,1.3124752044677734,median
adult_tx,20,200,5,5,0.0989967692773938,0.46932,1.3124752044677734,1
adult_tx,20,200,5,5,0.0993829293608426,0.395335,1.3124752044677734,2
adult_tx,20,200,5,5,0.1021211704842487,0.37113,1.3124752044677734,3
adult_tx,20,200,5,5,0.1036695466911715,0.439912,1.3124752044677734,4
adult_tx,20,200,5,5,0.1014728019745779,0.456558,1.3124752044677734,5
adult_tx,20,200,5,5,0.0974702172251601,0.442159,1.3124752044677734,6
adult_tx,20,200,5,5,0.0919473748238151,0.622532,1.3124752044677734,7
adult_tx,20,200,5,5,0.1014286526561329,0.745379,1.3124752044677734,8
adult_tx,20,200,5,5,0.1046603654228638,0.841164,1.3124752044677734,9
adult_tx,20,200,5,5,0.0977290550251339,0.754341,1.3124752044677734,10
adult_tx,20,200,5,5,0.1014286526561329,0.745379,1.3124752044677734,median
adult_tx,50,200,5,5,0.0934970090775414,1.740594,1.3124752044677734,1
adult_tx,50,200,5,5,0.0922999399478285,1.064052,1.3124752044677734,2
adult_tx,50,200,5,5,0.0945491492080994,1.2907,1.3124752044677734,3
adult_tx,50,200,5,5,0.093058992679089,0.826154,1.3124752044677734,4
adult_tx,50,200,5,5,0.0910466325507373,1.108794,1.3124752044677734,5
adult_tx,50,200,5,5,0.0931631755673439,1.3275,1.3124752044677734,6
adult_tx,50,200,5,5,0.0932210957003665,0.872188,1.3124752044677734,7
adult_tx,50,200,5,5,0.0906829726577793,0.817801,1.3124752044677734,8
adult_tx,50,200,5,5,0.0947079748535006,1.043603,1.3124752044677734,9
adult_tx,50,200,5,5,0.0909160018778584,0.925225,1.3124752044677734,10
adult_tx,50,200,5,5,0.093058992679089,0.826154,1.3124752044677734,median
adult_tx,100,200,5,5,0.0871883376968853,1.667211,1.3124752044677734,1
adult_tx,100,200,5,5,0.0858499439080754,1.746272,1.3124752044677734,2
adult_tx,100,200,5,5,0.087313933578507,1.715021,1.3124752044677734,3
adult_tx,100,200,5,5,0.0865720216211378,2.126513,1.3124752044677734,4
adult_tx,100,200,5,5,0.0874733519004762,2.233674,1.3124752044677734,5
adult_tx,100,200,5,5,0.0876200480478296,2.113159,1.3124752044677734,6
adult_tx,100,200,5,5,0.0859608537145528,2.372061,1.3124752044677734,7
adult_tx,100,200,5,5,0.0869820922344545,2.363954,1.3124752044677734,8
adult_tx,100,200,5,5,0.0878775031710993,2.153226,1.3124752044677734,9
adult_tx,100,200,5,5,0.0866428455845652,2.365923,1.3124752044677734,10
adult_tx,100,200,5,5,0.0871883376968853,1.667211,1.3124752044677734,median
adult_tx,2,200,5,10,0.080974063867265,0.211009,2.840644121170044,1
adult_tx,2,200,5,10,0.1594375579111419,0.236366,2.840644121170044,2
adult_tx,2,200,5,10,0.1594375579111419,0.264015,2.840644121170044,3
adult_tx,2,200,5,10,0.1594375579111419,0.273704,2.840644121170044,4
adult_tx,2,200,5,10,0.1594375579111419,0.314062,2.840644121170044,5
adult_tx,2,200,5,10,0.1457010519267566,0.251294,2.840644121170044,6
adult_tx,2,200,5,10,0.1457010519267566,0.26185,2.840644121170044,7
adult_tx,2,200,5,10,0.1594375579111419,0.270443,2.840644121170044,8
adult_tx,2,200,5,10,0.1594375579111419,0.273999,2.840644121170044,9
adult_tx,2,200,5,10,0.080974063867265,0.254266,2.840644121170044,10
adult_tx,2,200,5,10,0.1594375579111419,0.236366,2.840644121170044,median
adult_tx,4,200,5,10,0.139688322924298,0.263849,2.840644121170044,1
adult_tx,4,200,5,10,0.1377297732071336,0.310866,2.840644121170044,2
adult_tx,4,200,5,10,0.1187457640070197,0.302847,2.840644121170044,3
adult_tx,4,200,5,10,0.1262634172571448,0.334237,2.840644121170044,4
adult_tx,4,200,5,10,0.107239136297395,0.261222,2.840644121170044,5
adult_tx,4,200,5,10,0.1125293601711873,0.264592,2.840644121170044,6
adult_tx,4,200,5,10,0.1166319610009336,0.337842,2.840644121170044,7
adult_tx,4,200,5,10,0.127292731633455,0.274599,2.840644121170044,8
adult_tx,4,200,5,10,0.107239136297395,0.276848,2.840644121170044,9
adult_tx,4,200,5,10,0.1188331560619652,0.317465,2.840644121170044,10
adult_tx,4,200,5,10,0.1187457640070197,0.302847,2.840644121170044,median
adult_tx,8,200,5,10,0.1035621470537552,0.309361,2.840644121170044,1
adult_tx,8,200,5,10,0.1030525834676679,0.387278,2.840644121170044,2
adult_tx,8,200,5,10,0.1095977118759309,0.375858,2.840644121170044,3
adult_tx,8,200,5,10,0.1122830769212237,0.317977,2.840644121170044,4
adult_tx,8,200,5,10,0.0895058639317136,0.391876,2.840644121170044,5
adult_tx,8,200,5,10,0.1127972051820661,0.316595,2.840644121170044,6
adult_tx,8,200,5,10,0.1075981272175697,0.362573,2.840644121170044,7
adult_tx,8,200,5,10,0.1143356618119224,0.327798,2.840644121170044,8
adult_tx,8,200,5,10,0.1170661360673614,0.292616,2.840644121170044,9
adult_tx,8,200,5,10,0.1042537039474194,0.301395,2.840644121170044,10
adult_tx,8,200,5,10,0.1075981272175697,0.362573,2.840644121170044,median
adult_tx,10,200,5,10,0.1160611174524881,0.342625,2.840644121170044,1
adult_tx,10,200,5,10,0.1006874130981034,0.379608,2.840644121170044,2
adult_tx,10,200,5,10,0.1054156728410013,0.369966,2.840644121170044,3
adult_tx,10,200,5,10,0.1146967885258905,0.347227,2.840644121170044,4
adult_tx,10,200,5,10,0.1013506665308909,0.356443,2.840644121170044,5
adult_tx,10,200,5,10,0.0983795380964562,0.347815,2.840644121170044,6
adult_tx,10,200,5,10,0.1076379777927951,0.332281,2.840644121170044,7
adult_tx,10,200,5,10,0.1177465655819569,0.361852,2.840644121170044,8
adult_tx,10,200,5,10,0.1135395524954627,0.39173,2.840644121170044,9
adult_tx,10,200,5,10,0.1170234087480736,0.398341,2.840644121170044,10
adult_tx,10,200,5,10,0.1076379777927951,0.332281,2.840644121170044,median
adult_tx,16,200,5,10,0.1072600462024959,0.454027,2.840644121170044,1
adult_tx,16,200,5,10,0.1082901850074467,0.409139,2.840644121170044,2
adult_tx,16,200,5,10,0.092425994450301,0.467199,2.840644121170044,3
adult_tx,16,200,5,10,0.1003937758547016,0.59892,2.840644121170044,4
adult_tx,16,200,5,10,0.1011750932885679,0.479852,2.840644121170044,5
adult_tx,16,200,5,10,0.1100414604582127,0.459822,2.840644121170044,6
adult_tx,16,200,5,10,0.1119280963249421,0.551442,2.840644121170044,7
adult_tx,16,200,5,10,0.1022073162247506,0.554741,2.840644121170044,8
adult_tx,16,200,5,10,0.1007745917539961,0.458192,2.840644121170044,9
adult_tx,16,200,5,10,0.10265653595092,0.473004,2.840644121170044,10
adult_tx,16,200,5,10,0.10265653595092,0.473004,2.840644121170044,median
adult_tx,20,200,5,10,0.1035740740964595,0.515601,2.840644121170044,1
adult_tx,20,200,5,10,0.0998558264894969,0.522903,2.840644121170044,2
adult_tx,20,200,5,10,0.0954272647630593,0.426154,2.840644121170044,3
adult_tx,20,200,5,10,0.0999735282492177,0.435843,2.840644121170044,4
adult_tx,20,200,5,10,0.1001839795720332,0.428998,2.840644121170044,5
adult_tx,20,200,5,10,0.1040843095876287,0.422579,2.840644121170044,6
adult_tx,20,200,5,10,0.1044119630028516,0.436875,2.840644121170044,7
adult_tx,20,200,5,10,0.1002760522259503,0.445507,2.840644121170044,8
adult_tx,20,200,5,10,0.1037918730426718,0.42173,2.840644121170044,9
adult_tx,20,200,5,10,0.1057092284919006,0.475927,2.840644121170044,10
adult_tx,20,200,5,10,0.1035740740964595,0.515601,2.840644121170044,median
adult_tx,50,200,5,10,0.0943786563032577,1.179265,2.840644121170044,1
adult_tx,50,200,5,10,0.0947540729201915,1.475134,2.840644121170044,2
adult_tx,50,200,5,10,0.0905959363147307,1.221,2.840644121170044,3
adult_tx,50,200,5,10,0.0922202827295716,1.113348,2.840644121170044,4
adult_tx,50,200,5,10,0.0932468836687903,0.85749,2.840644121170044,5
adult_tx,50,200,5,10,0.0946808677851376,0.817618,2.840644121170044,6
adult_tx,50,200,5,10,0.0937651202473694,0.848348,2.840644121170044,7
adult_tx,50,200,5,10,0.0914360493794644,0.909371,2.840644121170044,8
adult_tx,50,200,5,10,0.0916198182582796,0.967806,2.840644121170044,9
adult_tx,50,200,5,10,0.0899929673870176,1.046666,2.840644121170044,10
adult_tx,50,200,5,10,0.0932468836687903,0.85749,2.840644121170044,median
adult_tx,100,200,5,10,0.0871594668474263,1.636771,2.840644121170044,1
adult_tx,100,200,5,10,0.0866127673613083,1.527463,2.840644121170044,2
adult_tx,100,200,5,10,0.0858301953904601,1.69183,2.840644121170044,3
adult_tx,100,200,5,10,0.0854093234026683,1.579853,2.840644121170044,4
adult_tx,100,200,5,10,0.0858566027219543,1.523851,2.840644121170044,5
adult_tx,100,200,5,10,0.0864563538322343,1.705877,2.840644121170044,6
adult_tx,100,200,5,10,0.0864256456485805,1.666294,2.840644121170044,7
adult_tx,100,200,5,10,0.0853329921912039,1.559012,2.840644121170044,8
adult_tx,100,200,5,10,0.0857179767435702,1.600826,2.840644121170044,9
adult_tx,100,200,5,10,0.0863256913393911,1.47394,2.840644121170044,10
adult_tx,100,200,5,10,0.0858566027219543,1.523851,2.840644121170044,median
adult_tx,2,200,5,20,0.1443187067011216,0.203032,4.642724752426148,1
adult_tx,2,200,5,20,0.1443187067011216,0.234257,4.642724752426148,2
adult_tx,2,200,5,20,0.1443187067011216,0.255498,4.642724752426148,3
adult_tx,2,200,5,20,0.1443187067011216,0.258321,4.642724752426148,4
adult_tx,2,200,5,20,0.1443187067011216,0.263891,4.642724752426148,5
adult_tx,2,200,5,20,0.1443187067011216,0.261742,4.642724752426148,6
adult_tx,2,200,5,20,0.1443187067011216,0.266353,4.642724752426148,7
adult_tx,2,200,5,20,0.080974063867265,0.229431,4.642724752426148,8
adult_tx,2,200,5,20,0.1443187067011216,0.28293,4.642724752426148,9
adult_tx,2,200,5,20,0.1443187067011216,0.221385,4.642724752426148,10
adult_tx,2,200,5,20,0.1443187067011216,0.203032,4.642724752426148,median
adult_tx,4,200,5,20,0.107239136297395,0.221405,4.642724752426148,1
adult_tx,4,200,5,20,0.1375659101002563,0.236916,4.642724752426148,2
adult_tx,4,200,5,20,0.1345599446840733,0.270031,4.642724752426148,3
adult_tx,4,200,5,20,0.1125293601711873,0.229282,4.642724752426148,4
adult_tx,4,200,5,20,0.1125293601711873,0.238834,4.642724752426148,5
adult_tx,4,200,5,20,0.1149321542389524,0.254688,4.642724752426148,6
adult_tx,4,200,5,20,0.1375659101002563,0.256781,4.642724752426148,7
adult_tx,4,200,5,20,0.1375659101002563,0.220959,4.642724752426148,8
adult_tx,4,200,5,20,0.1125293601711873,0.231032,4.642724752426148,9
adult_tx,4,200,5,20,0.0922194888609469,0.279317,4.642724752426148,10
adult_tx,4,200,5,20,0.1125293601711873,0.229282,4.642724752426148,median
adult_tx,8,200,5,20,0.1030088510740542,0.280649,4.642724752426148,1
adult_tx,8,200,5,20,0.1202353467658547,0.303406,4.642724752426148,2
adult_tx,8,200,5,20,0.1063823549826996,0.295078,4.642724752426148,3
adult_tx,8,200,5,20,0.1037767984754605,0.313436,4.642724752426148,4
adult_tx,8,200,5,20,0.1028571289073518,0.289074,4.642724752426148,5
adult_tx,8,200,5,20,0.1076093937365811,0.290648,4.642724752426148,6
adult_tx,8,200,5,20,0.1070714095339832,0.30125,4.642724752426148,7
adult_tx,8,200,5,20,0.1271024503750961,0.255033,4.642724752426148,8
adult_tx,8,200,5,20,0.1100982015027647,0.298217,4.642724752426148,9
adult_tx,8,200,5,20,0.111087055851224,0.253028,4.642724752426148,10
adult_tx,8,200,5,20,0.1076093937365811,0.290648,4.642724752426148,median
adult_tx,10,200,5,20,0.1037334823000289,0.2873,4.642724752426148,1
adult_tx,10,200,5,20,0.101885600426817,0.309099,4.642724752426148,2
adult_tx,10,200,5,20,0.1139161203241734,0.285162,4.642724752426148,3
adult_tx,10,200,5,20,0.1091264424228979,0.310484,4.642724752426148,4
adult_tx,10,200,5,20,0.1013455188398418,0.303275,4.642724752426148,5
adult_tx,10,200,5,20,0.1011381976634614,0.356894,4.642724752426148,6
adult_tx,10,200,5,20,0.1144570109892683,0.295099,4.642724752426148,7
adult_tx,10,200,5,20,0.1038699060472234,0.300933,4.642724752426148,8
adult_tx,10,200,5,20,0.1049539600723137,0.277047,4.642724752426148,9
adult_tx,10,200,5,20,0.0974349803595923,0.282557,4.642724752426148,10
adult_tx,10,200,5,20,0.1037334823000289,0.2873,4.642724752426148,median
adult_tx,16,200,5,20,0.1169745945746095,0.329846,4.642724752426148,1
adult_tx,16,200,5,20,0.1037209264279154,0.316069,4.642724752426148,2
adult_tx,16,200,5,20,0.0982964231526851,0.391169,4.642724752426148,3
adult_tx,16,200,5,20,0.1061181124497999,0.327605,4.642724752426148,4
adult_tx,16,200,5,20,0.0996324336606431,0.351902,4.642724752426148,5
adult_tx,16,200,5,20,0.0944180047363218,0.359716,4.642724752426148,6
adult_tx,16,200,5,20,0.1041206424341214,0.347583,4.642724752426148,7
adult_tx,16,200,5,20,0.0993526106160551,0.327888,4.642724752426148,8
adult_tx,16,200,5,20,0.0967941932699105,0.329484,4.642724752426148,9
adult_tx,16,200,5,20,0.1095519646981624,0.334365,4.642724752426148,10
adult_tx,16,200,5,20,0.0996324336606431,0.351902,4.642724752426148,median
adult_tx,20,200,5,20,0.0972425873433665,0.400179,4.642724752426148,1
adult_tx,20,200,5,20,0.096824501229186,0.410353,4.642724752426148,2
adult_tx,20,200,5,20,0.1014323634957049,0.424962,4.642724752426148,3
adult_tx,20,200,5,20,0.1001193190628698,0.368649,4.642724752426148,4
adult_tx,20,200,5,20,0.1069224260662903,0.43309,4.642724752426148,5
adult_tx,20,200,5,20,0.0992278700401775,0.383965,4.642724752426148,6
adult_tx,20,200,5,20,0.1045941173433664,0.350613,4.642724752426148,7
adult_tx,20,200,5,20,0.1076495244749853,0.370153,4.642724752426148,8
adult_tx,20,200,5,20,0.1009179561729975,0.392215,4.642724752426148,9
adult_tx,20,200,5,20,0.108273674916269,0.369942,4.642724752426148,10
adult_tx,20,200,5,20,0.1014323634957049,0.424962,4.642724752426148,median
adult_tx,50,200,5,20,0.0939742094469083,0.722327,4.642724752426148,1
adult_tx,50,200,5,20,0.0932163626958671,0.784979,4.642724752426148,2
adult_tx,50,200,5,20,0.0918685083870341,0.805862,4.642724752426148,3
adult_tx,50,200,5,20,0.0905513124975869,0.790553,4.642724752426148,4
adult_tx,50,200,5,20,0.0945058118142089,0.727733,4.642724752426148,5
adult_tx,50,200,5,20,0.095313814256115,0.746927,4.642724752426148,6
adult_tx,50,200,5,20,0.091401520339652,0.756362,4.642724752426148,7
adult_tx,50,200,5,20,0.0935900734051028,0.70329,4.642724752426148,8
adult_tx,50,200,5,20,0.094417005049033,0.756551,4.642724752426148,9
adult_tx,50,200,5,20,0.0909600814477017,0.727463,4.642724752426148,10
adult_tx,50,200,5,20,0.0932163626958671,0.784979,4.642724752426148,median
adult_tx,100,200,5,20,0.0863201143918261,1.622715,4.642724752426148,1
adult_tx,100,200,5,20,0.0863514978502834,1.489318,4.642724752426148,2
adult_tx,100,200,5,20,0.0863597186530854,1.522601,4.642724752426148,3
adult_tx,100,200,5,20,0.0872437398919561,1.546438,4.642724752426148,4
adult_tx,100,200,5,20,0.0857160015269048,1.61609,4.642724752426148,5
adult_tx,100,200,5,20,0.0868721773957668,1.650163,4.642724752426148,6
adult_tx,100,200,5,20,0.086964585955898,1.591084,4.642724752426148,7
adult_tx,100,200,5,20,0.0859010472404236,1.516476,4.642724752426148,8
adult_tx,100,200,5,20,0.0860671275866804,1.572424,4.642724752426148,9
adult_tx,100,200,5,20,0.085522030804599,1.599923,4.642724752426148,10
adult_tx,100,200,5,20,0.0863201143918261,1.622715,4.642724752426148,median
adult_tx,2,500,5,5,0.1456497065153955,0.311721,1.906517744064331,1
adult_tx,2,500,5,5,0.1456497065153955,0.383124,1.906517744064331,2
adult_tx,2,500,5,5,0.080974063867265,0.477437,1.906517744064331,3
adult_tx,2,500,5,5,0.1456497065153955,0.467764,1.906517744064331,4
adult_tx,2,500,5,5,0.1456497065153955,0.429681,1.906517744064331,5
adult_tx,2,500,5,5,0.1456854500793722,0.399094,1.906517744064331,6
adult_tx,2,500,5,5,0.1456497065153955,0.440642,1.906517744064331,7
adult_tx,2,500,5,5,0.1456497065153955,0.422463,1.906517744064331,8
adult_tx,2,500,5,5,0.1456497065153955,0.433904,1.906517744064331,9
adult_tx,2,500,5,5,0.1456497065153955,0.420975,1.906517744064331,10
adult_tx,2,500,5,5,0.1456497065153955,0.311721,1.906517744064331,median
adult_tx,4,500,5,5,0.1375659101002563,0.411511,1.906517744064331,1
adult_tx,4,500,5,5,0.1375659101002563,0.434844,1.906517744064331,2
adult_tx,4,500,5,5,0.1181231558684051,0.606882,1.906517744064331,3
adult_tx,4,500,5,5,0.1072121877986682,0.403519,1.906517744064331,4
adult_tx,4,500,5,5,0.1375659101002563,0.418319,1.906517744064331,5
adult_tx,4,500,5,5,0.1375659101002563,0.370923,1.906517744064331,6
adult_tx,4,500,5,5,0.1375659101002563,0.486845,1.906517744064331,7
adult_tx,4,500,5,5,0.1358233598821421,0.481991,1.906517744064331,8
adult_tx,4,500,5,5,0.1072121877986682,0.397512,1.906517744064331,9
adult_tx,4,500,5,5,0.1181231558684051,0.494445,1.906517744064331,10
adult_tx,4,500,5,5,0.1375659101002563,0.411511,1.906517744064331,median
adult_tx,8,500,5,5,0.1031399115008508,0.529051,1.906517744064331,1
adult_tx,8,500,5,5,0.1177142658773138,0.520585,1.906517744064331,2
adult_tx,8,500,5,5,0.112921476337691,0.536269,1.906517744064331,3
adult_tx,8,500,5,5,0.1175803078263938,0.564157,1.906517744064331,4
adult_tx,8,500,5,5,0.1144538169320828,0.507764,1.906517744064331,5
adult_tx,8,500,5,5,0.1134931228982913,0.778265,1.906517744064331,6
adult_tx,8,500,5,5,0.1182055518774851,0.552976,1.906517744064331,7
adult_tx,8,500,5,5,0.1148837104622929,0.529046,1.906517744064331,8
adult_tx,8,500,5,5,0.1151093825535662,0.531477,1.906517744064331,9
adult_tx,8,500,5,5,0.1055169412490631,0.508287,1.906517744064331,10
adult_tx,8,500,5,5,0.1144538169320828,0.507764,1.906517744064331,median
adult_tx,10,500,5,5,0.1141879082376061,0.526652,1.906517744064331,1
adult_tx,10,500,5,5,0.1088053477505053,0.657381,1.906517744064331,2
adult_tx,10,500,5,5,0.1078915211536786,0.582595,1.906517744064331,3
adult_tx,10,500,5,5,0.1198626933306598,0.533038,1.906517744064331,4
adult_tx,10,500,5,5,0.1182531782610785,0.527313,1.906517744064331,5
adult_tx,10,500,5,5,0.109065054571895,0.632306,1.906517744064331,6
adult_tx,10,500,5,5,0.1000278951230162,0.552792,1.906517744064331,7
adult_tx,10,500,5,5,0.1016726892513494,0.562116,1.906517744064331,8
adult_tx,10,500,5,5,0.113979364741968,0.574557,1.906517744064331,9
adult_tx,10,500,5,5,0.0977810092025872,0.540994,1.906517744064331,10
adult_tx,10,500,5,5,0.1088053477505053,0.657381,1.906517744064331,median
adult_tx,16,500,5,5,0.0973049945682226,0.673237,1.906517744064331,1
adult_tx,16,500,5,5,0.0974444403196419,0.632531,1.906517744064331,2
adult_tx,16,500,5,5,0.0959716409317577,0.672943,1.906517744064331,3
adult_tx,16,500,5,5,0.0964515848138941,0.630621,1.906517744064331,4
adult_tx,16,500,5,5,0.104950191001426,0.70713,1.906517744064331,5
adult_tx,16,500,5,5,0.1028560040597235,0.643589,1.906517744064331,6
adult_tx,16,500,5,5,0.1080301018052711,0.658819,1.906517744064331,7
adult_tx,16,500,5,5,0.1057174844839479,0.68452,1.906517744064331,8
adult_tx,16,500,5,5,0.0968387981736538,0.754899,1.906517744064331,9
adult_tx,16,500,5,5,0.0911867741435021,0.67576,1.906517744064331,10
adult_tx,16,500,5,5,0.0973049945682226,0.673237,1.906517744064331,median
adult_tx,20,500,5,5,0.0986046198210428,0.813662,1.906517744064331,1
adult_tx,20,500,5,5,0.1018837156034845,0.789591,1.906517744064331,2
adult_tx,20,500,5,5,0.1100518727606703,0.830214,1.906517744064331,3
adult_tx,20,500,5,5,0.1011923245804309,0.727418,1.906517744064331,4
adult_tx,20,500,5,5,0.1001230087398997,0.785761,1.906517744064331,5
adult_tx,20,500,5,5,0.1029119522320371,0.718544,1.906517744064331,6
adult_tx,20,500,5,5,0.1004594795352744,0.782937,1.906517744064331,7
adult_tx,20,500,5,5,0.0970909605021378,0.753171,1.906517744064331,8
adult_tx,20,500,5,5,0.0978564902855789,0.761205,1.906517744064331,9
adult_tx,20,500,5,5,0.0987491561148597,0.741892,1.906517744064331,10
adult_tx,20,500,5,5,0.1001230087398997,0.785761,1.906517744064331,median
adult_tx,50,500,5,5,0.0980266607967473,1.900752,1.906517744064331,1
adult_tx,50,500,5,5,0.0935756874778064,1.959452,1.906517744064331,2
adult_tx,50,500,5,5,0.0893289885545705,1.605204,1.906517744064331,3
adult_tx,50,500,5,5,0.0942764683953482,2.110192,1.906517744064331,4
adult_tx,50,500,5,5,0.0958234597477715,1.658497,1.906517744064331,5
adult_tx,50,500,5,5,0.0899953836893412,1.679232,1.906517744064331,6
adult_tx,50,500,5,5,0.0928521084865312,1.682496,1.906517744064331,7
adult_tx,50,500,5,5,0.0955867042774542,1.61821,1.906517744064331,8
adult_tx,50,500,5,5,0.0936309908735742,1.580929,1.906517744064331,9
adult_tx,50,500,5,5,0.0969049147501738,1.727199,1.906517744064331,10
adult_tx,50,500,5,5,0.0936309908735742,1.580929,1.906517744064331,median
adult_tx,100,500,5,5,0.0871031505941388,3.693418,1.906517744064331,1
adult_tx,100,500,5,5,0.0866357186704192,3.540095,1.906517744064331,2
adult_tx,100,500,5,5,0.0868431838296277,3.6826,1.906517744064331,3
adult_tx,100,500,5,5,0.0867697740241839,3.485285,1.906517744064331,4
adult_tx,100,500,5,5,0.0872644051154343,3.746583,1.906517744064331,5
adult_tx,100,500,5,5,0.0876766427790246,3.580528,1.906517744064331,6
adult_tx,100,500,5,5,0.0871328191885735,3.576711,1.906517744064331,7
adult_tx,100,500,5,5,0.0870030938217848,3.489797,1.906517744064331,8
adult_tx,100,500,5,5,0.0874422093072715,3.497313,1.906517744064331,9
adult_tx,100,500,5,5,0.0875716155064395,3.692278,1.906517744064331,10
adult_tx,100,500,5,5,0.0871031505941388,3.693418,1.906517744064331,median
adult_tx,2,500,5,10,0.1460758209288626,0.273208,3.8195338249206543,1
adult_tx,2,500,5,10,0.15951125938902,0.626519,3.8195338249206543,2
adult_tx,2,500,5,10,0.15951125938902,0.596293,3.8195338249206543,3
adult_tx,2,500,5,10,0.15951125938902,0.517942,3.8195338249206543,4
adult_tx,2,500,5,10,0.080974063867265,0.407273,3.8195338249206543,5
adult_tx,2,500,5,10,0.15951125938902,0.612997,3.8195338249206543,6
adult_tx,2,500,5,10,0.1460758209288626,0.408815,3.8195338249206543,7
adult_tx,2,500,5,10,0.15951125938902,0.610841,3.8195338249206543,8
adult_tx,2,500,5,10,0.15951125938902,0.584047,3.8195338249206543,9
adult_tx,2,500,5,10,0.080974063867265,0.377577,3.8195338249206543,10
adult_tx,2,500,5,10,0.15951125938902,0.626519,3.8195338249206543,median
adult_tx,4,500,5,10,0.1071705565719441,0.398131,3.8195338249206543,1
adult_tx,4,500,5,10,0.1376226634166952,0.40124,3.8195338249206543,2
adult_tx,4,500,5,10,0.1390981596126234,0.500825,3.8195338249206543,3
adult_tx,4,500,5,10,0.1071705565719441,0.428875,3.8195338249206543,4
adult_tx,4,500,5,10,0.1181160403328036,0.423994,3.8195338249206543,5
adult_tx,4,500,5,10,0.1350756238625493,0.427746,3.8195338249206543,6
adult_tx,4,500,5,10,0.1376226634166952,0.484868,3.8195338249206543,7
adult_tx,4,500,5,10,0.1071705565719441,0.400818,3.8195338249206543,8
adult_tx,4,500,5,10,0.1071705565719441,0.410231,3.8195338249206543,9
adult_tx,4,500,5,10,0.112514204235066,0.413898,3.8195338249206543,10
adult_tx,4,500,5,10,0.1181160403328036,0.423994,3.8195338249206543,median
adult_tx,8,500,5,10,0.1065860760751299,0.581738,3.8195338249206543,1
adult_tx,8,500,5,10,0.1203688258387801,0.592631,3.8195338249206543,2
adult_tx,8,500,5,10,0.1118712831866784,0.593077,3.8195338249206543,3
adult_tx,8,500,5,10,0.1258853650000152,0.491622,3.8195338249206543,4
adult_tx,8,500,5,10,0.1076691073230078,0.511991,3.8195338249206543,5
adult_tx,8,500,5,10,0.1036813300069984,0.472308,3.8195338249206543,6
adult_tx,8,500,5,10,0.1073279718925091,0.548479,3.8195338249206543,7
adult_tx,8,500,5,10,0.1177124991826576,0.462627,3.8195338249206543,8
adult_tx,8,500,5,10,0.1028679607115907,0.587593,3.8195338249206543,9
adult_tx,8,500,5,10,0.1159707580051405,0.479945,3.8195338249206543,10
adult_tx,8,500,5,10,0.1076691073230078,0.511991,3.8195338249206543,median
adult_tx,10,500,5,10,0.1180760816386034,0.504352,3.8195338249206543,1
adult_tx,10,500,5,10,0.1185359289167821,0.598345,3.8195338249206543,2
adult_tx,10,500,5,10,0.1009811163217958,0.543821,3.8195338249206543,3
adult_tx,10,500,5,10,0.1192764240195803,0.586186,3.8195338249206543,4
adult_tx,10,500,5,10,0.101552522009755,0.774142,3.8195338249206543,5
adult_tx,10,500,5,10,0.1075075465301702,0.522958,3.8195338249206543,6
adult_tx,10,500,5,10,0.0989939549121799,0.543627,3.8195338249206543,7
adult_tx,10,500,5,10,0.1071429212996647,0.595366,3.8195338249206543,8
adult_tx,10,500,5,10,0.1008499085967522,0.571869,3.8195338249206543,9
adult_tx,10,500,5,10,0.1076449360671248,0.551613,3.8195338249206543,10
adult_tx,10,500,5,10,0.1075075465301702,0.522958,3.8195338249206543,median
adult_tx,16,500,5,10,0.1048817764847165,0.800579,3.8195338249206543,1
adult_tx,16,500,5,10,0.10769513135137,0.635582,3.8195338249206543,2
adult_tx,16,500,5,10,0.1014948961017055,0.683533,3.8195338249206543,3
adult_tx,16,500,5,10,0.0968833470902978,0.797933,3.8195338249206543,4
adult_tx,16,500,5,10,0.0977080197565989,0.705726,3.8195338249206543,5
adult_tx,16,500,5,10,0.1011699502912437,0.742493,3.8195338249206543,6
adult_tx,16,500,5,10,0.1014756322892239,0.692911,3.8195338249206543,7
adult_tx,16,500,5,10,0.0968680416836219,0.695479,3.8195338249206543,8
adult_tx,16,500,5,10,0.1044199734769754,0.68354,3.8195338249206543,9
adult_tx,16,500,5,10,0.1102552404781718,0.793344,3.8195338249206543,10
adult_tx,16,500,5,10,0.1014948961017055,0.683533,3.8195338249206543,median
adult_tx,20,500,5,10,0.106075804720038,0.862176,3.8195338249206543,1
adult_tx,20,500,5,10,0.1035618110516998,0.753279,3.8195338249206543,2
adult_tx,20,500,5,10,0.1078125075741273,0.775076,3.8195338249206543,3
adult_tx,20,500,5,10,0.104371399243288,0.814452,3.8195338249206543,4
adult_tx,20,500,5,10,0.0989110014231035,0.814065,3.8195338249206543,5
adult_tx,20,500,5,10,0.1090096016317365,0.757432,3.8195338249206543,6
adult_tx,20,500,5,10,0.0975064370958296,0.729335,3.8195338249206543,7
adult_tx,20,500,5,10,0.1017615052884612,0.749344,3.8195338249206543,8
adult_tx,20,500,5,10,0.1050798731007419,0.739104,3.8195338249206543,9
adult_tx,20,500,5,10,0.1094537744316078,0.831347,3.8195338249206543,10
adult_tx,20,500,5,10,0.104371399243288,0.814452,3.8195338249206543,median
adult_tx,50,500,5,10,0.0955529004197207,1.756385,3.8195338249206543,1
adult_tx,50,500,5,10,0.0948945415925309,1.637628,3.8195338249206543,2
adult_tx,50,500,5,10,0.0923688263752909,1.67468,3.8195338249206543,3
adult_tx,50,500,5,10,0.0913276549448747,1.772898,3.8195338249206543,4
adult_tx,50,500,5,10,0.0938592617261709,1.636789,3.8195338249206543,5
adult_tx,50,500,5,10,0.0927233080099672,1.687007,3.8195338249206543,6
adult_tx,50,500,5,10,0.0913224700148033,1.674928,3.8195338249206543,7
adult_tx,50,500,5,10,0.0896597386987574,1.774187,3.8195338249206543,8
adult_tx,50,500,5,10,0.0940333144557659,1.76718,3.8195338249206543,9
adult_tx,50,500,5,10,0.0962504972306864,1.843621,3.8195338249206543,10
adult_tx,50,500,5,10,0.0938592617261709,1.636789,3.8195338249206543,median
adult_tx,100,500,5,10,0.0871079354489839,3.858768,3.8195338249206543,1
adult_tx,100,500,5,10,0.0876308683046104,3.739475,3.8195338249206543,2
adult_tx,100,500,5,10,0.0871035105972016,3.525061,3.8195338249206543,3
adult_tx,100,500,5,10,0.0859046377797567,3.463847,3.8195338249206543,4
adult_tx,100,500,5,10,0.0863514327176901,3.708737,3.8195338249206543,5
adult_tx,100,500,5,10,0.0878171627048278,3.439832,3.8195338249206543,6
adult_tx,100,500,5,10,0.0868652792932949,3.46542,3.8195338249206543,7
adult_tx,100,500,5,10,0.085606589188626,3.49963,3.8195338249206543,8
adult_tx,100,500,5,10,0.0853336062951208,3.480444,3.8195338249206543,9
adult_tx,100,500,5,10,0.0863417646581726,3.504264,3.8195338249206543,10
adult_tx,100,500,5,10,0.0863514327176901,3.708737,3.8195338249206543,median
adult_tx,2,500,5,20,0.1458090033082719,0.316954,7.485044002532959,1
adult_tx,2,500,5,20,0.080974063867265,0.348856,7.485044002532959,2
adult_tx,2,500,5,20,0.1458090033082719,0.47366,7.485044002532959,3
adult_tx,2,500,5,20,0.080974063867265,0.439549,7.485044002532959,4
adult_tx,2,500,5,20,0.1458090033082719,0.454877,7.485044002532959,5
adult_tx,2,500,5,20,0.080974063867265,0.356094,7.485044002532959,6
adult_tx,2,500,5,20,0.1458090033082719,0.404558,7.485044002532959,7
adult_tx,2,500,5,20,0.080974063867265,0.344013,7.485044002532959,8
adult_tx,2,500,5,20,0.1458090033082719,0.395346,7.485044002532959,9
adult_tx,2,500,5,20,0.080974063867265,0.451482,7.485044002532959,10
adult_tx,2,500,5,20,0.080974063867265,0.348856,7.485044002532959,median
adult_tx,4,500,5,20,0.138730627569891,0.440083,7.485044002532959,1
adult_tx,4,500,5,20,0.1375659101002563,0.60582,7.485044002532959,2
adult_tx,4,500,5,20,0.1124568172972763,0.428899,7.485044002532959,3
adult_tx,4,500,5,20,0.1071818713638457,0.433383,7.485044002532959,4
adult_tx,4,500,5,20,0.1395907052723751,0.500709,7.485044002532959,5
adult_tx,4,500,5,20,0.1180457502548072,0.472714,7.485044002532959,6
adult_tx,4,500,5,20,0.1375659101002563,0.422938,7.485044002532959,7
adult_tx,4,500,5,20,0.1124568172972763,0.422334,7.485044002532959,8
adult_tx,4,500,5,20,0.092390635117183,0.463,7.485044002532959,9
adult_tx,4,500,5,20,0.1180457502548072,0.419501,7.485044002532959,10
adult_tx,4,500,5,20,0.1180457502548072,0.472714,7.485044002532959,median
adult_tx,8,500,5,20,0.1058153170643774,0.484679,7.485044002532959,1
adult_tx,8,500,5,20,0.1363816169483942,0.489335,7.485044002532959,2
adult_tx,8,500,5,20,0.1168818043916649,0.463283,7.485044002532959,3
adult_tx,8,500,5,20,0.1036202155731315,0.526627,7.485044002532959,4
adult_tx,8,500,5,20,0.1076506951902766,0.502771,7.485044002532959,5
adult_tx,8,500,5,20,0.1196735981633642,0.51337,7.485044002532959,6
adult_tx,8,500,5,20,0.1161027550189069,0.488515,7.485044002532959,7
adult_tx,8,500,5,20,0.1058153170643774,0.536852,7.485044002532959,8
adult_tx,8,500,5,20,0.1134877803218942,0.567572,7.485044002532959,9
adult_tx,8,500,5,20,0.1024110659795092,0.488288,7.485044002532959,10
adult_tx,8,500,5,20,0.1076506951902766,0.502771,7.485044002532959,median
adult_tx,10,500,5,20,0.124103093832624,0.871287,7.485044002532959,1
adult_tx,10,500,5,20,0.1149550804422988,0.607544,7.485044002532959,2
adult_tx,10,500,5,20,0.1042074964820174,0.683493,7.485044002532959,3
adult_tx,10,500,5,20,0.1073713849116273,0.59076,7.485044002532959,4
adult_tx,10,500,5,20,0.110051190687503,0.649117,7.485044002532959,5
adult_tx,10,500,5,20,0.1098943971996191,0.673999,7.485044002532959,6
adult_tx,10,500,5,20,0.1065537849819638,0.624732,7.485044002532959,7
adult_tx,10,500,5,20,0.1090680658899051,0.722863,7.485044002532959,8
adult_tx,10,500,5,20,0.1085612507283312,0.601375,7.485044002532959,9
adult_tx,10,500,5,20,0.1110060717683027,0.651121,7.485044002532959,10
adult_tx,10,500,5,20,0.1098943971996191,0.673999,7.485044002532959,median
adult_tx,16,500,5,20,0.0986963082051186,0.658548,7.485044002532959,1
adult_tx,16,500,5,20,0.1020245581777904,0.826555,7.485044002532959,2
adult_tx,16,500,5,20,0.1069789290515405,0.65104,7.485044002532959,3
adult_tx,16,500,5,20,0.111421106013274,0.69866,7.485044002532959,4
adult_tx,16,500,5,20,0.1040815004412133,0.660184,7.485044002532959,5
adult_tx,16,500,5,20,0.1003733739922117,0.808363,7.485044002532959,6
adult_tx,16,500,5,20,0.1021873912234648,0.632441,7.485044002532959,7
adult_tx,16,500,5,20,0.1039996797558769,0.676731,7.485044002532959,8
adult_tx,16,500,5,20,0.1033484232966816,0.764543,7.485044002532959,9
adult_tx,16,500,5,20,0.1078987801034195,0.736754,7.485044002532959,10
adult_tx,16,500,5,20,0.1039996797558769,0.676731,7.485044002532959,median
adult_tx,20,500,5,20,0.100099160704725,0.745269,7.485044002532959,1
adult_tx,20,500,5,20,0.1053477309617665,0.782557,7.485044002532959,2
adult_tx,20,500,5,20,0.1055921337565242,0.705368,7.485044002532959,3
adult_tx,20,500,5,20,0.1061849482900105,0.760666,7.485044002532959,4
adult_tx,20,500,5,20,0.0977934073150578,0.76698,7.485044002532959,5
adult_tx,20,500,5,20,0.105391088318057,0.771981,7.485044002532959,6
adult_tx,20,500,5,20,0.097153771678243,0.714661,7.485044002532959,7
adult_tx,20,500,5,20,0.0979332624687171,0.898405,7.485044002532959,8
adult_tx,20,500,5,20,0.1036891024976194,0.779302,7.485044002532959,9
adult_tx,20,500,5,20,0.1008698636722215,0.71916,7.485044002532959,10
adult_tx,20,500,5,20,0.1008698636722215,0.71916,7.485044002532959,median
adult_tx,50,500,5,20,0.0917527935439,1.704542,7.485044002532959,1
adult_tx,50,500,5,20,0.0934052277130275,1.698207,7.485044002532959,2
adult_tx,50,500,5,20,0.0954068145213092,1.598458,7.485044002532959,3
adult_tx,50,500,5,20,0.0915324654131059,1.66445,7.485044002532959,4
adult_tx,50,500,5,20,0.0934325443892047,1.775718,7.485044002532959,5
adult_tx,50,500,5,20,0.0932442039692049,1.632767,7.485044002532959,6
adult_tx,50,500,5,20,0.0929167769843774,1.651451,7.485044002532959,7
adult_tx,50,500,5,20,0.0948961147464132,1.764179,7.485044002532959,8
adult_tx,50,500,5,20,0.0881520820354387,1.643178,7.485044002532959,9
adult_tx,50,500,5,20,0.0931997436054206,1.63297,7.485044002532959,10
adult_tx,50,500,5,20,0.0932442039692049,1.632767,7.485044002532959,median
adult_tx,100,500,5,20,0.0861788402154773,3.570853,7.485044002532959,1
adult_tx,100,500,5,20,0.0853210872884272,3.38553,7.485044002532959,2
adult_tx,100,500,5,20,0.0857777651095227,3.61741,7.485044002532959,3
adult_tx,100,500,5,20,0.0864785486398826,3.607898,7.485044002532959,4
adult_tx,100,500,5,20,0.0853485879658473,3.439936,7.485044002532959,5
adult_tx,100,500,5,20,0.0863215851958764,3.467012,7.485044002532959,6
adult_tx,100,500,5,20,0.0867157340740741,3.488421,7.485044002532959,7
adult_tx,100,500,5,20,0.0850050751172299,3.520662,7.485044002532959,8
adult_tx,100,500,5,20,0.0872424697931515,3.680699,7.485044002532959,9
adult_tx,100,500,5,20,0.0859141591157821,3.567456,7.485044002532959,10
adult_tx,100,500,5,20,0.0861788402154773,3.570853,7.485044002532959,median
adult_tx,2,50,10,5,0.1677014783262091,0.125381,0.8402976989746094,1
adult_tx,2,50,10,5,0.1677014783262091,0.13429,0.8402976989746094,2
adult_tx,2,50,10,5,0.1677014783262091,0.141563,0.8402976989746094,3
adult_tx,2,50,10,5,0.1465202320325211,0.13542,0.8402976989746094,4
adult_tx,2,50,10,5,0.1677014783262091,0.143817,0.8402976989746094,5
adult_tx,2,50,10,5,0.1677014783262091,0.143772,0.8402976989746094,6
adult_tx,2,50,10,5,0.1465202320325211,0.155789,0.8402976989746094,7
adult_tx,2,50,10,5,0.1677014783262091,0.144999,0.8402976989746094,8
adult_tx,2,50,10,5,3.773141177149315e-05,0.114578,0.8402976989746094,9
adult_tx,2,50,10,5,0.1465202320325211,0.114687,0.8402976989746094,10
adult_tx,2,50,10,5,0.1677014783262091,0.125381,0.8402976989746094,median
adult_tx,4,50,10,5,0.1389767975096873,0.150084,0.8402976989746094,1
adult_tx,4,50,10,5,0.107227818622463,0.127909,0.8402976989746094,2
adult_tx,4,50,10,5,0.129964407404693,0.175003,0.8402976989746094,3
adult_tx,4,50,10,5,0.0957712426869195,0.145472,0.8402976989746094,4
adult_tx,4,50,10,5,0.129802987347979,0.151772,0.8402976989746094,5
adult_tx,4,50,10,5,0.102753576107977,0.152686,0.8402976989746094,6
adult_tx,4,50,10,5,0.1196283172786426,0.139301,0.8402976989746094,7
adult_tx,4,50,10,5,0.1376060498284678,0.144076,0.8402976989746094,8
adult_tx,4,50,10,5,0.107227818622463,0.147516,0.8402976989746094,9
adult_tx,4,50,10,5,0.107227818622463,0.136435,0.8402976989746094,10
adult_tx,4,50,10,5,0.1196283172786426,0.139301,0.8402976989746094,median
adult_tx,8,50,10,5,0.1034248394718888,0.167339,0.8402976989746094,1
adult_tx,8,50,10,5,0.1160136968892077,0.172806,0.8402976989746094,2
adult_tx,8,50,10,5,0.1170691269663945,0.151834,0.8402976989746094,3
adult_tx,8,50,10,5,0.1156903922051118,0.164997,0.8402976989746094,4
adult_tx,8,50,10,5,0.1022309564910163,0.151486,0.8402976989746094,5
adult_tx,8,50,10,5,0.1112413236032613,0.159173,0.8402976989746094,6
adult_tx,8,50,10,5,0.1171631311461385,0.164482,0.8402976989746094,7
adult_tx,8,50,10,5,0.1066263234441966,0.154243,0.8402976989746094,8
adult_tx,8,50,10,5,0.1133607539994804,0.163822,0.8402976989746094,9
adult_tx,8,50,10,5,0.1058341895232448,0.151898,0.8402976989746094,10
adult_tx,8,50,10,5,0.1112413236032613,0.159173,0.8402976989746094,median
adult_tx,10,50,10,5,0.0983553826057787,0.166354,0.8402976989746094,1
adult_tx,10,50,10,5,0.0991939496871122,0.159126,0.8402976989746094,2
adult_tx,10,50,10,5,0.1017203465787097,0.183823,0.8402976989746094,3
adult_tx,10,50,10,5,0.1098243037153502,0.16453,0.8402976989746094,4
adult_tx,10,50,10,5,0.1019192317974735,0.171253,0.8402976989746094,5
adult_tx,10,50,10,5,0.1028831257132392,0.173836,0.8402976989746094,6
adult_tx,10,50,10,5,0.1093061226830611,0.166905,0.8402976989746094,7
adult_tx,10,50,10,5,0.1177847134772493,0.165751,0.8402976989746094,8
adult_tx,10,50,10,5,0.1087384688769747,0.16165,0.8402976989746094,9
adult_tx,10,50,10,5,0.122742270143597,0.151532,0.8402976989746094,10
adult_tx,10,50,10,5,0.1028831257132392,0.173836,0.8402976989746094,median
adult_tx,16,50,10,5,0.0942113514659027,0.170768,0.8402976989746094,1
adult_tx,16,50,10,5,0.0945929959420019,0.178609,0.8402976989746094,2
adult_tx,16,50,10,5,0.0925023495019941,0.188646,0.8402976989746094,3
adult_tx,16,50,10,5,0.1004727556363381,0.187652,0.8402976989746094,4
adult_tx,16,50,10,5,0.102935055684813,0.176956,0.8402976989746094,5
adult_tx,16,50,10,5,0.0952301747023699,0.182051,0.8402976989746094,6
adult_tx,16,50,10,5,0.1033161161218006,0.189406,0.8402976989746094,7
adult_tx,16,50,10,5,0.0983718772538134,0.194087,0.8402976989746094,8
adult_tx,16,50,10,5,0.1083290338323168,0.198623,0.8402976989746094,9
adult_tx,16,50,10,5,0.1044586778346254,0.19579,0.8402976989746094,10
adult_tx,16,50,10,5,0.1004727556363381,0.187652,0.8402976989746094,median
adult_tx,20,50,10,5,0.0995352897326312,0.203032,0.8402976989746094,1
adult_tx,20,50,10,5,0.0974336706723995,0.189046,0.8402976989746094,2
adult_tx,20,50,10,5,0.0961428252257116,0.196537,0.8402976989746094,3
adult_tx,20,50,10,5,0.0986949184038395,0.195488,0.8402976989746094,4
adult_tx,20,50,10,5,0.1036536234548525,0.198118,0.8402976989746094,5
adult_tx,20,50,10,5,0.1073208422666458,0.198337,0.8402976989746094,6
adult_tx,20,50,10,5,0.099422641875602,0.189374,0.8402976989746094,7
adult_tx,20,50,10,5,0.1026018653666066,0.193975,0.8402976989746094,8
adult_tx,20,50,10,5,0.1009972709873389,0.205088,0.8402976989746094,9
adult_tx,20,50,10,5,0.0946688611661918,0.208167,0.8402976989746094,10
adult_tx,20,50,10,5,0.0995352897326312,0.203032,0.8402976989746094,median
adult_tx,50,50,10,5,0.093990596207861,0.294917,0.8402976989746094,1
adult_tx,50,50,10,5,0.0951312015914139,0.321602,0.8402976989746094,2
adult_tx,50,50,10,5,0.0955113741842578,0.307268,0.8402976989746094,3
adult_tx,50,50,10,5,0.0910293476042153,0.312617,0.8402976989746094,4
adult_tx,50,50,10,5,0.0932709418121365,0.311284,0.8402976989746094,5
adult_tx,50,50,10,5,0.0934587845177874,0.311966,0.8402976989746094,6
adult_tx,50,50,10,5,0.0922790203337915,0.30708,0.8402976989746094,7
adult_tx,50,50,10,5,0.0933901298733879,0.314785,0.8402976989746094,8
adult_tx,50,50,10,5,0.093014246779285,0.30396,0.8402976989746094,9
adult_tx,50,50,10,5,0.0911360041146465,0.30518,0.8402976989746094,10
adult_tx,50,50,10,5,0.0932709418121365,0.311284,0.8402976989746094,median
adult_tx,100,50,10,5,0.085630190713339,0.553394,0.8402976989746094,1
adult_tx,100,50,10,5,0.0856035306827054,0.542768,0.8402976989746094,2
adult_tx,100,50,10,5,0.0865011786425788,0.554546,0.8402976989746094,3
adult_tx,100,50,10,5,0.0864674557202471,0.544166,0.8402976989746094,4
adult_tx,100,50,10,5,0.0870264102169954,0.532239,0.8402976989746094,5
adult_tx,100,50,10,5,0.0877352069931174,0.522496,0.8402976989746094,6
adult_tx,100,50,10,5,0.0861115492292772,0.547248,0.8402976989746094,7
adult_tx,100,50,10,5,0.0853967651784673,0.551057,0.8402976989746094,8
adult_tx,100,50,10,5,0.0858574303350246,0.543902,0.8402976989746094,9
adult_tx,100,50,10,5,0.0862439004862148,0.527834,0.8402976989746094,10
adult_tx,100,50,10,5,0.0861115492292772,0.547248,0.8402976989746094,median
adult_tx,2,50,10,10,0.1455954902135648,0.125847,1.6907761096954346,1
adult_tx,2,50,10,10,0.1455954902135648,0.1312,1.6907761096954346,2
adult_tx,2,50,10,10,0.1455954902135648,0.12749,1.6907761096954346,3
adult_tx,2,50,10,10,0.1455954902135648,0.141867,1.6907761096954346,4
adult_tx,2,50,10,10,0.1455954902135648,0.139726,1.6907761096954346,5
adult_tx,2,50,10,10,0.1455954902135648,0.137004,1.6907761096954346,6
adult_tx,2,50,10,10,0.1455954902135648,0.142205,1.6907761096954346,7
adult_tx,2,50,10,10,0.1455954902135648,0.146124,1.6907761096954346,8
adult_tx,2,50,10,10,0.1455954902135648,0.145169,1.6907761096954346,9
adult_tx,2,50,10,10,0.080974063867265,0.133096,1.6907761096954346,10
adult_tx,2,50,10,10,0.1455954902135648,0.125847,1.6907761096954346,median
adult_tx,4,50,10,10,0.1180070424080057,0.135561,1.6907761096954346,1
adult_tx,4,50,10,10,0.1072504549797328,0.139604,1.6907761096954346,2
adult_tx,4,50,10,10,0.137590630381814,0.117178,1.6907761096954346,3
adult_tx,4,50,10,10,0.1153418255800531,0.160598,1.6907761096954346,4
adult_tx,4,50,10,10,0.137590630381814,0.141711,1.6907761096954346,5
adult_tx,4,50,10,10,0.1260184572668988,0.146891,1.6907761096954346,6
adult_tx,4,50,10,10,0.137590630381814,0.1409,1.6907761096954346,7
adult_tx,4,50,10,10,0.1576761037404835,0.146363,1.6907761096954346,8
adult_tx,4,50,10,10,0.1401654537369938,0.143273,1.6907761096954346,9
adult_tx,4,50,10,10,0.1179907732326441,0.156725,1.6907761096954346,10
adult_tx,4,50,10,10,0.137590630381814,0.117178,1.6907761096954346,median
adult_tx,8,50,10,10,0.1109344362338739,0.155951,1.6907761096954346,1
adult_tx,8,50,10,10,0.1085365453568522,0.156769,1.6907761096954346,2
adult_tx,8,50,10,10,0.1125253958118459,0.146819,1.6907761096954346,3
adult_tx,8,50,10,10,0.114473650562103,0.157963,1.6907761096954346,4
adult_tx,8,50,10,10,0.1047198054115072,0.168906,1.6907761096954346,5
adult_tx,8,50,10,10,0.1029362272321205,0.156764,1.6907761096954346,6
adult_tx,8,50,10,10,0.112330984929705,0.152805,1.6907761096954346,7
adult_tx,8,50,10,10,0.1185709488541625,0.168937,1.6907761096954346,8
adult_tx,8,50,10,10,0.1187257923533756,0.16634,1.6907761096954346,9
adult_tx,8,50,10,10,0.1075052423775224,0.165544,1.6907761096954346,10
adult_tx,8,50,10,10,0.1109344362338739,0.155951,1.6907761096954346,median
adult_tx,10,50,10,10,0.1093645197342677,0.155245,1.6907761096954346,1
adult_tx,10,50,10,10,0.1056947501241825,0.160394,1.6907761096954346,2
adult_tx,10,50,10,10,0.107387635669463,0.160811,1.6907761096954346,3
adult_tx,10,50,10,10,0.1093139008700157,0.163811,1.6907761096954346,4
adult_tx,10,50,10,10,0.1155389389158689,0.160345,1.6907761096954346,5
adult_tx,10,50,10,10,0.1095858263128642,0.156108,1.6907761096954346,6
adult_tx,10,50,10,10,0.1135615178104318,0.163097,1.6907761096954346,7
adult_tx,10,50,10,10,0.1178370874518211,0.179269,1.6907761096954346,8
adult_tx,10,50,10,10,0.0983609073649521,0.161918,1.6907761096954346,9
adult_tx,10,50,10,10,0.1007494167040253,0.162455,1.6907761096954346,10
adult_tx,10,50,10,10,0.1093645197342677,0.155245,1.6907761096954346,median
adult_tx,16,50,10,10,0.1062612004614536,0.180172,1.6907761096954346,1
adult_tx,16,50,10,10,0.1099582577813553,0.173626,1.6907761096954346,2
adult_tx,16,50,10,10,0.1032726743475993,0.185446,1.6907761096954346,3
adult_tx,16,50,10,10,0.1069264743653565,0.185035,1.6907761096954346,4
adult_tx,16,50,10,10,0.1015313137573788,0.174995,1.6907761096954346,5
adult_tx,16,50,10,10,0.1036043686080707,0.173327,1.6907761096954346,6
adult_tx,16,50,10,10,0.1061214385627693,0.173246,1.6907761096954346,7
adult_tx,16,50,10,10,0.1035944480455549,0.184455,1.6907761096954346,8
adult_tx,16,50,10,10,0.1086352738985523,0.193637,1.6907761096954346,9
adult_tx,16,50,10,10,0.1002615331330223,0.178604,1.6907761096954346,10
adult_tx,16,50,10,10,0.1036043686080707,0.173327,1.6907761096954346,median
adult_tx,20,50,10,10,0.1058011303156312,0.18533,1.6907761096954346,1
adult_tx,20,50,10,10,0.1079755157297275,0.189271,1.6907761096954346,2
adult_tx,20,50,10,10,0.1021306847450048,0.18676,1.6907761096954346,3
adult_tx,20,50,10,10,0.1071206741195823,0.203361,1.6907761096954346,4
adult_tx,20,50,10,10,0.1005820656965486,0.184243,1.6907761096954346,5
adult_tx,20,50,10,10,0.1018141846154434,0.18729,1.6907761096954346,6
adult_tx,20,50,10,10,0.0928846384183696,0.196641,1.6907761096954346,7
adult_tx,20,50,10,10,0.0982199535244891,0.18138,1.6907761096954346,8
adult_tx,20,50,10,10,0.101282362438199,0.203116,1.6907761096954346,9
adult_tx,20,50,10,10,0.1107188335478435,0.217349,1.6907761096954346,10
adult_tx,20,50,10,10,0.1021306847450048,0.18676,1.6907761096954346,median
adult_tx,50,50,10,10,0.093240126951925,0.285087,1.6907761096954346,1
adult_tx,50,50,10,10,0.0913290376402573,0.312005,1.6907761096954346,2
adult_tx,50,50,10,10,0.0926636462931099,0.303311,1.6907761096954346,3
adult_tx,50,50,10,10,0.0911692256026519,0.311039,1.6907761096954346,4
adult_tx,50,50,10,10,0.0895136226973559,0.312479,1.6907761096954346,5
adult_tx,50,50,10,10,0.0901365125815466,0.297203,1.6907761096954346,6
adult_tx,50,50,10,10,0.0942519242749484,0.313961,1.6907761096954346,7
adult_tx,50,50,10,10,0.0934980480957436,0.304821,1.6907761096954346,8
adult_tx,50,50,10,10,0.0950530920508671,0.342885,1.6907761096954346,9
adult_tx,50,50,10,10,0.0923452518831633,0.320929,1.6907761096954346,10
adult_tx,50,50,10,10,0.0923452518831633,0.320929,1.6907761096954346,median
adult_tx,100,50,10,10,0.08817971809321,0.537652,1.6907761096954346,1
adult_tx,100,50,10,10,0.0849753739802545,0.585299,1.6907761096954346,2
adult_tx,100,50,10,10,0.0860199881704268,0.518719,1.6907761096954346,3
adult_tx,100,50,10,10,0.0856535018690614,0.557633,1.6907761096954346,4
adult_tx,100,50,10,10,0.0868388873402221,0.562114,1.6907761096954346,5
adult_tx,100,50,10,10,0.0869793960716172,0.574909,1.6907761096954346,6
adult_tx,100,50,10,10,0.0854673884632611,0.564656,1.6907761096954346,7
adult_tx,100,50,10,10,0.0853564532904516,0.564404,1.6907761096954346,8
adult_tx,100,50,10,10,0.0863682465709582,0.533654,1.6907761096954346,9
adult_tx,100,50,10,10,0.0874338733318043,0.588191,1.6907761096954346,10
adult_tx,100,50,10,10,0.0860199881704268,0.518719,1.6907761096954346,median
adult_tx,2,50,10,20,0.1449730140294039,0.118372,3.4814226627349854,1
adult_tx,2,50,10,20,0.1451147159487697,0.141194,3.4814226627349854,2
adult_tx,2,50,10,20,0.145061532492993,0.158222,3.4814226627349854,3
adult_tx,2,50,10,20,0.080974063867265,0.109017,3.4814226627349854,4
adult_tx,2,50,10,20,0.1449730140294039,0.14011,3.4814226627349854,5
adult_tx,2,50,10,20,0.145061532492993,0.155587,3.4814226627349854,6
adult_tx,2,50,10,20,0.1451147159487697,0.145843,3.4814226627349854,7
adult_tx,2,50,10,20,0.1451147159487697,0.145292,3.4814226627349854,8
adult_tx,2,50,10,20,0.145061532492993,0.156072,3.4814226627349854,9
adult_tx,2,50,10,20,0.145061532492993,0.150754,3.4814226627349854,10
adult_tx,2,50,10,20,0.145061532492993,0.158222,3.4814226627349854,median
adult_tx,4,50,10,20,0.1376555023139296,0.151235,3.4814226627349854,1
adult_tx,4,50,10,20,0.1262969847805283,0.161627,3.4814226627349854,2
adult_tx,4,50,10,20,0.1376555023139296,0.153714,3.4814226627349854,3
adult_tx,4,50,10,20,0.1295365222682255,0.167025,3.4814226627349854,4
adult_tx,4,50,10,20,0.1124073932907256,0.169364,3.4814226627349854,5
adult_tx,4,50,10,20,0.1376555023139296,0.143762,3.4814226627349854,6
adult_tx,4,50,10,20,0.1229983890827997,0.165265,3.4814226627349854,7
adult_tx,4,50,10,20,0.1395509880116717,0.152593,3.4814226627349854,8
adult_tx,4,50,10,20,0.1124073932907256,0.150279,3.4814226627349854,9
adult_tx,4,50,10,20,0.1376555023139296,0.153157,3.4814226627349854,10
adult_tx,4,50,10,20,0.1376555023139296,0.151235,3.4814226627349854,median
adult_tx,8,50,10,20,0.1096883354442317,0.169452,3.4814226627349854,1
adult_tx,8,50,10,20,0.1208696382212518,0.175661,3.4814226627349854,2
adult_tx,8,50,10,20,0.1141933354562527,0.178994,3.4814226627349854,3
adult_tx,8,50,10,20,0.1020651428044628,0.163986,3.4814226627349854,4
adult_tx,8,50,10,20,0.1174712815820166,0.159241,3.4814226627349854,5
adult_tx,8,50,10,20,0.1077694399976992,0.162005,3.4814226627349854,6
adult_tx,8,50,10,20,0.10432297100772,0.171339,3.4814226627349854,7
adult_tx,8,50,10,20,0.112150013159201,0.168137,3.4814226627349854,8
adult_tx,8,50,10,20,0.1141571987982815,0.160852,3.4814226627349854,9
adult_tx,8,50,10,20,0.1173869442438492,0.163536,3.4814226627349854,10
adult_tx,8,50,10,20,0.112150013159201,0.168137,3.4814226627349854,median
adult_tx,10,50,10,20,0.101775105073028,0.176093,3.4814226627349854,1
adult_tx,10,50,10,20,0.1103567081643859,0.171641,3.4814226627349854,2
adult_tx,10,50,10,20,0.1010622052186914,0.178896,3.4814226627349854,3
adult_tx,10,50,10,20,0.1221908624125048,0.160219,3.4814226627349854,4
adult_tx,10,50,10,20,0.1148363054381502,0.166867,3.4814226627349854,5
adult_tx,10,50,10,20,0.1045651366346844,0.161376,3.4814226627349854,6
adult_tx,10,50,10,20,0.1063862142235422,0.165022,3.4814226627349854,7
adult_tx,10,50,10,20,0.1108172619058549,0.16133,3.4814226627349854,8
adult_tx,10,50,10,20,0.1165705164442205,0.181682,3.4814226627349854,9
adult_tx,10,50,10,20,0.1024373030206865,0.189822,3.4814226627349854,10
adult_tx,10,50,10,20,0.1103567081643859,0.171641,3.4814226627349854,median
adult_tx,16,50,10,20,0.1083351561553485,0.187859,3.4814226627349854,1
adult_tx,16,50,10,20,0.0967165369993694,0.204098,3.4814226627349854,2
adult_tx,16,50,10,20,0.0969808959008909,0.187169,3.4814226627349854,3
adult_tx,16,50,10,20,0.0989713354326465,0.18822,3.4814226627349854,4
adult_tx,16,50,10,20,0.1076952551142112,0.182525,3.4814226627349854,5
adult_tx,16,50,10,20,0.1061123816611018,0.187556,3.4814226627349854,6
adult_tx,16,50,10,20,0.1074757819267732,0.18656,3.4814226627349854,7
adult_tx,16,50,10,20,0.0982910967870546,0.18184,3.4814226627349854,8
adult_tx,16,50,10,20,0.1113391868712057,0.182713,3.4814226627349854,9
adult_tx,16,50,10,20,0.1122441861617851,0.194482,3.4814226627349854,10
adult_tx,16,50,10,20,0.1061123816611018,0.187556,3.4814226627349854,median
adult_tx,20,50,10,20,0.1032835926693053,0.214096,3.4814226627349854,1
adult_tx,20,50,10,20,0.1111285152003689,0.190792,3.4814226627349854,2
adult_tx,20,50,10,20,0.0978880962360019,0.19268,3.4814226627349854,3
adult_tx,20,50,10,20,0.0940989842043681,0.203793,3.4814226627349854,4
adult_tx,20,50,10,20,0.098045010800047,0.217265,3.4814226627349854,5
adult_tx,20,50,10,20,0.1073040964475552,0.193339,3.4814226627349854,6
adult_tx,20,50,10,20,0.1025827189184879,0.194649,3.4814226627349854,7
adult_tx,20,50,10,20,0.1026203337421227,0.199464,3.4814226627349854,8
adult_tx,20,50,10,20,0.090041763910716,0.204012,3.4814226627349854,9
adult_tx,20,50,10,20,0.1096060420296717,0.198845,3.4814226627349854,10
adult_tx,20,50,10,20,0.1025827189184879,0.194649,3.4814226627349854,median
adult_tx,50,50,10,20,0.0963136614414726,0.320658,3.4814226627349854,1
adult_tx,50,50,10,20,0.0920119693586472,0.314679,3.4814226627349854,2
adult_tx,50,50,10,20,0.0926081560782104,0.331248,3.4814226627349854,3
adult_tx,50,50,10,20,0.094474189266151,0.320419,3.4814226627349854,4
adult_tx,50,50,10,20,0.0929593938037985,0.308434,3.4814226627349854,5
adult_tx,50,50,10,20,0.0893023464243201,0.313525,3.4814226627349854,6
adult_tx,50,50,10,20,0.0957733064746403,0.331,3.4814226627349854,7
adult_tx,50,50,10,20,0.0950712472665151,0.319363,3.4814226627349854,8
adult_tx,50,50,10,20,0.0902973685986412,0.327652,3.4814226627349854,9
adult_tx,50,50,10,20,0.093735640756819,0.301357,3.4814226627349854,10
adult_tx,50,50,10,20,0.0929593938037985,0.308434,3.4814226627349854,median
adult_tx,100,50,10,20,0.0859710542815046,0.559902,3.4814226627349854,1
adult_tx,100,50,10,20,0.0860014658192604,0.554097,3.4814226627349854,2
adult_tx,100,50,10,20,0.0877054440573818,0.532608,3.4814226627349854,3
adult_tx,100,50,10,20,0.0842606711208699,0.559044,3.4814226627349854,4
adult_tx,100,50,10,20,0.0858627533056449,0.53567,3.4814226627349854,5
adult_tx,100,50,10,20,0.086639731089126,0.565282,3.4814226627349854,6
adult_tx,100,50,10,20,0.0862267316097894,0.565845,3.4814226627349854,7
adult_tx,100,50,10,20,0.0857214353496512,0.558833,3.4814226627349854,8
adult_tx,100,50,10,20,0.084683793833865,0.55615,3.4814226627349854,9
adult_tx,100,50,10,20,0.0851772624545978,0.576055,3.4814226627349854,10
adult_tx,100,50,10,20,0.0859710542815046,0.559902,3.4814226627349854,median
adult_tx,2,100,10,5,0.1441957232010905,0.140335,0.8594136238098145,1
adult_tx,2,100,10,5,0.1441957232010905,0.161976,0.8594136238098145,2
adult_tx,2,100,10,5,0.1441957232010905,0.175168,0.8594136238098145,3
adult_tx,2,100,10,5,0.1441957232010905,0.172952,0.8594136238098145,4
adult_tx,2,100,10,5,0.1441957232010905,0.180998,0.8594136238098145,5
adult_tx,2,100,10,5,0.1441957232010905,0.188131,0.8594136238098145,6
adult_tx,2,100,10,5,0.1441957232010905,0.179308,0.8594136238098145,7
adult_tx,2,100,10,5,0.1441957232010905,0.189266,0.8594136238098145,8
adult_tx,2,100,10,5,0.1441957232010905,0.178862,0.8594136238098145,9
adult_tx,2,100,10,5,0.080974063867265,0.160811,0.8594136238098145,10
adult_tx,2,100,10,5,0.1441957232010905,0.172952,0.8594136238098145,median
adult_tx,4,100,10,5,0.1376060498284678,0.179516,0.8594136238098145,1
adult_tx,4,100,10,5,0.1158954680658886,0.191388,0.8594136238098145,2
adult_tx,4,100,10,5,0.0931001875018484,0.199752,0.8594136238098145,3
adult_tx,4,100,10,5,0.1252790477080891,0.18366,0.8594136238098145,4
adult_tx,4,100,10,5,0.1252790477080891,0.193223,0.8594136238098145,5
adult_tx,4,100,10,5,0.0931001875018485,0.187426,0.8594136238098145,6
adult_tx,4,100,10,5,0.1376060498284678,0.179569,0.8594136238098145,7
adult_tx,4,100,10,5,0.1192991239529979,0.195391,0.8594136238098145,8
adult_tx,4,100,10,5,0.1376060498284678,0.185586,0.8594136238098145,9
adult_tx,4,100,10,5,0.1376060498284678,0.177473,0.8594136238098145,10
adult_tx,4,100,10,5,0.1252790477080891,0.18366,0.8594136238098145,median
adult_tx,8,100,10,5,0.1043543009521955,0.217073,0.8594136238098145,1
adult_tx,8,100,10,5,0.1126688430230051,0.201934,0.8594136238098145,2
adult_tx,8,100,10,5,0.1040268443813228,0.189006,0.8594136238098145,3
adult_tx,8,100,10,5,0.1075746354912822,0.207415,0.8594136238098145,4
adult_tx,8,100,10,5,0.1051787132568181,0.200474,0.8594136238098145,5
adult_tx,8,100,10,5,0.1049793809336988,0.220566,0.8594136238098145,6
adult_tx,8,100,10,5,0.1028849668362443,0.197959,0.8594136238098145,7
adult_tx,8,100,10,5,0.1043263912467635,0.198006,0.8594136238098145,8
adult_tx,8,100,10,5,0.1133800665616592,0.203436,0.8594136238098145,9
adult_tx,8,100,10,5,0.1185169442001139,0.216497,0.8594136238098145,10
adult_tx,8,100,10,5,0.1049793809336988,0.220566,0.8594136238098145,median
adult_tx,10,100,10,5,0.1068067808929779,0.217342,0.8594136238098145,1
adult_tx,10,100,10,5,0.1156408891538203,0.242039,0.8594136238098145,2
adult_tx,10,100,10,5,0.1102751658674299,0.217475,0.8594136238098145,3
adult_tx,10,100,10,5,0.1103451035548662,0.21771,0.8594136238098145,4
adult_tx,10,100,10,5,0.1111234796718522,0.218058,0.8594136238098145,5
adult_tx,10,100,10,5,0.104210925589334,0.215778,0.8594136238098145,6
adult_tx,10,100,10,5,0.1125501769731951,0.235571,0.8594136238098145,7
adult_tx,10,100,10,5,0.1046478210838052,0.226508,0.8594136238098145,8
adult_tx,10,100,10,5,0.1097064581146737,0.210314,0.8594136238098145,9
adult_tx,10,100,10,5,0.1176323885630268,0.236475,0.8594136238098145,10
adult_tx,10,100,10,5,0.1102751658674299,0.217475,0.8594136238098145,median
adult_tx,16,100,10,5,0.1093180484239556,0.227117,0.8594136238098145,1
adult_tx,16,100,10,5,0.1013942450090431,0.240874,0.8594136238098145,2
adult_tx,16,100,10,5,0.1054604222034716,0.237863,0.8594136238098145,3
adult_tx,16,100,10,5,0.0962178077359244,0.235979,0.8594136238098145,4
adult_tx,16,100,10,5,0.1024073478860455,0.243335,0.8594136238098145,5
adult_tx,16,100,10,5,0.1057210477182121,0.240986,0.8594136238098145,6
adult_tx,16,100,10,5,0.0976035711321148,0.247222,0.8594136238098145,7
adult_tx,16,100,10,5,0.101987412593794,0.277052,0.8594136238098145,8
adult_tx,16,100,10,5,0.1094482874868098,0.243982,0.8594136238098145,9
adult_tx,16,100,10,5,0.1058694157716933,0.261345,0.8594136238098145,10
adult_tx,16,100,10,5,0.1054604222034716,0.237863,0.8594136238098145,median
adult_tx,20,100,10,5,0.0978599079476768,0.275368,0.8594136238098145,1
adult_tx,20,100,10,5,0.1010161670682119,0.27321,0.8594136238098145,2
adult_tx,20,100,10,5,0.0961284092663367,0.2777,0.8594136238098145,3
adult_tx,20,100,10,5,0.1017017856450554,0.258209,0.8594136238098145,4
adult_tx,20,100,10,5,0.0979723850602182,0.261931,0.8594136238098145,5
adult_tx,20,100,10,5,0.1043463632066396,0.272243,0.8594136238098145,6
adult_tx,20,100,10,5,0.1055807620400501,0.264603,0.8594136238098145,7
adult_tx,20,100,10,5,0.0958604650872364,0.231565,0.8594136238098145,8
adult_tx,20,100,10,5,0.1071993661908947,0.272725,0.8594136238098145,9
adult_tx,20,100,10,5,0.1013305144404735,0.273647,0.8594136238098145,10
adult_tx,20,100,10,5,0.1010161670682119,0.27321,0.8594136238098145,median
adult_tx,50,100,10,5,0.0948063428247656,0.449342,0.8594136238098145,1
adult_tx,50,100,10,5,0.0930554899305213,0.451067,0.8594136238098145,2
adult_tx,50,100,10,5,0.094102823223533,0.449851,0.8594136238098145,3
adult_tx,50,100,10,5,0.0950277677019188,0.487184,0.8594136238098145,4
adult_tx,50,100,10,5,0.0911938374514724,0.480873,0.8594136238098145,5
adult_tx,50,100,10,5,0.0952552408485158,0.459857,0.8594136238098145,6
adult_tx,50,100,10,5,0.0913656027834883,0.494172,0.8594136238098145,7
adult_tx,50,100,10,5,0.0965149889155566,0.475488,0.8594136238098145,8
adult_tx,50,100,10,5,0.0954673086324362,0.480445,0.8594136238098145,9
adult_tx,50,100,10,5,0.0923995877355567,0.470349,0.8594136238098145,10
adult_tx,50,100,10,5,0.094102823223533,0.449851,0.8594136238098145,median
adult_tx,100,100,10,5,0.0867299496097829,0.891376,0.8594136238098145,1
adult_tx,100,100,10,5,0.086446733289771,0.89715,0.8594136238098145,2
adult_tx,100,100,10,5,0.0864029905102795,0.912087,0.8594136238098145,3
adult_tx,100,100,10,5,0.086476658388987,0.891315,0.8594136238098145,4
adult_tx,100,100,10,5,0.085553710901553,0.851793,0.8594136238098145,5
adult_tx,100,100,10,5,0.0885613683061032,0.909395,0.8594136238098145,6
adult_tx,100,100,10,5,0.0864567841931739,0.886927,0.8594136238098145,7
adult_tx,100,100,10,5,0.0858931647868688,0.868947,0.8594136238098145,8
adult_tx,100,100,10,5,0.0857558040640345,0.928344,0.8594136238098145,9
adult_tx,100,100,10,5,0.0863987956428676,0.879053,0.8594136238098145,10
adult_tx,100,100,10,5,0.086446733289771,0.89715,0.8594136238098145,median
adult_tx,2,100,10,10,0.080974063867265,0.143194,1.7150840759277344,1
adult_tx,2,100,10,10,0.1609713788587598,0.172201,1.7150840759277344,2
adult_tx,2,100,10,10,0.1609713788587597,0.18116,1.7150840759277344,3
adult_tx,2,100,10,10,0.1609713788587598,0.177044,1.7150840759277344,4
adult_tx,2,100,10,10,0.1609713788587598,0.206457,1.7150840759277344,5
adult_tx,2,100,10,10,0.080974063867265,0.177046,1.7150840759277344,6
adult_tx,2,100,10,10,0.1609713788587598,0.186165,1.7150840759277344,7
adult_tx,2,100,10,10,0.1609713788587597,0.194177,1.7150840759277344,8
adult_tx,2,100,10,10,0.1462699043508718,0.180213,1.7150840759277344,9
adult_tx,2,100,10,10,0.1609713788587598,0.186539,1.7150840759277344,10
adult_tx,2,100,10,10,0.1609713788587597,0.18116,1.7150840759277344,median
adult_tx,4,100,10,10,0.1050556543617919,0.188946,1.7150840759277344,1
adult_tx,4,100,10,10,0.1455878534909143,0.214931,1.7150840759277344,2
adult_tx,4,100,10,10,0.1524237607500081,0.197759,1.7150840759277344,3
adult_tx,4,100,10,10,0.1375659101002563,0.189025,1.7150840759277344,4
adult_tx,4,100,10,10,0.1375659101002563,0.183428,1.7150840759277344,5
adult_tx,4,100,10,10,0.107239136297395,0.176921,1.7150840759277344,6
adult_tx,4,100,10,10,0.1065794817335087,0.180152,1.7150840759277344,7
adult_tx,4,100,10,10,0.1183702558872302,0.191563,1.7150840759277344,8
adult_tx,4,100,10,10,0.1375659101002563,0.188055,1.7150840759277344,9
adult_tx,4,100,10,10,0.1375659101002563,0.173525,1.7150840759277344,10
adult_tx,4,100,10,10,0.1375659101002563,0.189025,1.7150840759277344,median
adult_tx,8,100,10,10,0.1212765736630121,0.193573,1.7150840759277344,1
adult_tx,8,100,10,10,0.1250881435712418,0.226751,1.7150840759277344,2
adult_tx,8,100,10,10,0.1290924328324958,0.216713,1.7150840759277344,3
adult_tx,8,100,10,10,0.1020260196804024,0.222972,1.7150840759277344,4
adult_tx,8,100,10,10,0.1056370700482882,0.206751,1.7150840759277344,5
adult_tx,8,100,10,10,0.1141506856207777,0.221286,1.7150840759277344,6
adult_tx,8,100,10,10,0.107044425801263,0.212873,1.7150840759277344,7
adult_tx,8,100,10,10,0.1162047204089921,0.19665,1.7150840759277344,8
adult_tx,8,100,10,10,0.1157661887758059,0.202023,1.7150840759277344,9
adult_tx,8,100,10,10,0.1041593126703468,0.207812,1.7150840759277344,10
adult_tx,8,100,10,10,0.1157661887758059,0.202023,1.7150840759277344,median
adult_tx,10,100,10,10,0.107783400980503,0.228808,1.7150840759277344,1
adult_tx,10,100,10,10,0.1178369524907655,0.217743,1.7150840759277344,2
adult_tx,10,100,10,10,0.107978445452586,0.214487,1.7150840759277344,3
adult_tx,10,100,10,10,0.120090292909708,0.200082,1.7150840759277344,4
adult_tx,10,100,10,10,0.1004643146494013,0.20912,1.7150840759277344,5
adult_tx,10,100,10,10,0.1063660055824579,0.227521,1.7150840759277344,6
adult_tx,10,100,10,10,0.1069364777744272,0.221996,1.7150840759277344,7
adult_tx,10,100,10,10,0.1019961862504805,0.231122,1.7150840759277344,8
adult_tx,10,100,10,10,0.1094370163492172,0.232174,1.7150840759277344,9
adult_tx,10,100,10,10,0.0970455058819832,0.226766,1.7150840759277344,10
adult_tx,10,100,10,10,0.107783400980503,0.228808,1.7150840759277344,median
adult_tx,16,100,10,10,0.1044268858883431,0.23096,1.7150840759277344,1
adult_tx,16,100,10,10,0.1020450703006531,0.231354,1.7150840759277344,2
adult_tx,16,100,10,10,0.1110037200957425,0.240101,1.7150840759277344,3
adult_tx,16,100,10,10,0.1113865164966291,0.265928,1.7150840759277344,4
adult_tx,16,100,10,10,0.1011908122839117,0.234297,1.7150840759277344,5
adult_tx,16,100,10,10,0.1103993252078192,0.245094,1.7150840759277344,6
adult_tx,16,100,10,10,0.107053625196039,0.275313,1.7150840759277344,7
adult_tx,16,100,10,10,0.1108022784152026,0.23302,1.7150840759277344,8
adult_tx,16,100,10,10,0.1111655041687909,0.243525,1.7150840759277344,9
adult_tx,16,100,10,10,0.1048245512567922,0.261978,1.7150840759277344,10
adult_tx,16,100,10,10,0.1103993252078192,0.245094,1.7150840759277344,median
adult_tx,20,100,10,10,0.1000143406769673,0.256876,1.7150840759277344,1
adult_tx,20,100,10,10,0.1018663633770506,0.269522,1.7150840759277344,2
adult_tx,20,100,10,10,0.102989691663056,0.273663,1.7150840759277344,3
adult_tx,20,100,10,10,0.1071562325852346,0.249554,1.7150840759277344,4
adult_tx,20,100,10,10,0.1011945548842618,0.27769,1.7150840759277344,5
adult_tx,20,100,10,10,0.1111902296030734,0.262876,1.7150840759277344,6
adult_tx,20,100,10,10,0.0993981821853319,0.274412,1.7150840759277344,7
adult_tx,20,100,10,10,0.1043066687826068,0.273585,1.7150840759277344,8
adult_tx,20,100,10,10,0.0959603543466745,0.244306,1.7150840759277344,9
adult_tx,20,100,10,10,0.1022160608494344,0.249026,1.7150840759277344,10
adult_tx,20,100,10,10,0.1022160608494344,0.249026,1.7150840759277344,median
adult_tx,50,100,10,10,0.095171046906257,0.493004,1.7150840759277344,1
adult_tx,50,100,10,10,0.0934667805894301,0.483222,1.7150840759277344,2
adult_tx,50,100,10,10,0.0941037857077675,0.468537,1.7150840759277344,3
adult_tx,50,100,10,10,0.0914264145215656,0.502389,1.7150840759277344,4
adult_tx,50,100,10,10,0.0919833139474372,0.456482,1.7150840759277344,5
adult_tx,50,100,10,10,0.0920536549786364,0.450506,1.7150840759277344,6
adult_tx,50,100,10,10,0.0926168808612971,0.464734,1.7150840759277344,7
adult_tx,50,100,10,10,0.0947041803082168,0.505599,1.7150840759277344,8
adult_tx,50,100,10,10,0.0929173581810576,0.453788,1.7150840759277344,9
adult_tx,50,100,10,10,0.093441367646617,0.466142,1.7150840759277344,10
adult_tx,50,100,10,10,0.0929173581810576,0.453788,1.7150840759277344,median
adult_tx,100,100,10,10,0.084929902182449,1.121681,1.7150840759277344,1
adult_tx,100,100,10,10,0.0873400550924622,0.957859,1.7150840759277344,2
adult_tx,100,100,10,10,0.0866918258579006,0.858089,1.7150840759277344,3
adult_tx,100,100,10,10,0.0853479413507153,0.857804,1.7150840759277344,4
adult_tx,100,100,10,10,0.0874977940287605,0.91013,1.7150840759277344,5
adult_tx,100,100,10,10,0.0861485216300679,0.854793,1.7150840759277344,6
adult_tx,100,100,10,10,0.0876834847899521,0.86608,1.7150840759277344,7
adult_tx,100,100,10,10,0.0865584408882365,0.894251,1.7150840759277344,8
adult_tx,100,100,10,10,0.0867302345422329,0.90143,1.7150840759277344,9
adult_tx,100,100,10,10,0.0867548775248995,0.873376,1.7150840759277344,10
adult_tx,100,100,10,10,0.0866918258579006,0.858089,1.7150840759277344,median
adult_tx,2,100,10,20,0.080974063867265,0.140801,3.4399123191833496,1
adult_tx,2,100,10,20,0.1606544989058248,0.170316,3.4399123191833496,2
adult_tx,2,100,10,20,0.080974063867265,0.10879,3.4399123191833496,3
adult_tx,2,100,10,20,0.080974063867265,0.114084,3.4399123191833496,4
adult_tx,2,100,10,20,0.1606544989058248,0.207913,3.4399123191833496,5
adult_tx,2,100,10,20,0.1606544989058248,0.195125,3.4399123191833496,6
adult_tx,2,100,10,20,0.080974063867265,0.187736,3.4399123191833496,7
adult_tx,2,100,10,20,0.1606544989058248,0.1715,3.4399123191833496,8
adult_tx,2,100,10,20,0.1606544989058248,0.180016,3.4399123191833496,9
adult_tx,2,100,10,20,0.1606544989058248,0.197872,3.4399123191833496,10
adult_tx,2,100,10,20,0.1606544989058248,0.170316,3.4399123191833496,median
adult_tx,4,100,10,20,0.1304384393473255,0.198045,3.4399123191833496,1
adult_tx,4,100,10,20,0.1375825182710263,0.226582,3.4399123191833496,2
adult_tx,4,100,10,20,0.1375825182710263,0.180634,3.4399123191833496,3
adult_tx,4,100,10,20,0.1184137306077701,0.183747,3.4399123191833496,4
adult_tx,4,100,10,20,0.1580604367002935,0.182125,3.4399123191833496,5
adult_tx,4,100,10,20,0.1375825182710263,0.197346,3.4399123191833496,6
adult_tx,4,100,10,20,0.1072121877986682,0.179315,3.4399123191833496,7
adult_tx,4,100,10,20,0.1375825182710263,0.182016,3.4399123191833496,8
adult_tx,4,100,10,20,0.1375825182710263,0.179562,3.4399123191833496,9
adult_tx,4,100,10,20,0.1072121877986682,0.189137,3.4399123191833496,10
adult_tx,4,100,10,20,0.1375825182710263,0.226582,3.4399123191833496,median
adult_tx,8,100,10,20,0.1056192744116917,0.208659,3.4399123191833496,1
adult_tx,8,100,10,20,0.1033834013532137,0.221803,3.4399123191833496,2
adult_tx,8,100,10,20,0.1094962894253656,0.211353,3.4399123191833496,3
adult_tx,8,100,10,20,0.1150505263280651,0.204321,3.4399123191833496,4
adult_tx,8,100,10,20,0.1125794024018352,0.201967,3.4399123191833496,5
adult_tx,8,100,10,20,0.1088513224380076,0.201097,3.4399123191833496,6
adult_tx,8,100,10,20,0.1082442691325203,0.210247,3.4399123191833496,7
adult_tx,8,100,10,20,0.1021203199872378,0.203498,3.4399123191833496,8
adult_tx,8,100,10,20,0.1156569319589579,0.22165,3.4399123191833496,9
adult_tx,8,100,10,20,0.1056192744116917,0.209305,3.4399123191833496,10
adult_tx,8,100,10,20,0.1082442691325203,0.210247,3.4399123191833496,median
adult_tx,10,100,10,20,0.1129669114152842,0.211183,3.4399123191833496,1
adult_tx,10,100,10,20,0.107869783499443,0.212148,3.4399123191833496,2
adult_tx,10,100,10,20,0.1103269398523249,0.225802,3.4399123191833496,3
adult_tx,10,100,10,20,0.1144718809255363,0.216933,3.4399123191833496,4
adult_tx,10,100,10,20,0.1082894419600258,0.212389,3.4399123191833496,5
adult_tx,10,100,10,20,0.1053727220874235,0.211172,3.4399123191833496,6
adult_tx,10,100,10,20,0.1076750482374414,0.205997,3.4399123191833496,7
adult_tx,10,100,10,20,0.1096986735879936,0.210099,3.4399123191833496,8
adult_tx,10,100,10,20,0.1122768136217326,0.217939,3.4399123191833496,9
adult_tx,10,100,10,20,0.1151420944313493,0.196588,3.4399123191833496,10
adult_tx,10,100,10,20,0.1096986735879936,0.210099,3.4399123191833496,median
adult_tx,16,100,10,20,0.1031210313388238,0.23578,3.4399123191833496,1
adult_tx,16,100,10,20,0.0992834279909016,0.237013,3.4399123191833496,2
adult_tx,16,100,10,20,0.1061590547228499,0.246726,3.4399123191833496,3
adult_tx,16,100,10,20,0.1102722393376031,0.23403,3.4399123191833496,4
adult_tx,16,100,10,20,0.1097677417052184,0.240049,3.4399123191833496,5
adult_tx,16,100,10,20,0.102436234758214,0.235552,3.4399123191833496,6
adult_tx,16,100,10,20,0.1058663280343391,0.269486,3.4399123191833496,7
adult_tx,16,100,10,20,0.1163574056407743,0.24208,3.4399123191833496,8
adult_tx,16,100,10,20,0.10140838528541,0.234206,3.4399123191833496,9
adult_tx,16,100,10,20,0.1005045870023279,0.231,3.4399123191833496,10
adult_tx,16,100,10,20,0.1031210313388238,0.23578,3.4399123191833496,median
adult_tx,20,100,10,20,0.0960660277985373,0.275078,3.4399123191833496,1
adult_tx,20,100,10,20,0.1064249891652038,0.253036,3.4399123191833496,2
adult_tx,20,100,10,20,0.1018739466634843,0.295338,3.4399123191833496,3
adult_tx,20,100,10,20,0.0945534365357991,0.263537,3.4399123191833496,4
adult_tx,20,100,10,20,0.0972442135004502,0.255222,3.4399123191833496,5
adult_tx,20,100,10,20,0.1016701697654192,0.258703,3.4399123191833496,6
adult_tx,20,100,10,20,0.1026623320106074,0.247821,3.4399123191833496,7
adult_tx,20,100,10,20,0.1067744373840692,0.249491,3.4399123191833496,8
adult_tx,20,100,10,20,0.1045333194764664,0.254812,3.4399123191833496,9
adult_tx,20,100,10,20,0.0981431286346587,0.261683,3.4399123191833496,10
adult_tx,20,100,10,20,0.1018739466634843,0.295338,3.4399123191833496,median
adult_tx,50,100,10,20,0.092110572898075,0.492848,3.4399123191833496,1
adult_tx,50,100,10,20,0.0870763641018062,0.441258,3.4399123191833496,2
adult_tx,50,100,10,20,0.0934066403019511,0.466312,3.4399123191833496,3
adult_tx,50,100,10,20,0.0913930233881606,0.499507,3.4399123191833496,4
adult_tx,50,100,10,20,0.0956025884187731,0.46108,3.4399123191833496,5
adult_tx,50,100,10,20,0.092272494660843,0.432992,3.4399123191833496,6
adult_tx,50,100,10,20,0.0958403246561255,0.527876,3.4399123191833496,7
adult_tx,50,100,10,20,0.0936367171968786,0.454802,3.4399123191833496,8
adult_tx,50,100,10,20,0.0917828221177603,0.456767,3.4399123191833496,9
adult_tx,50,100,10,20,0.0909800979809922,0.49823,3.4399123191833496,10
adult_tx,50,100,10,20,0.092110572898075,0.492848,3.4399123191833496,median
adult_tx,100,100,10,20,0.0861048326422988,0.829208,3.4399123191833496,1
adult_tx,100,100,10,20,0.0868399288734508,0.901916,3.4399123191833496,2
adult_tx,100,100,10,20,0.0868016501750633,0.887815,3.4399123191833496,3
adult_tx,100,100,10,20,0.0877687638767502,0.852979,3.4399123191833496,4
adult_tx,100,100,10,20,0.0869338946017228,0.865294,3.4399123191833496,5
adult_tx,100,100,10,20,0.0869735222282152,0.841449,3.4399123191833496,6
adult_tx,100,100,10,20,0.0879486142283998,0.879809,3.4399123191833496,7
adult_tx,100,100,10,20,0.0854708760579886,0.920309,3.4399123191833496,8
adult_tx,100,100,10,20,0.0867944266786015,0.873645,3.4399123191833496,9
adult_tx,100,100,10,20,0.0881333645900495,0.948971,3.4399123191833496,10
adult_tx,100,100,10,20,0.0868399288734508,0.901916,3.4399123191833496,median
adult_tx,2,200,10,5,0.1463242447459808,0.166672,1.2147130966186523,1
adult_tx,2,200,10,5,0.1463242447459808,0.255997,1.2147130966186523,2
adult_tx,2,200,10,5,0.1463242447459808,0.214902,1.2147130966186523,3
adult_tx,2,200,10,5,0.1463242447459808,0.281017,1.2147130966186523,4
adult_tx,2,200,10,5,0.1463242447459808,0.304508,1.2147130966186523,5
adult_tx,2,200,10,5,0.1463242447459808,0.296709,1.2147130966186523,6
adult_tx,2,200,10,5,0.1463242447459808,0.290994,1.2147130966186523,7
adult_tx,2,200,10,5,0.1463242447459808,0.280817,1.2147130966186523,8
adult_tx,2,200,10,5,0.1463242447459808,0.24705,1.2147130966186523,9
adult_tx,2,200,10,5,0.1463242447459808,0.227769,1.2147130966186523,10
adult_tx,2,200,10,5,0.1463242447459808,0.166672,1.2147130966186523,median
adult_tx,4,200,10,5,0.1189955753466686,0.316419,1.2147130966186523,1
adult_tx,4,200,10,5,0.1377426918545107,0.24308,1.2147130966186523,2
adult_tx,4,200,10,5,0.1072921396350594,0.242741,1.2147130966186523,3
adult_tx,4,200,10,5,0.1377426918545107,0.251974,1.2147130966186523,4
adult_tx,4,200,10,5,0.1377426918545107,0.242108,1.2147130966186523,5
adult_tx,4,200,10,5,0.1377426918545107,0.246224,1.2147130966186523,6
adult_tx,4,200,10,5,0.1340689240457551,0.29977,1.2147130966186523,7
adult_tx,4,200,10,5,0.1189955753466686,0.258776,1.2147130966186523,8
adult_tx,4,200,10,5,0.105659584194424,0.257509,1.2147130966186523,9
adult_tx,4,200,10,5,0.1189955753466686,0.269659,1.2147130966186523,10
adult_tx,4,200,10,5,0.1340689240457551,0.29977,1.2147130966186523,median
adult_tx,8,200,10,5,0.1058814738922215,0.268955,1.2147130966186523,1
adult_tx,8,200,10,5,0.1183729826927323,0.267449,1.2147130966186523,2
adult_tx,8,200,10,5,0.122260676848424,0.280663,1.2147130966186523,3
adult_tx,8,200,10,5,0.1144181889802434,0.293867,1.2147130966186523,4
adult_tx,8,200,10,5,0.1156299169825333,0.315473,1.2147130966186523,5
adult_tx,8,200,10,5,0.1021851432937892,0.270676,1.2147130966186523,6
adult_tx,8,200,10,5,0.1133388873719024,0.287017,1.2147130966186523,7
adult_tx,8,200,10,5,0.1088942466406627,0.316988,1.2147130966186523,8
adult_tx,8,200,10,5,0.119190349963669,0.32982,1.2147130966186523,9
adult_tx,8,200,10,5,0.1058814738922215,0.300333,1.2147130966186523,10
adult_tx,8,200,10,5,0.1144181889802434,0.293867,1.2147130966186523,median
adult_tx,10,200,10,5,0.0990400045542986,0.319165,1.2147130966186523,1
adult_tx,10,200,10,5,0.1167570429386117,0.271844,1.2147130966186523,2
adult_tx,10,200,10,5,0.1028212310813664,0.309245,1.2147130966186523,3
adult_tx,10,200,10,5,0.0998690087766588,0.305655,1.2147130966186523,4
adult_tx,10,200,10,5,0.1087854045586106,0.342736,1.2147130966186523,5
adult_tx,10,200,10,5,0.1133388188517926,0.329593,1.2147130966186523,6
adult_tx,10,200,10,5,0.1098059676098783,0.352288,1.2147130966186523,7
adult_tx,10,200,10,5,0.1154042431021035,0.321659,1.2147130966186523,8
adult_tx,10,200,10,5,0.1114227664283725,0.292013,1.2147130966186523,9
adult_tx,10,200,10,5,0.1011146319659859,0.311298,1.2147130966186523,10
adult_tx,10,200,10,5,0.1087854045586106,0.342736,1.2147130966186523,median
adult_tx,16,200,10,5,0.1006181783961293,0.341064,1.2147130966186523,1
adult_tx,16,200,10,5,0.1085274924424634,0.345251,1.2147130966186523,2
adult_tx,16,200,10,5,0.1075858569787219,0.361871,1.2147130966186523,3
adult_tx,16,200,10,5,0.1089138542668656,0.351423,1.2147130966186523,4
adult_tx,16,200,10,5,0.1081762375119296,0.348649,1.2147130966186523,5
adult_tx,16,200,10,5,0.1008765805437334,0.344201,1.2147130966186523,6
adult_tx,16,200,10,5,0.1071584264852337,0.362632,1.2147130966186523,7
adult_tx,16,200,10,5,0.1094603437760397,0.345993,1.2147130966186523,8
adult_tx,16,200,10,5,0.0935907739770022,0.326787,1.2147130966186523,9
adult_tx,16,200,10,5,0.1114566048719556,0.348456,1.2147130966186523,10
adult_tx,16,200,10,5,0.1081762375119296,0.348649,1.2147130966186523,median
adult_tx,20,200,10,5,0.1051708518537918,0.377832,1.2147130966186523,1
adult_tx,20,200,10,5,0.1001771528921191,0.394986,1.2147130966186523,2
adult_tx,20,200,10,5,0.099343643619431,0.402941,1.2147130966186523,3
adult_tx,20,200,10,5,0.0966628100807462,0.432101,1.2147130966186523,4
adult_tx,20,200,10,5,0.1084668135319308,0.408084,1.2147130966186523,5
adult_tx,20,200,10,5,0.1018187608987244,0.473247,1.2147130966186523,6
adult_tx,20,200,10,5,0.1025091149937502,0.385691,1.2147130966186523,7
adult_tx,20,200,10,5,0.0967728366535508,0.420806,1.2147130966186523,8
adult_tx,20,200,10,5,0.0999044230726965,0.408447,1.2147130966186523,9
adult_tx,20,200,10,5,0.1060593935301022,0.420597,1.2147130966186523,10
adult_tx,20,200,10,5,0.1018187608987244,0.473247,1.2147130966186523,median
adult_tx,50,200,10,5,0.0935603214947576,0.808226,1.2147130966186523,1
adult_tx,50,200,10,5,0.0884830253807281,0.772087,1.2147130966186523,2
adult_tx,50,200,10,5,0.0911892253913171,0.771805,1.2147130966186523,3
adult_tx,50,200,10,5,0.0953885584098532,0.794824,1.2147130966186523,4
adult_tx,50,200,10,5,0.0942986319552578,0.734384,1.2147130966186523,5
adult_tx,50,200,10,5,0.0930431114172983,0.773233,1.2147130966186523,6
adult_tx,50,200,10,5,0.0940169109761324,0.765872,1.2147130966186523,7
adult_tx,50,200,10,5,0.0961631887444749,0.770306,1.2147130966186523,8
adult_tx,50,200,10,5,0.0945814435176225,0.826772,1.2147130966186523,9
adult_tx,50,200,10,5,0.0937759030135839,0.803823,1.2147130966186523,10
adult_tx,50,200,10,5,0.0940169109761324,0.765872,1.2147130966186523,median
adult_tx,100,200,10,5,0.0861656462126239,1.493501,1.2147130966186523,1
adult_tx,100,200,10,5,0.088575349964917,1.523643,1.2147130966186523,2
adult_tx,100,200,10,5,0.0876188289201796,1.67956,1.2147130966186523,3
adult_tx,100,200,10,5,0.0868628667624426,1.576847,1.2147130966186523,4
adult_tx,100,200,10,5,0.086492811048953,1.526589,1.2147130966186523,5
adult_tx,100,200,10,5,0.0864329908530358,1.761217,1.2147130966186523,6
adult_tx,100,200,10,5,0.0869587156958897,1.671481,1.2147130966186523,7
adult_tx,100,200,10,5,0.0865599652961558,1.54316,1.2147130966186523,8
adult_tx,100,200,10,5,0.085105596666858,1.486673,1.2147130966186523,9
adult_tx,100,200,10,5,0.0855155261923219,1.563479,1.2147130966186523,10
adult_tx,100,200,10,5,0.086492811048953,1.526589,1.2147130966186523,median
adult_tx,2,200,10,10,0.1453632417653569,0.205786,2.581908226013184,1
adult_tx,2,200,10,10,0.1453632417653569,0.232506,2.581908226013184,2
adult_tx,2,200,10,10,0.1453632417653569,0.235085,2.581908226013184,3
adult_tx,2,200,10,10,0.080974063867265,0.233411,2.581908226013184,4
adult_tx,2,200,10,10,0.1453632417653569,0.28283,2.581908226013184,5
adult_tx,2,200,10,10,0.1453632417653569,0.291082,2.581908226013184,6
adult_tx,2,200,10,10,0.1453632417653569,0.233564,2.581908226013184,7
adult_tx,2,200,10,10,0.1453632417653569,0.250083,2.581908226013184,8
adult_tx,2,200,10,10,0.1453632417653569,0.266378,2.581908226013184,9
adult_tx,2,200,10,10,0.1453632417653569,0.277234,2.581908226013184,10
adult_tx,2,200,10,10,0.1453632417653569,0.205786,2.581908226013184,median
adult_tx,4,200,10,10,0.1376555023139296,0.240988,2.581908226013184,1
adult_tx,4,200,10,10,0.1381436748661457,0.280632,2.581908226013184,2
adult_tx,4,200,10,10,0.1376555023139296,0.24342,2.581908226013184,3
adult_tx,4,200,10,10,0.1119574454555779,0.264156,2.581908226013184,4
adult_tx,4,200,10,10,0.1293861384946122,0.274343,2.581908226013184,5
adult_tx,4,200,10,10,0.1220032705867664,0.229211,2.581908226013184,6
adult_tx,4,200,10,10,0.1181310060819277,0.246923,2.581908226013184,7
adult_tx,4,200,10,10,0.1380961018336735,0.255755,2.581908226013184,8
adult_tx,4,200,10,10,0.1072538677339884,0.23386,2.581908226013184,9
adult_tx,4,200,10,10,0.1072538677339884,0.224422,2.581908226013184,10
adult_tx,4,200,10,10,0.1293861384946122,0.274343,2.581908226013184,median
adult_tx,8,200,10,10,0.1020663974503162,0.284342,2.581908226013184,1
adult_tx,8,200,10,10,0.1091820722811173,0.281002,2.581908226013184,2
adult_tx,8,200,10,10,0.115510606159925,0.278813,2.581908226013184,3
adult_tx,8,200,10,10,0.1064253536742721,0.289147,2.581908226013184,4
adult_tx,8,200,10,10,0.1141187792197878,0.266575,2.581908226013184,5
adult_tx,8,200,10,10,0.1244457272753145,0.257739,2.581908226013184,6
adult_tx,8,200,10,10,0.1057572785749936,0.27449,2.581908226013184,7
adult_tx,8,200,10,10,0.1196784901135954,0.253429,2.581908226013184,8
adult_tx,8,200,10,10,0.1091731912294966,0.267361,2.581908226013184,9
adult_tx,8,200,10,10,0.1141187792197878,0.294186,2.581908226013184,10
adult_tx,8,200,10,10,0.1091820722811173,0.281002,2.581908226013184,median
adult_tx,10,200,10,10,0.1097748998117764,0.309231,2.581908226013184,1
adult_tx,10,200,10,10,0.1100912753743619,0.331969,2.581908226013184,2
adult_tx,10,200,10,10,0.1007230367071525,0.33168,2.581908226013184,3
adult_tx,10,200,10,10,0.1176213051211258,0.357687,2.581908226013184,4
adult_tx,10,200,10,10,0.1167279418277787,0.312518,2.581908226013184,5
adult_tx,10,200,10,10,0.1092892781282639,0.320643,2.581908226013184,6
adult_tx,10,200,10,10,0.1318179073760005,0.30031,2.581908226013184,7
adult_tx,10,200,10,10,0.1085837742140126,0.294788,2.581908226013184,8
adult_tx,10,200,10,10,0.1188931640178524,0.334626,2.581908226013184,9
adult_tx,10,200,10,10,0.0999879854218805,0.300239,2.581908226013184,10
adult_tx,10,200,10,10,0.1100912753743619,0.331969,2.581908226013184,median
adult_tx,16,200,10,10,0.1056550597499247,0.332983,2.581908226013184,1
adult_tx,16,200,10,10,0.1042424457456455,0.355904,2.581908226013184,2
adult_tx,16,200,10,10,0.099265974094383,0.350133,2.581908226013184,3
adult_tx,16,200,10,10,0.1015307064405237,0.388263,2.581908226013184,4
adult_tx,16,200,10,10,0.1079876671420505,0.330687,2.581908226013184,5
adult_tx,16,200,10,10,0.1029987943320163,0.339165,2.581908226013184,6
adult_tx,16,200,10,10,0.1064543291199057,0.311895,2.581908226013184,7
adult_tx,16,200,10,10,0.1067928309498746,0.338438,2.581908226013184,8
adult_tx,16,200,10,10,0.104026595917031,0.364287,2.581908226013184,9
adult_tx,16,200,10,10,0.096129109572772,0.352824,2.581908226013184,10
adult_tx,16,200,10,10,0.1042424457456455,0.355904,2.581908226013184,median
adult_tx,20,200,10,10,0.1089137613617653,0.430055,2.581908226013184,1
adult_tx,20,200,10,10,0.0940004292156163,0.384982,2.581908226013184,2
adult_tx,20,200,10,10,0.106471735903529,0.390546,2.581908226013184,3
adult_tx,20,200,10,10,0.1051256476568028,0.403253,2.581908226013184,4
adult_tx,20,200,10,10,0.0972194736093315,0.393605,2.581908226013184,5
adult_tx,20,200,10,10,0.1022307945914821,0.377302,2.581908226013184,6
adult_tx,20,200,10,10,0.1020798135757339,0.366029,2.581908226013184,7
adult_tx,20,200,10,10,0.1073888374860982,0.358764,2.581908226013184,8
adult_tx,20,200,10,10,0.1037862067091516,0.370077,2.581908226013184,9
adult_tx,20,200,10,10,0.10859462857802,0.421057,2.581908226013184,10
adult_tx,20,200,10,10,0.1037862067091516,0.370077,2.581908226013184,median
adult_tx,50,200,10,10,0.0934997030982507,0.759599,2.581908226013184,1
adult_tx,50,200,10,10,0.0926106178138279,0.732236,2.581908226013184,2
adult_tx,50,200,10,10,0.0939957204381432,0.766661,2.581908226013184,3
adult_tx,50,200,10,10,0.0898533008153444,0.76247,2.581908226013184,4
adult_tx,50,200,10,10,0.090737828136506,0.739318,2.581908226013184,5
adult_tx,50,200,10,10,0.0951487473786914,0.773104,2.581908226013184,6
adult_tx,50,200,10,10,0.0912750239127381,0.754247,2.581908226013184,7
adult_tx,50,200,10,10,0.0941553747277456,0.739164,2.581908226013184,8
adult_tx,50,200,10,10,0.0940806974604207,0.767248,2.581908226013184,9
adult_tx,50,200,10,10,0.0909412438193295,0.749821,2.581908226013184,10
adult_tx,50,200,10,10,0.0934997030982507,0.759599,2.581908226013184,median
adult_tx,100,200,10,10,0.0855893785258177,1.531008,2.581908226013184,1
adult_tx,100,200,10,10,0.0861508893598408,1.4813,2.581908226013184,2
adult_tx,100,200,10,10,0.0866588494472805,1.499788,2.581908226013184,3
adult_tx,100,200,10,10,0.0856867523727523,1.472625,2.581908226013184,4
adult_tx,100,200,10,10,0.0864959961453326,1.53528,2.581908226013184,5
adult_tx,100,200,10,10,0.0871498558949291,1.536896,2.581908226013184,6
adult_tx,100,200,10,10,0.0861551313456719,1.542195,2.581908226013184,7
adult_tx,100,200,10,10,0.0866138467720032,1.531921,2.581908226013184,8
adult_tx,100,200,10,10,0.0853224057587858,1.505411,2.581908226013184,9
adult_tx,100,200,10,10,0.0858489522774802,1.569568,2.581908226013184,10
adult_tx,100,200,10,10,0.0861508893598408,1.4813,2.581908226013184,median
adult_tx,2,200,10,20,0.1603778148676398,0.181994,4.945471525192261,1
adult_tx,2,200,10,20,0.080974063867265,0.189769,4.945471525192261,2
adult_tx,2,200,10,20,0.1603778148676398,0.2525,4.945471525192261,3
adult_tx,2,200,10,20,0.1603778148676398,0.254971,4.945471525192261,4
adult_tx,2,200,10,20,0.080974063867265,0.194315,4.945471525192261,5
adult_tx,2,200,10,20,0.1458960494750445,0.247814,4.945471525192261,6
adult_tx,2,200,10,20,0.1603778148676398,0.274313,4.945471525192261,7
adult_tx,2,200,10,20,0.1603778148676398,0.239183,4.945471525192261,8
adult_tx,2,200,10,20,0.080974063867265,0.229852,4.945471525192261,9
adult_tx,2,200,10,20,0.1458781971344606,0.236909,4.945471525192261,10
adult_tx,2,200,10,20,0.1603778148676398,0.181994,4.945471525192261,median
adult_tx,4,200,10,20,0.1378076426323977,0.238419,4.945471525192261,1
adult_tx,4,200,10,20,0.1265545768008652,0.255598,4.945471525192261,2
adult_tx,4,200,10,20,0.1195400311194042,0.248813,4.945471525192261,3
adult_tx,4,200,10,20,0.1093426623604691,0.263258,4.945471525192261,4
adult_tx,4,200,10,20,0.1378076426323977,0.247643,4.945471525192261,5
adult_tx,4,200,10,20,0.1072425502995968,0.23039,4.945471525192261,6
adult_tx,4,200,10,20,0.1378076426323977,0.227699,4.945471525192261,7
adult_tx,4,200,10,20,0.1378076426323977,0.247175,4.945471525192261,8
adult_tx,4,200,10,20,0.1378076426323978,0.251605,4.945471525192261,9
adult_tx,4,200,10,20,0.1263805756010647,0.262822,4.945471525192261,10
adult_tx,4,200,10,20,0.1265545768008652,0.255598,4.945471525192261,median
adult_tx,8,200,10,20,0.1165149231881621,0.275588,4.945471525192261,1
adult_tx,8,200,10,20,0.1015955562208222,0.309973,4.945471525192261,2
adult_tx,8,200,10,20,0.1088438107772547,0.314753,4.945471525192261,3
adult_tx,8,200,10,20,0.1125272309440643,0.267614,4.945471525192261,4
adult_tx,8,200,10,20,0.1030374657083545,0.289923,4.945471525192261,5
adult_tx,8,200,10,20,0.102005526152864,0.279562,4.945471525192261,6
adult_tx,8,200,10,20,0.102005526152864,0.266451,4.945471525192261,7
adult_tx,8,200,10,20,0.1020055261528641,0.291656,4.945471525192261,8
adult_tx,8,200,10,20,0.1146000345681583,0.287045,4.945471525192261,9
adult_tx,8,200,10,20,0.1123612894221382,0.260463,4.945471525192261,10
adult_tx,8,200,10,20,0.1088438107772547,0.314753,4.945471525192261,median
adult_tx,10,200,10,20,0.1017219728557652,0.311064,4.945471525192261,1
adult_tx,10,200,10,20,0.1121194296396767,0.288645,4.945471525192261,2
adult_tx,10,200,10,20,0.1081868056475653,0.353263,4.945471525192261,3
adult_tx,10,200,10,20,0.1078756258861052,0.296608,4.945471525192261,4
adult_tx,10,200,10,20,0.1103956427463449,0.325567,4.945471525192261,5
adult_tx,10,200,10,20,0.1075190842787214,0.307806,4.945471525192261,6
adult_tx,10,200,10,20,0.10781788701395,0.297932,4.945471525192261,7
adult_tx,10,200,10,20,0.0968597375610749,0.362261,4.945471525192261,8
adult_tx,10,200,10,20,0.1088113387876052,0.313132,4.945471525192261,9
adult_tx,10,200,10,20,0.103563614832995,0.295081,4.945471525192261,10
adult_tx,10,200,10,20,0.1078756258861052,0.296608,4.945471525192261,median
adult_tx,16,200,10,20,0.1014846116163037,0.319724,4.945471525192261,1
adult_tx,16,200,10,20,0.1036788696151969,0.339748,4.945471525192261,2
adult_tx,16,200,10,20,0.1058615765930019,0.329078,4.945471525192261,3
adult_tx,16,200,10,20,0.1095982356485143,0.336154,4.945471525192261,4
adult_tx,16,200,10,20,0.1044414164486251,0.332256,4.945471525192261,5
adult_tx,16,200,10,20,0.1004359745491327,0.332186,4.945471525192261,6
adult_tx,16,200,10,20,0.1001384851232861,0.316212,4.945471525192261,7
adult_tx,16,200,10,20,0.0955424369554173,0.368023,4.945471525192261,8
adult_tx,16,200,10,20,0.1056385644473517,0.317153,4.945471525192261,9
adult_tx,16,200,10,20,0.1044087745182685,0.374377,4.945471525192261,10
adult_tx,16,200,10,20,0.1036788696151969,0.339748,4.945471525192261,median
adult_tx,20,200,10,20,0.102315812113372,0.373159,4.945471525192261,1
adult_tx,20,200,10,20,0.0987794586327577,0.405754,4.945471525192261,2
adult_tx,20,200,10,20,0.0959826939402739,0.356693,4.945471525192261,3
adult_tx,20,200,10,20,0.0978968011702922,0.401276,4.945471525192261,4
adult_tx,20,200,10,20,0.0994705407399266,0.388002,4.945471525192261,5
adult_tx,20,200,10,20,0.0992625375763422,0.441846,4.945471525192261,6
adult_tx,20,200,10,20,0.0927447169403158,0.361116,4.945471525192261,7
adult_tx,20,200,10,20,0.1029423774515558,0.433327,4.945471525192261,8
adult_tx,20,200,10,20,0.1001964192955135,0.404319,4.945471525192261,9
adult_tx,20,200,10,20,0.1067219786525071,0.423209,4.945471525192261,10
adult_tx,20,200,10,20,0.0994705407399266,0.388002,4.945471525192261,median
adult_tx,50,200,10,20,0.0932103640347373,0.780413,4.945471525192261,1
adult_tx,50,200,10,20,0.0958323677756356,0.725047,4.945471525192261,2
adult_tx,50,200,10,20,0.0958866034141543,0.761344,4.945471525192261,3
adult_tx,50,200,10,20,0.0903153498932361,0.774498,4.945471525192261,4
adult_tx,50,200,10,20,0.0930949292674801,0.728782,4.945471525192261,5
adult_tx,50,200,10,20,0.0913924703698771,0.785093,4.945471525192261,6
adult_tx,50,200,10,20,0.0918542419443652,0.817426,4.945471525192261,7
adult_tx,50,200,10,20,0.0932363331130521,0.739805,4.945471525192261,8
adult_tx,50,200,10,20,0.0944356585406525,0.741721,4.945471525192261,9
adult_tx,50,200,10,20,0.0950053964933962,0.773992,4.945471525192261,10
adult_tx,50,200,10,20,0.0932103640347373,0.780413,4.945471525192261,median
adult_tx,100,200,10,20,0.0883126234181993,1.547348,4.945471525192261,1
adult_tx,100,200,10,20,0.0873130081130182,1.522462,4.945471525192261,2
adult_tx,100,200,10,20,0.0860813101905814,1.594128,4.945471525192261,3
adult_tx,100,200,10,20,0.0876249731953885,1.548794,4.945471525192261,4
adult_tx,100,200,10,20,0.086728446820072,1.502643,4.945471525192261,5
adult_tx,100,200,10,20,0.085133637163274,1.515184,4.945471525192261,6
adult_tx,100,200,10,20,0.0853695449787527,1.487456,4.945471525192261,7
adult_tx,100,200,10,20,0.0870215818881461,1.519858,4.945471525192261,8
adult_tx,100,200,10,20,0.087467524047903,1.547372,4.945471525192261,9
adult_tx,100,200,10,20,0.0872205585515915,1.505923,4.945471525192261,10
adult_tx,100,200,10,20,0.0872205585515915,1.505923,4.945471525192261,median
adult_tx,2,500,10,5,0.1466276292254431,0.295187,2.127215623855591,1
adult_tx,2,500,10,5,0.1590126672699408,0.455785,2.127215623855591,2
adult_tx,2,500,10,5,0.1590126672699408,0.514964,2.127215623855591,3
adult_tx,2,500,10,5,0.1590126672699407,0.490935,2.127215623855591,4
adult_tx,2,500,10,5,0.080974063867265,0.324938,2.127215623855591,5
adult_tx,2,500,10,5,0.1590126672699408,0.488858,2.127215623855591,6
adult_tx,2,500,10,5,0.1590126672699408,0.41402,2.127215623855591,7
adult_tx,2,500,10,5,0.080974063867265,0.311927,2.127215623855591,8
adult_tx,2,500,10,5,0.1590126672699408,0.506718,2.127215623855591,9
adult_tx,2,500,10,5,0.1590126672699407,0.521654,2.127215623855591,10
adult_tx,2,500,10,5,0.1590126672699408,0.455785,2.127215623855591,median
adult_tx,4,500,10,5,0.1375825182710263,0.412393,2.127215623855591,1
adult_tx,4,500,10,5,0.1071809508541813,0.40949,2.127215623855591,2
adult_tx,4,500,10,5,0.1125247652272543,0.391014,2.127215623855591,3
adult_tx,4,500,10,5,0.1071809508541813,0.372355,2.127215623855591,4
adult_tx,4,500,10,5,0.1181525533985888,0.411598,2.127215623855591,5
adult_tx,4,500,10,5,0.1181525533985888,0.448643,2.127215623855591,6
adult_tx,4,500,10,5,0.131523215378702,0.424351,2.127215623855591,7
adult_tx,4,500,10,5,0.1375825182710263,0.445967,2.127215623855591,8
adult_tx,4,500,10,5,0.1392915508574758,0.444906,2.127215623855591,9
adult_tx,4,500,10,5,0.1375825182710263,0.449171,2.127215623855591,10
adult_tx,4,500,10,5,0.131523215378702,0.424351,2.127215623855591,median
adult_tx,8,500,10,5,0.1176563566571272,0.499282,2.127215623855591,1
adult_tx,8,500,10,5,0.1118194330938825,0.692571,2.127215623855591,2
adult_tx,8,500,10,5,0.1121285827464445,0.567122,2.127215623855591,3
adult_tx,8,500,10,5,0.1071480095485534,0.538977,2.127215623855591,4
adult_tx,8,500,10,5,0.1096744008758388,0.521648,2.127215623855591,5
adult_tx,8,500,10,5,0.1024165442607192,0.512398,2.127215623855591,6
adult_tx,8,500,10,5,0.1042394594563533,0.509153,2.127215623855591,7
adult_tx,8,500,10,5,0.1047441325464208,0.517048,2.127215623855591,8
adult_tx,8,500,10,5,0.1086561492058862,0.516384,2.127215623855591,9
adult_tx,8,500,10,5,0.1043809642274126,0.552576,2.127215623855591,10
adult_tx,8,500,10,5,0.1086561492058862,0.516384,2.127215623855591,median
adult_tx,10,500,10,5,0.1075704268225887,0.572797,2.127215623855591,1
adult_tx,10,500,10,5,0.1030822004265109,0.859563,2.127215623855591,2
adult_tx,10,500,10,5,0.1042339059862817,0.62085,2.127215623855591,3
adult_tx,10,500,10,5,0.1104918593846921,0.641151,2.127215623855591,4
adult_tx,10,500,10,5,0.109418571989482,0.608049,2.127215623855591,5
adult_tx,10,500,10,5,0.1076899623390515,0.711183,2.127215623855591,6
adult_tx,10,500,10,5,0.1101873614916637,0.646138,2.127215623855591,7
adult_tx,10,500,10,5,0.0987402080536671,0.685052,2.127215623855591,8
adult_tx,10,500,10,5,0.0987716371004859,0.558826,2.127215623855591,9
adult_tx,10,500,10,5,0.1102926205229378,0.56047,2.127215623855591,10
adult_tx,10,500,10,5,0.1075704268225887,0.572797,2.127215623855591,median
adult_tx,16,500,10,5,0.1103063298371435,0.775263,2.127215623855591,1
adult_tx,16,500,10,5,0.105597295402838,0.759439,2.127215623855591,2
adult_tx,16,500,10,5,0.1165725333845064,0.73955,2.127215623855591,3
adult_tx,16,500,10,5,0.1018291312872252,0.730603,2.127215623855591,4
adult_tx,16,500,10,5,0.1004224718551973,0.623866,2.127215623855591,5
adult_tx,16,500,10,5,0.0984883964373957,0.801097,2.127215623855591,6
adult_tx,16,500,10,5,0.1024969943140331,0.76209,2.127215623855591,7
adult_tx,16,500,10,5,0.1028433731810975,0.689637,2.127215623855591,8
adult_tx,16,500,10,5,0.1132528727369378,0.762582,2.127215623855591,9
adult_tx,16,500,10,5,0.1033043591040116,0.711539,2.127215623855591,10
adult_tx,16,500,10,5,0.1033043591040116,0.711539,2.127215623855591,median
adult_tx,20,500,10,5,0.1045342281752598,0.820962,2.127215623855591,1
adult_tx,20,500,10,5,0.1020121279617922,0.853776,2.127215623855591,2
adult_tx,20,500,10,5,0.102115270178393,0.897976,2.127215623855591,3
adult_tx,20,500,10,5,0.1006865866128983,0.887566,2.127215623855591,4
adult_tx,20,500,10,5,0.0974852243922338,0.87498,2.127215623855591,5
adult_tx,20,500,10,5,0.1073599156516516,0.828856,2.127215623855591,6
adult_tx,20,500,10,5,0.0956425994102569,0.72775,2.127215623855591,7
adult_tx,20,500,10,5,0.107440574824461,0.931414,2.127215623855591,8
adult_tx,20,500,10,5,0.1008717302173998,0.824927,2.127215623855591,9
adult_tx,20,500,10,5,0.0994371124696806,0.81353,2.127215623855591,10
adult_tx,20,500,10,5,0.1020121279617922,0.853776,2.127215623855591,median
adult_tx,50,500,10,5,0.0930553733670991,1.563802,2.127215623855591,1
adult_tx,50,500,10,5,0.0928997906837141,1.659099,2.127215623855591,2
adult_tx,50,500,10,5,0.0945124455181351,1.683732,2.127215623855591,3
adult_tx,50,500,10,5,0.0963941306421101,1.739487,2.127215623855591,4
adult_tx,50,500,10,5,0.0920581900906761,1.743585,2.127215623855591,5
adult_tx,50,500,10,5,0.0941339601451861,1.716478,2.127215623855591,6
adult_tx,50,500,10,5,0.093684110824604,1.688982,2.127215623855591,7
adult_tx,50,500,10,5,0.0939892446618336,1.708468,2.127215623855591,8
adult_tx,50,500,10,5,0.0955018001764162,1.790083,2.127215623855591,9
adult_tx,50,500,10,5,0.0957831772151651,2.033278,2.127215623855591,10
adult_tx,50,500,10,5,0.0941339601451861,1.716478,2.127215623855591,median
adult_tx,100,500,10,5,0.0866893414214774,3.593954,2.127215623855591,1
adult_tx,100,500,10,5,0.0866524565440677,3.728532,2.127215623855591,2
adult_tx,100,500,10,5,0.0859260210877436,3.588414,2.127215623855591,3
adult_tx,100,500,10,5,0.0855197494523258,3.417553,2.127215623855591,4
adult_tx,100,500,10,5,0.0855299484172368,3.840463,2.127215623855591,5
adult_tx,100,500,10,5,0.0863110213604018,3.656247,2.127215623855591,6
adult_tx,100,500,10,5,0.0875120912346173,3.708848,2.127215623855591,7
adult_tx,100,500,10,5,0.0872058541355906,3.773983,2.127215623855591,8
adult_tx,100,500,10,5,0.0881853473711173,3.575757,2.127215623855591,9
adult_tx,100,500,10,5,0.0875002235750073,3.520162,2.127215623855591,10
adult_tx,100,500,10,5,0.0866524565440677,3.728532,2.127215623855591,median
adult_tx,2,500,10,10,0.080974063867265,0.274315,4.261523962020874,1
adult_tx,2,500,10,10,0.080974063867265,0.408099,4.261523962020874,2
adult_tx,2,500,10,10,0.1453984368251456,0.421997,4.261523962020874,3
adult_tx,2,500,10,10,0.1453984368251456,0.518172,4.261523962020874,4
adult_tx,2,500,10,10,0.1453984368251456,0.423521,4.261523962020874,5
adult_tx,2,500,10,10,0.1453984368251456,0.490913,4.261523962020874,6
adult_tx,2,500,10,10,0.1453984368251456,0.483429,4.261523962020874,7
adult_tx,2,500,10,10,0.1453984368251456,0.493445,4.261523962020874,8
adult_tx,2,500,10,10,0.1453984368251456,0.508262,4.261523962020874,9
adult_tx,2,500,10,10,0.1453984368251456,0.500266,4.261523962020874,10
adult_tx,2,500,10,10,0.1453984368251456,0.421997,4.261523962020874,median
adult_tx,4,500,10,10,0.1191802194065679,0.456893,4.261523962020874,1
adult_tx,4,500,10,10,0.1192343089052589,0.41849,4.261523962020874,2
adult_tx,4,500,10,10,0.1377204081745807,0.466327,4.261523962020874,3
adult_tx,4,500,10,10,0.1298249781753044,0.430713,4.261523962020874,4
adult_tx,4,500,10,10,0.1258832303129761,0.474566,4.261523962020874,5
adult_tx,4,500,10,10,0.1072921396350594,0.43358,4.261523962020874,6
adult_tx,4,500,10,10,0.1377204081745807,0.441864,4.261523962020874,7
adult_tx,4,500,10,10,0.1074158208612317,0.558985,4.261523962020874,8
adult_tx,4,500,10,10,0.1192670738076288,0.46596,4.261523962020874,9
adult_tx,4,500,10,10,0.1377204081745807,0.423656,4.261523962020874,10
adult_tx,4,500,10,10,0.1258832303129761,0.474566,4.261523962020874,median
adult_tx,8,500,10,10,0.1124136751598358,0.52916,4.261523962020874,1
adult_tx,8,500,10,10,0.1057715982820455,0.471641,4.261523962020874,2
adult_tx,8,500,10,10,0.1108316696634319,0.479359,4.261523962020874,3
adult_tx,8,500,10,10,0.1139981971685245,0.476457,4.261523962020874,4
adult_tx,8,500,10,10,0.1077018215535773,0.633641,4.261523962020874,5
adult_tx,8,500,10,10,0.1116422812446463,0.674384,4.261523962020874,6
adult_tx,8,500,10,10,0.1203092837423828,0.54102,4.261523962020874,7
adult_tx,8,500,10,10,0.1130071262984137,0.524125,4.261523962020874,8
adult_tx,8,500,10,10,0.1030453554560551,0.545854,4.261523962020874,9
adult_tx,8,500,10,10,0.1103115339726839,0.497909,4.261523962020874,10
adult_tx,8,500,10,10,0.1108316696634319,0.479359,4.261523962020874,median
adult_tx,10,500,10,10,0.1151602745430974,0.523144,4.261523962020874,1
adult_tx,10,500,10,10,0.1135255222438132,0.594988,4.261523962020874,2
adult_tx,10,500,10,10,0.1219309158444729,0.631877,4.261523962020874,3
adult_tx,10,500,10,10,0.1091569688867812,0.586388,4.261523962020874,4
adult_tx,10,500,10,10,0.1096782114471565,0.559584,4.261523962020874,5
adult_tx,10,500,10,10,0.1108973472850049,0.679659,4.261523962020874,6
adult_tx,10,500,10,10,0.1142568945445276,0.585124,4.261523962020874,7
adult_tx,10,500,10,10,0.1092540998706369,0.610127,4.261523962020874,8
adult_tx,10,500,10,10,0.0971213989667182,0.601172,4.261523962020874,9
adult_tx,10,500,10,10,0.104404239474597,0.757839,4.261523962020874,10
adult_tx,10,500,10,10,0.1096782114471565,0.559584,4.261523962020874,median
adult_tx,16,500,10,10,0.1077827053115544,0.761698,4.261523962020874,1
adult_tx,16,500,10,10,0.1035851668185175,0.664194,4.261523962020874,2
adult_tx,16,500,10,10,0.1040397112492786,0.685747,4.261523962020874,3
adult_tx,16,500,10,10,0.1048671535217477,0.743171,4.261523962020874,4
adult_tx,16,500,10,10,0.1042150320429417,0.629838,4.261523962020874,5
adult_tx,16,500,10,10,0.1093146556396187,0.679945,4.261523962020874,6
adult_tx,16,500,10,10,0.1030839978061161,0.626355,4.261523962020874,7
adult_tx,16,500,10,10,0.1065904165678771,0.619844,4.261523962020874,8
adult_tx,16,500,10,10,0.1054275534143418,0.688435,4.261523962020874,9
adult_tx,16,500,10,10,0.1036842005721526,0.93243,4.261523962020874,10
adult_tx,16,500,10,10,0.1048671535217477,0.743171,4.261523962020874,median
adult_tx,20,500,10,10,0.0973564606334442,0.842201,4.261523962020874,1
adult_tx,20,500,10,10,0.1070568512332308,0.743904,4.261523962020874,2
adult_tx,20,500,10,10,0.103811472929935,0.765922,4.261523962020874,3
adult_tx,20,500,10,10,0.101383391667688,0.88146,4.261523962020874,4
adult_tx,20,500,10,10,0.0890856106277093,0.735163,4.261523962020874,5
adult_tx,20,500,10,10,0.102485327831286,0.737087,4.261523962020874,6
adult_tx,20,500,10,10,0.100591031631939,0.794682,4.261523962020874,7
adult_tx,20,500,10,10,0.1059556025870062,0.731748,4.261523962020874,8
adult_tx,20,500,10,10,0.0986786370690205,0.800339,4.261523962020874,9
adult_tx,20,500,10,10,0.1033153946958172,0.751774,4.261523962020874,10
adult_tx,20,500,10,10,0.101383391667688,0.88146,4.261523962020874,median
adult_tx,50,500,10,10,0.0931652433487112,1.749144,4.261523962020874,1
adult_tx,50,500,10,10,0.0923519683030913,1.685395,4.261523962020874,2
adult_tx,50,500,10,10,0.0958970440725519,1.683364,4.261523962020874,3
adult_tx,50,500,10,10,0.0916652121224222,1.686397,4.261523962020874,4
adult_tx,50,500,10,10,0.0936098657642244,1.810009,4.261523962020874,5
adult_tx,50,500,10,10,0.0973062678990737,1.933123,4.261523962020874,6
adult_tx,50,500,10,10,0.0926051301615316,1.755372,4.261523962020874,7
adult_tx,50,500,10,10,0.092309872441143,1.76565,4.261523962020874,8
adult_tx,50,500,10,10,0.0950930816574238,1.898208,4.261523962020874,9
adult_tx,50,500,10,10,0.0945166400304933,1.707608,4.261523962020874,10
adult_tx,50,500,10,10,0.0931652433487112,1.749144,4.261523962020874,median
adult_tx,100,500,10,10,0.0864489653379104,3.715814,4.261523962020874,1
adult_tx,100,500,10,10,0.0856589622176518,3.870107,4.261523962020874,2
adult_tx,100,500,10,10,0.0866980942918816,3.867201,4.261523962020874,3
adult_tx,100,500,10,10,0.0856068983805921,3.569738,4.261523962020874,4
adult_tx,100,500,10,10,0.0862044451835685,3.537951,4.261523962020874,5
adult_tx,100,500,10,10,0.087483327726628,3.458701,4.261523962020874,6
adult_tx,100,500,10,10,0.0864235515781852,3.508349,4.261523962020874,7
adult_tx,100,500,10,10,0.0865215453494141,3.53758,4.261523962020874,8
adult_tx,100,500,10,10,0.087680078001188,3.78865,4.261523962020874,9
adult_tx,100,500,10,10,0.085344810729397,3.827893,4.261523962020874,10
adult_tx,100,500,10,10,0.0864489653379104,3.715814,4.261523962020874,median
adult_tx,2,500,10,20,0.14552436111661707,0.363136,8.259417057037354,1
adult_tx,2,500,10,20,0.14552436111661707,0.49085,8.259417057037354,2
adult_tx,2,500,10,20,0.08097406386726509,0.323593,8.259417057037354,3
adult_tx,2,500,10,20,0.14552436111661707,0.38396,8.259417057037354,4
adult_tx,2,500,10,20,0.14552436111661707,0.425408,8.259417057037354,5
adult_tx,2,500,10,20,0.14552436111661707,0.523798,8.259417057037354,6
adult_tx,2,500,10,20,0.14552436111661707,0.462457,8.259417057037354,7
adult_tx,2,500,10,20,0.14552436111661707,0.526109,8.259417057037354,8
adult_tx,2,500,10,20,0.14552436111661707,0.509508,8.259417057037354,9
adult_tx,2,500,10,20,0.08097406386726509,0.457631,8.259417057037354,10
adult_tx,2,500,10,20,0.14552436111661707,0.363136,8.259417057037354,median
adult_tx,4,500,10,20,0.11807135873467406,0.395765,8.259417057037354,1
adult_tx,4,500,10,20,0.10727650562370845,0.406948,8.259417057037354,2
adult_tx,4,500,10,20,0.10727650562370845,0.468558,8.259417057037354,3
adult_tx,4,500,10,20,0.13756591010025632,0.398736,8.259417057037354,4
adult_tx,4,500,10,20,0.10727650562370845,0.383358,8.259417057037354,5
adult_tx,4,500,10,20,0.12588440565866532,0.471261,8.259417057037354,6
adult_tx,4,500,10,20,0.1258844056586653,0.514004,8.259417057037354,7
adult_tx,4,500,10,20,0.13857806168735778,0.53562,8.259417057037354,8
adult_tx,4,500,10,20,0.1258844056586653,0.518187,8.259417057037354,9
adult_tx,4,500,10,20,0.12588440565866532,0.531694,8.259417057037354,10
adult_tx,4,500,10,20,0.1258844056586653,0.514004,8.259417057037354,median
adult_tx,8,500,10,20,0.1060704805895345,0.540929,8.259417057037354,1
adult_tx,8,500,10,20,0.10421330926927451,0.629011,8.259417057037354,2
adult_tx,8,500,10,20,0.10478470682232524,0.588366,8.259417057037354,3
adult_tx,8,500,10,20,0.10613405739469708,0.475539,8.259417057037354,4
adult_tx,8,500,10,20,0.12332251080770631,0.480298,8.259417057037354,5
adult_tx,8,500,10,20,0.10236443237170013,0.467929,8.259417057037354,6
adult_tx,8,500,10,20,0.11283729495120506,0.566119,8.259417057037354,7
adult_tx,8,500,10,20,0.12448528396094365,0.460356,8.259417057037354,8
adult_tx,8,500,10,20,0.11289195618494113,0.492765,8.259417057037354,9
adult_tx,8,500,10,20,0.11381819458882002,0.451995,8.259417057037354,10
adult_tx,8,500,10,20,0.10613405739469708,0.475539,8.259417057037354,median
adult_tx,10,500,10,20,0.11761649727350673,0.614579,8.259417057037354,1
adult_tx,10,500,10,20,0.10706564237220764,0.532816,8.259417057037354,2
adult_tx,10,500,10,20,0.09691397869418533,0.500302,8.259417057037354,3
adult_tx,10,500,10,20,0.10041708060331986,0.479761,8.259417057037354,4
adult_tx,10,500,10,20,0.10745397176361561,0.512692,8.259417057037354,5
adult_tx,10,500,10,20,0.113131422544155,0.59454,8.259417057037354,6
adult_tx,10,500,10,20,0.11558687429401997,0.511008,8.259417057037354,7
adult_tx,10,500,10,20,0.11537001008021118,0.58771,8.259417057037354,8
adult_tx,10,500,10,20,0.11044876460476794,0.510264,8.259417057037354,9
adult_tx,10,500,10,20,0.11596542772731992,0.552265,8.259417057037354,10
adult_tx,10,500,10,20,0.11044876460476794,0.510264,8.259417057037354,median
adult_tx,16,500,10,20,0.10631254002400098,0.737658,8.259417057037354,1
adult_tx,16,500,10,20,0.099109561111667,0.656835,8.259417057037354,2
adult_tx,16,500,10,20,0.10421280939966866,0.903628,8.259417057037354,3
adult_tx,16,500,10,20,0.10850788775298585,0.608458,8.259417057037354,4
adult_tx,16,500,10,20,0.10200172493799724,0.731164,8.259417057037354,5
adult_tx,16,500,10,20,0.09869638263378579,0.598512,8.259417057037354,6
adult_tx,16,500,10,20,0.10207087093130364,0.642483,8.259417057037354,7
adult_tx,16,500,10,20,0.1026751125355862,0.652327,8.259417057037354,8
adult_tx,16,500,10,20,0.10239546654675402,0.691482,8.259417057037354,9
adult_tx,16,500,10,20,0.0940590507941007,0.765788,8.259417057037354,10
adult_tx,16,500,10,20,0.10207087093130364,0.642483,8.259417057037354,median
adult_tx,20,500,10,20,0.10117395354737783,0.681425,8.259417057037354,1
adult_tx,20,500,10,20,0.09911021320875028,0.733402,8.259417057037354,2
adult_tx,20,500,10,20,0.10835467657205831,0.717056,8.259417057037354,3
adult_tx,20,500,10,20,0.10687138998965073,0.74345,8.259417057037354,4
adult_tx,20,500,10,20,0.09817368240632729,0.701384,8.259417057037354,5
adult_tx,20,500,10,20,0.09646264138990103,0.960784,8.259417057037354,6
adult_tx,20,500,10,20,0.09864468698087037,0.790539,8.259417057037354,7
adult_tx,20,500,10,20,0.1027159363661732,0.735114,8.259417057037354,8
adult_tx,20,500,10,20,0.10335302596128722,0.751427,8.259417057037354,9
adult_tx,20,500,10,20,0.1031528360184249,0.855384,8.259417057037354,10
adult_tx,20,500,10,20,0.10117395354737783,0.681425,8.259417057037354,median
adult_tx,50,500,10,20,0.09223177358705806,1.708296,8.259417057037354,1
adult_tx,50,500,10,20,0.09386081794082253,1.686409,8.259417057037354,2
adult_tx,50,500,10,20,0.09188527895906672,1.790721,8.259417057037354,3
adult_tx,50,500,10,20,0.09568752788555522,1.638066,8.259417057037354,4
adult_tx,50,500,10,20,0.09428445718237116,1.656521,8.259417057037354,5
adult_tx,50,500,10,20,0.0925336902034177,1.673828,8.259417057037354,6
adult_tx,50,500,10,20,0.0937670045834356,1.687741,8.259417057037354,7
adult_tx,50,500,10,20,0.09095168017624036,1.66,8.259417057037354,8
adult_tx,50,500,10,20,0.0902675160200361,1.687115,8.259417057037354,9
adult_tx,50,500,10,20,0.09421704339410752,1.721264,8.259417057037354,10
adult_tx,50,500,10,20,0.0925336902034177,1.673828,8.259417057037354,median
adult_tx,100,500,10,20,0.08684518280414577,3.682247,8.259417057037354,1
adult_tx,100,500,10,20,0.08635033770129977,3.794851,8.259417057037354,2
adult_tx,100,500,10,20,0.08688780268530943,3.38223,8.259417057037354,3
adult_tx,100,500,10,20,0.08650158142769175,3.594315,8.259417057037354,4
adult_tx,100,500,10,20,0.0864014292033527,3.479963,8.259417057037354,5
adult_tx,100,500,10,20,0.08636393785107181,3.612217,8.259417057037354,6
adult_tx,100,500,10,20,0.08505983593362426,4.066681,8.259417057037354,7
adult_tx,100,500,10,20,0.08732194740525433,3.55023,8.259417057037354,8
adult_tx,100,500,10,20,0.08657107337255486,3.674942,8.259417057037354,9
adult_tx,100,500,10,20,0.0866279314910845,3.804192,8.259417057037354,10
adult_tx,100,500,10,20,0.08650158142769175,3.594315,8.259417057037354,median
