file,n_clusters,vector_size,window,epochs,NMI,running_time,training_time,iteration
pendigits_tx,2,50,5,5,0.224283425821838,0.124442,0.3997883796691894,1
pendigits_tx,2,50,5,5,0.2243249751305216,0.114391,0.3997883796691894,2
pendigits_tx,2,50,5,5,0.2255631402870261,0.119625,0.3997883796691894,3
pendigits_tx,2,50,5,5,0.2245147633218362,0.122346,0.3997883796691894,4
pendigits_tx,2,50,5,5,0.224283425821838,0.116658,0.3997883796691894,5
pendigits_tx,2,50,5,5,0.226163776327882,0.118111,0.3997883796691894,6
pendigits_tx,2,50,5,5,0.2256242888254509,0.123171,0.3997883796691894,7
pendigits_tx,2,50,5,5,0.2244388045145313,0.13348,0.3997883796691894,8
pendigits_tx,2,50,5,5,0.2247747536758539,0.12987,0.3997883796691894,9
pendigits_tx,2,50,5,5,0.225647740209523,0.11573,0.3997883796691894,10
pendigits_tx,2,50,5,5,0.2245147633218362,0.122346,0.3997883796691894,median
pendigits_tx,4,50,5,5,0.4347847209460811,0.132828,0.3997883796691894,1
pendigits_tx,4,50,5,5,0.4353348715145435,0.127721,0.3997883796691894,2
pendigits_tx,4,50,5,5,0.4361069139189241,0.12711,0.3997883796691894,3
pendigits_tx,4,50,5,5,0.4074723938011881,0.125918,0.3997883796691894,4
pendigits_tx,4,50,5,5,0.4348805975833688,0.137944,0.3997883796691894,5
pendigits_tx,4,50,5,5,0.4680509596286797,0.130805,0.3997883796691894,6
pendigits_tx,4,50,5,5,0.4347615430452935,0.120327,0.3997883796691894,7
pendigits_tx,4,50,5,5,0.4384030048217711,0.130541,0.3997883796691894,8
pendigits_tx,4,50,5,5,0.4353348715145435,0.135537,0.3997883796691894,9
pendigits_tx,4,50,5,5,0.4357175774786798,0.119701,0.3997883796691894,10
pendigits_tx,4,50,5,5,0.4353348715145435,0.127721,0.3997883796691894,median
pendigits_tx,8,50,5,5,0.6059753366740094,0.142489,0.3997883796691894,1
pendigits_tx,8,50,5,5,0.5696746858012429,0.128252,0.3997883796691894,2
pendigits_tx,8,50,5,5,0.6065374527143699,0.142996,0.3997883796691894,3
pendigits_tx,8,50,5,5,0.5836556150398641,0.137399,0.3997883796691894,4
pendigits_tx,8,50,5,5,0.6077636592261481,0.177209,0.3997883796691894,5
pendigits_tx,8,50,5,5,0.6077636592261481,0.150971,0.3997883796691894,6
pendigits_tx,8,50,5,5,0.5851209522461226,0.136773,0.3997883796691894,7
pendigits_tx,8,50,5,5,0.6060584689439359,0.133942,0.3997883796691894,8
pendigits_tx,8,50,5,5,0.6061334956832268,0.146979,0.3997883796691894,9
pendigits_tx,8,50,5,5,0.6072904529107341,0.136877,0.3997883796691894,10
pendigits_tx,8,50,5,5,0.6061334956832268,0.146979,0.3997883796691894,median
pendigits_tx,10,50,5,5,0.5957167756082397,0.132362,0.3997883796691894,1
pendigits_tx,10,50,5,5,0.5945443635682893,0.155503,0.3997883796691894,2
pendigits_tx,10,50,5,5,0.6145122687400236,0.137393,0.3997883796691894,3
pendigits_tx,10,50,5,5,0.5941554217310174,0.1357,0.3997883796691894,4
pendigits_tx,10,50,5,5,0.594185207548443,0.141009,0.3997883796691894,5
pendigits_tx,10,50,5,5,0.5981637960732309,0.14231,0.3997883796691894,6
pendigits_tx,10,50,5,5,0.6029145859296723,0.146686,0.3997883796691894,7
pendigits_tx,10,50,5,5,0.5968480631805174,0.137301,0.3997883796691894,8
pendigits_tx,10,50,5,5,0.5959721397058262,0.146298,0.3997883796691894,9
pendigits_tx,10,50,5,5,0.6124800490686374,0.132033,0.3997883796691894,10
pendigits_tx,10,50,5,5,0.5959721397058262,0.146298,0.3997883796691894,median
pendigits_tx,16,50,5,5,0.5872111946432563,0.15082,0.3997883796691894,1
pendigits_tx,16,50,5,5,0.5817603288833519,0.150384,0.3997883796691894,2
pendigits_tx,16,50,5,5,0.5883361025568684,0.156565,0.3997883796691894,3
pendigits_tx,16,50,5,5,0.5757176746144052,0.171175,0.3997883796691894,4
pendigits_tx,16,50,5,5,0.594590915676606,0.155117,0.3997883796691894,5
pendigits_tx,16,50,5,5,0.6036357386452262,0.16047,0.3997883796691894,6
pendigits_tx,16,50,5,5,0.5984384634597864,0.176628,0.3997883796691894,7
pendigits_tx,16,50,5,5,0.5802583631991867,0.155386,0.3997883796691894,8
pendigits_tx,16,50,5,5,0.5996438972129777,0.163002,0.3997883796691894,9
pendigits_tx,16,50,5,5,0.5866644546665047,0.152396,0.3997883796691894,10
pendigits_tx,16,50,5,5,0.5883361025568684,0.156565,0.3997883796691894,median
pendigits_tx,20,50,5,5,0.5854237893695374,0.148074,0.3997883796691894,1
pendigits_tx,20,50,5,5,0.5853544964288405,0.153486,0.3997883796691894,2
pendigits_tx,20,50,5,5,0.5981640848995939,0.157586,0.3997883796691894,3
pendigits_tx,20,50,5,5,0.6006245823263322,0.200943,0.3997883796691894,4
pendigits_tx,20,50,5,5,0.5822294183665309,0.194385,0.3997883796691894,5
pendigits_tx,20,50,5,5,0.5832858587909051,0.186406,0.3997883796691894,6
pendigits_tx,20,50,5,5,0.5881762645697175,0.186474,0.3997883796691894,7
pendigits_tx,20,50,5,5,0.6051201902765155,0.160349,0.3997883796691894,8
pendigits_tx,20,50,5,5,0.6021036953314746,0.187512,0.3997883796691894,9
pendigits_tx,20,50,5,5,0.5893306843861777,0.155712,0.3997883796691894,10
pendigits_tx,20,50,5,5,0.5893306843861777,0.155712,0.3997883796691894,median
pendigits_tx,50,50,5,5,0.5833545674108316,0.211265,0.3997883796691894,1
pendigits_tx,50,50,5,5,0.569334047230063,0.254633,0.3997883796691894,2
pendigits_tx,50,50,5,5,0.5668746146925875,0.203004,0.3997883796691894,3
pendigits_tx,50,50,5,5,0.5684435733131481,0.210621,0.3997883796691894,4
pendigits_tx,50,50,5,5,0.5728362190055469,0.199093,0.3997883796691894,5
pendigits_tx,50,50,5,5,0.579130134445381,0.178965,0.3997883796691894,6
pendigits_tx,50,50,5,5,0.5773441837979585,0.204942,0.3997883796691894,7
pendigits_tx,50,50,5,5,0.5760562873381607,0.189715,0.3997883796691894,8
pendigits_tx,50,50,5,5,0.571154697105829,0.19746,0.3997883796691894,9
pendigits_tx,50,50,5,5,0.5651995049099597,0.207012,0.3997883796691894,10
pendigits_tx,50,50,5,5,0.5728362190055469,0.199093,0.3997883796691894,median
pendigits_tx,100,50,5,5,0.5513521025089265,0.288999,0.3997883796691894,1
pendigits_tx,100,50,5,5,0.5511064762461649,0.255703,0.3997883796691894,2
pendigits_tx,100,50,5,5,0.5464633438691114,0.243722,0.3997883796691894,3
pendigits_tx,100,50,5,5,0.5525917795004511,0.263417,0.3997883796691894,4
pendigits_tx,100,50,5,5,0.5526229651582613,0.292098,0.3997883796691894,5
pendigits_tx,100,50,5,5,0.5544015064961814,0.290321,0.3997883796691894,6
pendigits_tx,100,50,5,5,0.5460621450751955,0.271947,0.3997883796691894,7
pendigits_tx,100,50,5,5,0.5531162410436145,0.256539,0.3997883796691894,8
pendigits_tx,100,50,5,5,0.547770891600599,0.276751,0.3997883796691894,9
pendigits_tx,100,50,5,5,0.553113245191512,0.302101,0.3997883796691894,10
pendigits_tx,100,50,5,5,0.5513521025089265,0.288999,0.3997883796691894,median
pendigits_tx,2,50,5,10,0.2133158817246787,0.113274,0.7300815582275391,1
pendigits_tx,2,50,5,10,0.2197976709344037,0.119089,0.7300815582275391,2
pendigits_tx,2,50,5,10,0.2197976709344037,0.123963,0.7300815582275391,3
pendigits_tx,2,50,5,10,0.2196650170735598,0.126901,0.7300815582275391,4
pendigits_tx,2,50,5,10,0.213253806621137,0.114279,0.7300815582275391,5
pendigits_tx,2,50,5,10,0.2131580608292987,0.115247,0.7300815582275391,6
pendigits_tx,2,50,5,10,0.2133158817246787,0.129094,0.7300815582275391,7
pendigits_tx,2,50,5,10,0.2197976709344036,0.114571,0.7300815582275391,8
pendigits_tx,2,50,5,10,0.2196650170735598,0.116926,0.7300815582275391,9
pendigits_tx,2,50,5,10,0.2197976709344036,0.131464,0.7300815582275391,10
pendigits_tx,2,50,5,10,0.2196650170735598,0.126901,0.7300815582275391,median
pendigits_tx,4,50,5,10,0.4349575461958219,0.128557,0.7300815582275391,1
pendigits_tx,4,50,5,10,0.4084591466888605,0.117159,0.7300815582275391,2
pendigits_tx,4,50,5,10,0.4312803691812543,0.143302,0.7300815582275391,3
pendigits_tx,4,50,5,10,0.4361664981844457,0.135993,0.7300815582275391,4
pendigits_tx,4,50,5,10,0.434774773246903,0.135412,0.7300815582275391,5
pendigits_tx,4,50,5,10,0.4403674516511319,0.133867,0.7300815582275391,6
pendigits_tx,4,50,5,10,0.4361664981844458,0.13521,0.7300815582275391,7
pendigits_tx,4,50,5,10,0.4359704057088562,0.121822,0.7300815582275391,8
pendigits_tx,4,50,5,10,0.4349575461958219,0.149589,0.7300815582275391,9
pendigits_tx,4,50,5,10,0.4085103769163415,0.134864,0.7300815582275391,10
pendigits_tx,4,50,5,10,0.4349575461958219,0.128557,0.7300815582275391,median
pendigits_tx,8,50,5,10,0.602619551313658,0.147659,0.7300815582275391,1
pendigits_tx,8,50,5,10,0.602619551313658,0.136235,0.7300815582275391,2
pendigits_tx,8,50,5,10,0.602619551313658,0.136531,0.7300815582275391,3
pendigits_tx,8,50,5,10,0.6026276373221381,0.1288,0.7300815582275391,4
pendigits_tx,8,50,5,10,0.602627637322138,0.142837,0.7300815582275391,5
pendigits_tx,8,50,5,10,0.6026276373221381,0.129348,0.7300815582275391,6
pendigits_tx,8,50,5,10,0.5634620625765341,0.127528,0.7300815582275391,7
pendigits_tx,8,50,5,10,0.6037887786859962,0.155587,0.7300815582275391,8
pendigits_tx,8,50,5,10,0.6024053300970142,0.145711,0.7300815582275391,9
pendigits_tx,8,50,5,10,0.6037887786859963,0.125383,0.7300815582275391,10
pendigits_tx,8,50,5,10,0.602619551313658,0.147659,0.7300815582275391,median
pendigits_tx,10,50,5,10,0.6145770069884086,0.139708,0.7300815582275391,1
pendigits_tx,10,50,5,10,0.615381328463454,0.159104,0.7300815582275391,2
pendigits_tx,10,50,5,10,0.5947318765227193,0.148357,0.7300815582275391,3
pendigits_tx,10,50,5,10,0.6142022438263589,0.142863,0.7300815582275391,4
pendigits_tx,10,50,5,10,0.6144456293439441,0.138175,0.7300815582275391,5
pendigits_tx,10,50,5,10,0.6153226759491004,0.141357,0.7300815582275391,6
pendigits_tx,10,50,5,10,0.5946293921158533,0.148453,0.7300815582275391,7
pendigits_tx,10,50,5,10,0.5950126747230124,0.139216,0.7300815582275391,8
pendigits_tx,10,50,5,10,0.6130977155246486,0.128183,0.7300815582275391,9
pendigits_tx,10,50,5,10,0.5879971893939119,0.150285,0.7300815582275391,10
pendigits_tx,10,50,5,10,0.6130977155246486,0.128183,0.7300815582275391,median
pendigits_tx,16,50,5,10,0.6045472843215461,0.152127,0.7300815582275391,1
pendigits_tx,16,50,5,10,0.6012284740616869,0.160562,0.7300815582275391,2
pendigits_tx,16,50,5,10,0.5949965665960906,0.162943,0.7300815582275391,3
pendigits_tx,16,50,5,10,0.609922644900819,0.148626,0.7300815582275391,4
pendigits_tx,16,50,5,10,0.6024950134024644,0.149837,0.7300815582275391,5
pendigits_tx,16,50,5,10,0.5888104780849738,0.146267,0.7300815582275391,6
pendigits_tx,16,50,5,10,0.592420878279351,0.145167,0.7300815582275391,7
pendigits_tx,16,50,5,10,0.5856893058879102,0.161785,0.7300815582275391,8
pendigits_tx,16,50,5,10,0.597848785285454,0.155772,0.7300815582275391,9
pendigits_tx,16,50,5,10,0.5814924894474264,0.142696,0.7300815582275391,10
pendigits_tx,16,50,5,10,0.5949965665960906,0.162943,0.7300815582275391,median
pendigits_tx,20,50,5,10,0.5883629442249628,0.156439,0.7300815582275391,1
pendigits_tx,20,50,5,10,0.5901196145822468,0.153246,0.7300815582275391,2
pendigits_tx,20,50,5,10,0.5748707332018034,0.176111,0.7300815582275391,3
pendigits_tx,20,50,5,10,0.5904240138716987,0.178541,0.7300815582275391,4
pendigits_tx,20,50,5,10,0.6010745772275643,0.169385,0.7300815582275391,5
pendigits_tx,20,50,5,10,0.5757968704138002,0.157966,0.7300815582275391,6
pendigits_tx,20,50,5,10,0.595112964910326,0.162311,0.7300815582275391,7
pendigits_tx,20,50,5,10,0.5865758749294265,0.163669,0.7300815582275391,8
pendigits_tx,20,50,5,10,0.5923012785092222,0.165238,0.7300815582275391,9
pendigits_tx,20,50,5,10,0.5832738680843235,0.173319,0.7300815582275391,10
pendigits_tx,20,50,5,10,0.5883629442249628,0.156439,0.7300815582275391,median
pendigits_tx,50,50,5,10,0.5753160679145121,0.217216,0.7300815582275391,1
pendigits_tx,50,50,5,10,0.5748512028192966,0.191794,0.7300815582275391,2
pendigits_tx,50,50,5,10,0.5676150254146219,0.196016,0.7300815582275391,3
pendigits_tx,50,50,5,10,0.5666879044014613,0.209637,0.7300815582275391,4
pendigits_tx,50,50,5,10,0.5757160907912363,0.203333,0.7300815582275391,5
pendigits_tx,50,50,5,10,0.5793874057298226,0.229901,0.7300815582275391,6
pendigits_tx,50,50,5,10,0.5867526970862789,0.254665,0.7300815582275391,7
pendigits_tx,50,50,5,10,0.5821664589668829,0.194097,0.7300815582275391,8
pendigits_tx,50,50,5,10,0.5566720702021223,0.206527,0.7300815582275391,9
pendigits_tx,50,50,5,10,0.5782637465274015,0.271264,0.7300815582275391,10
pendigits_tx,50,50,5,10,0.5753160679145121,0.217216,0.7300815582275391,median
pendigits_tx,100,50,5,10,0.5550558618324655,0.280312,0.7300815582275391,1
pendigits_tx,100,50,5,10,0.5632252871703335,0.251146,0.7300815582275391,2
pendigits_tx,100,50,5,10,0.5562163527786689,0.312823,0.7300815582275391,3
pendigits_tx,100,50,5,10,0.5593472877839561,0.238829,0.7300815582275391,4
pendigits_tx,100,50,5,10,0.5547715592138974,0.275348,0.7300815582275391,5
pendigits_tx,100,50,5,10,0.5593051880737575,0.29342,0.7300815582275391,6
pendigits_tx,100,50,5,10,0.5562679041683841,0.293911,0.7300815582275391,7
pendigits_tx,100,50,5,10,0.5546472099023392,0.26459,0.7300815582275391,8
pendigits_tx,100,50,5,10,0.5548578336757048,0.288582,0.7300815582275391,9
pendigits_tx,100,50,5,10,0.5585264567217891,0.304368,0.7300815582275391,10
pendigits_tx,100,50,5,10,0.5562163527786689,0.312823,0.7300815582275391,median
pendigits_tx,2,50,5,20,0.2233384109556773,0.116897,1.4072120189666748,1
pendigits_tx,2,50,5,20,0.2207411929675945,0.111571,1.4072120189666748,2
pendigits_tx,2,50,5,20,0.2233384109556773,0.113549,1.4072120189666748,3
pendigits_tx,2,50,5,20,0.2233384109556773,0.117017,1.4072120189666748,4
pendigits_tx,2,50,5,20,0.225948654339169,0.129202,1.4072120189666748,5
pendigits_tx,2,50,5,20,0.2233384109556773,0.126661,1.4072120189666748,6
pendigits_tx,2,50,5,20,0.220855009116911,0.125604,1.4072120189666748,7
pendigits_tx,2,50,5,20,0.2330954609179855,0.12932,1.4072120189666748,8
pendigits_tx,2,50,5,20,0.2207411929675945,0.134889,1.4072120189666748,9
pendigits_tx,2,50,5,20,0.2232006607480419,0.127676,1.4072120189666748,10
pendigits_tx,2,50,5,20,0.2233384109556773,0.116897,1.4072120189666748,median
pendigits_tx,4,50,5,20,0.4365235661660658,0.122495,1.4072120189666748,1
pendigits_tx,4,50,5,20,0.4367708237336184,0.124959,1.4072120189666748,2
pendigits_tx,4,50,5,20,0.4137611853642025,0.136962,1.4072120189666748,3
pendigits_tx,4,50,5,20,0.4676624351419292,0.139531,1.4072120189666748,4
pendigits_tx,4,50,5,20,0.436533871605925,0.131535,1.4072120189666748,5
pendigits_tx,4,50,5,20,0.4363615196518663,0.132048,1.4072120189666748,6
pendigits_tx,4,50,5,20,0.4137611853642025,0.140199,1.4072120189666748,7
pendigits_tx,4,50,5,20,0.4137611853642025,0.123072,1.4072120189666748,8
pendigits_tx,4,50,5,20,0.4362524085865818,0.138213,1.4072120189666748,9
pendigits_tx,4,50,5,20,0.4137611853642024,0.136349,1.4072120189666748,10
pendigits_tx,4,50,5,20,0.4363615196518663,0.132048,1.4072120189666748,median
pendigits_tx,8,50,5,20,0.5714774862182425,0.142387,1.4072120189666748,1
pendigits_tx,8,50,5,20,0.6094247175278008,0.150931,1.4072120189666748,2
pendigits_tx,8,50,5,20,0.6095648771567987,0.142679,1.4072120189666748,3
pendigits_tx,8,50,5,20,0.6092832225892824,0.139326,1.4072120189666748,4
pendigits_tx,8,50,5,20,0.6088663684022815,0.163685,1.4072120189666748,5
pendigits_tx,8,50,5,20,0.6092403834294882,0.161572,1.4072120189666748,6
pendigits_tx,8,50,5,20,0.5721341990056186,0.140457,1.4072120189666748,7
pendigits_tx,8,50,5,20,0.5749800649175579,0.137749,1.4072120189666748,8
pendigits_tx,8,50,5,20,0.6094247175278009,0.132118,1.4072120189666748,9
pendigits_tx,8,50,5,20,0.6094247175278008,0.140973,1.4072120189666748,10
pendigits_tx,8,50,5,20,0.6092832225892824,0.139326,1.4072120189666748,median
pendigits_tx,10,50,5,20,0.6041412123851329,0.136666,1.4072120189666748,1
pendigits_tx,10,50,5,20,0.5988690257251316,0.153085,1.4072120189666748,2
pendigits_tx,10,50,5,20,0.6225914263701221,0.132317,1.4072120189666748,3
pendigits_tx,10,50,5,20,0.5991893839825633,0.142559,1.4072120189666748,4
pendigits_tx,10,50,5,20,0.6198925552835762,0.161829,1.4072120189666748,5
pendigits_tx,10,50,5,20,0.6004421064285537,0.127505,1.4072120189666748,6
pendigits_tx,10,50,5,20,0.6180682458080468,0.146719,1.4072120189666748,7
pendigits_tx,10,50,5,20,0.6154686721269879,0.134146,1.4072120189666748,8
pendigits_tx,10,50,5,20,0.6020758733185879,0.13123,1.4072120189666748,9
pendigits_tx,10,50,5,20,0.5973721223921,0.141587,1.4072120189666748,10
pendigits_tx,10,50,5,20,0.6020758733185879,0.13123,1.4072120189666748,median
pendigits_tx,16,50,5,20,0.5958611502483533,0.147944,1.4072120189666748,1
pendigits_tx,16,50,5,20,0.5931629701745258,0.188499,1.4072120189666748,2
pendigits_tx,16,50,5,20,0.6062948190099267,0.148288,1.4072120189666748,3
pendigits_tx,16,50,5,20,0.6004323306366282,0.169132,1.4072120189666748,4
pendigits_tx,16,50,5,20,0.6054575285985405,0.164116,1.4072120189666748,5
pendigits_tx,16,50,5,20,0.6029325264948446,0.178502,1.4072120189666748,6
pendigits_tx,16,50,5,20,0.6006217858755059,0.143224,1.4072120189666748,7
pendigits_tx,16,50,5,20,0.5899815619010855,0.160902,1.4072120189666748,8
pendigits_tx,16,50,5,20,0.607062677702791,0.145305,1.4072120189666748,9
pendigits_tx,16,50,5,20,0.603835136244129,0.169142,1.4072120189666748,10
pendigits_tx,16,50,5,20,0.6029325264948446,0.178502,1.4072120189666748,median
pendigits_tx,20,50,5,20,0.590404105265966,0.188369,1.4072120189666748,1
pendigits_tx,20,50,5,20,0.581497531747699,0.151483,1.4072120189666748,2
pendigits_tx,20,50,5,20,0.5821563411861812,0.17481,1.4072120189666748,3
pendigits_tx,20,50,5,20,0.6009236897061001,0.175341,1.4072120189666748,4
pendigits_tx,20,50,5,20,0.592668791182207,0.191079,1.4072120189666748,5
pendigits_tx,20,50,5,20,0.5785400887562829,0.158855,1.4072120189666748,6
pendigits_tx,20,50,5,20,0.5934733187804101,0.14101,1.4072120189666748,7
pendigits_tx,20,50,5,20,0.5839363551805418,0.169199,1.4072120189666748,8
pendigits_tx,20,50,5,20,0.587542411635789,0.150996,1.4072120189666748,9
pendigits_tx,20,50,5,20,0.5875742784761074,0.204123,1.4072120189666748,10
pendigits_tx,20,50,5,20,0.5875742784761074,0.204123,1.4072120189666748,median
pendigits_tx,50,50,5,20,0.5720297443051389,0.217759,1.4072120189666748,1
pendigits_tx,50,50,5,20,0.5801179158629404,0.208465,1.4072120189666748,2
pendigits_tx,50,50,5,20,0.5776591221554607,0.229901,1.4072120189666748,3
pendigits_tx,50,50,5,20,0.5663120565166968,0.194921,1.4072120189666748,4
pendigits_tx,50,50,5,20,0.5881155403973329,0.191627,1.4072120189666748,5
pendigits_tx,50,50,5,20,0.5758363384260833,0.191374,1.4072120189666748,6
pendigits_tx,50,50,5,20,0.5871942007566178,0.208971,1.4072120189666748,7
pendigits_tx,50,50,5,20,0.5816617936738684,0.285305,1.4072120189666748,8
pendigits_tx,50,50,5,20,0.5715546726501058,0.192493,1.4072120189666748,9
pendigits_tx,50,50,5,20,0.5803555328983929,0.222036,1.4072120189666748,10
pendigits_tx,50,50,5,20,0.5801179158629404,0.208465,1.4072120189666748,median
pendigits_tx,100,50,5,20,0.5595381385981848,0.315158,1.4072120189666748,1
pendigits_tx,100,50,5,20,0.5604929598113433,0.270683,1.4072120189666748,2
pendigits_tx,100,50,5,20,0.5568181681799915,0.310902,1.4072120189666748,3
pendigits_tx,100,50,5,20,0.5581560165786368,0.269642,1.4072120189666748,4
pendigits_tx,100,50,5,20,0.554791520054772,0.266605,1.4072120189666748,5
pendigits_tx,100,50,5,20,0.5587376522404879,0.255818,1.4072120189666748,6
pendigits_tx,100,50,5,20,0.5579387603126981,0.276382,1.4072120189666748,7
pendigits_tx,100,50,5,20,0.5558874385454907,0.297388,1.4072120189666748,8
pendigits_tx,100,50,5,20,0.5561893427531166,0.268063,1.4072120189666748,9
pendigits_tx,100,50,5,20,0.5571075552239403,0.246133,1.4072120189666748,10
pendigits_tx,100,50,5,20,0.5579387603126981,0.276382,1.4072120189666748,median
pendigits_tx,2,100,5,5,0.2215568753759433,0.109841,0.352679967880249,1
pendigits_tx,2,100,5,5,0.2215494882181042,0.130085,0.352679967880249,2
pendigits_tx,2,100,5,5,0.2215494882181042,0.119257,0.352679967880249,3
pendigits_tx,2,100,5,5,0.2215759866936579,0.13288,0.352679967880249,4
pendigits_tx,2,100,5,5,0.2215494882181042,0.135407,0.352679967880249,5
pendigits_tx,2,100,5,5,0.2215494882181042,0.132926,0.352679967880249,6
pendigits_tx,2,100,5,5,0.2215759866936579,0.127154,0.352679967880249,7
pendigits_tx,2,100,5,5,0.2215568753759433,0.127895,0.352679967880249,8
pendigits_tx,2,100,5,5,0.2215619134418055,0.140979,0.352679967880249,9
pendigits_tx,2,100,5,5,0.2215619134418055,0.139923,0.352679967880249,10
pendigits_tx,2,100,5,5,0.2215568753759433,0.127895,0.352679967880249,median
pendigits_tx,4,100,5,5,0.4151744284819365,0.15333,0.352679967880249,1
pendigits_tx,4,100,5,5,0.437428617380434,0.136107,0.352679967880249,2
pendigits_tx,4,100,5,5,0.437428617380434,0.126156,0.352679967880249,3
pendigits_tx,4,100,5,5,0.4358835214520098,0.128551,0.352679967880249,4
pendigits_tx,4,100,5,5,0.4392519084950824,0.170462,0.352679967880249,5
pendigits_tx,4,100,5,5,0.4392519084950824,0.147183,0.352679967880249,6
pendigits_tx,4,100,5,5,0.4331587173146555,0.13084,0.352679967880249,7
pendigits_tx,4,100,5,5,0.415135404431356,0.131475,0.352679967880249,8
pendigits_tx,4,100,5,5,0.4329394698364927,0.139796,0.352679967880249,9
pendigits_tx,4,100,5,5,0.4390080350446121,0.13108,0.352679967880249,10
pendigits_tx,4,100,5,5,0.437428617380434,0.136107,0.352679967880249,median
pendigits_tx,8,100,5,5,0.6057908862194649,0.147879,0.352679967880249,1
pendigits_tx,8,100,5,5,0.5674827336125765,0.156417,0.352679967880249,2
pendigits_tx,8,100,5,5,0.6062207441469734,0.139276,0.352679967880249,3
pendigits_tx,8,100,5,5,0.5825431971910998,0.149099,0.352679967880249,4
pendigits_tx,8,100,5,5,0.6060987834939641,0.144926,0.352679967880249,5
pendigits_tx,8,100,5,5,0.5691644841283067,0.153362,0.352679967880249,6
pendigits_tx,8,100,5,5,0.6062207441469732,0.136771,0.352679967880249,7
pendigits_tx,8,100,5,5,0.6058285198088418,0.148813,0.352679967880249,8
pendigits_tx,8,100,5,5,0.6062207441469734,0.132045,0.352679967880249,9
pendigits_tx,8,100,5,5,0.6057908862194649,0.150843,0.352679967880249,10
pendigits_tx,8,100,5,5,0.6058285198088418,0.148813,0.352679967880249,median
pendigits_tx,10,100,5,5,0.6151525927173039,0.179141,0.352679967880249,1
pendigits_tx,10,100,5,5,0.5978088568301828,0.147124,0.352679967880249,2
pendigits_tx,10,100,5,5,0.6181617077150973,0.160776,0.352679967880249,3
pendigits_tx,10,100,5,5,0.6129657875430591,0.161038,0.352679967880249,4
pendigits_tx,10,100,5,5,0.6180439109813577,0.153886,0.352679967880249,5
pendigits_tx,10,100,5,5,0.6132503067375538,0.153559,0.352679967880249,6
pendigits_tx,10,100,5,5,0.6156808116290517,0.173185,0.352679967880249,7
pendigits_tx,10,100,5,5,0.5974824619428281,0.153161,0.352679967880249,8
pendigits_tx,10,100,5,5,0.6138562324492005,0.175612,0.352679967880249,9
pendigits_tx,10,100,5,5,0.6158963566331447,0.148247,0.352679967880249,10
pendigits_tx,10,100,5,5,0.6138562324492005,0.175612,0.352679967880249,median
pendigits_tx,16,100,5,5,0.6006336360473238,0.168799,0.352679967880249,1
pendigits_tx,16,100,5,5,0.5958806893080206,0.168847,0.352679967880249,2
pendigits_tx,16,100,5,5,0.5916624315539983,0.153484,0.352679967880249,3
pendigits_tx,16,100,5,5,0.6034013935056506,0.182677,0.352679967880249,4
pendigits_tx,16,100,5,5,0.5978343076665953,0.179178,0.352679967880249,5
pendigits_tx,16,100,5,5,0.6008152646629157,0.186577,0.352679967880249,6
pendigits_tx,16,100,5,5,0.5811721378143669,0.171733,0.352679967880249,7
pendigits_tx,16,100,5,5,0.6093564333396011,0.185235,0.352679967880249,8
pendigits_tx,16,100,5,5,0.5901598670515167,0.16112,0.352679967880249,9
pendigits_tx,16,100,5,5,0.5990551977791738,0.156756,0.352679967880249,10
pendigits_tx,16,100,5,5,0.5978343076665953,0.179178,0.352679967880249,median
pendigits_tx,20,100,5,5,0.5916262968845196,0.239678,0.352679967880249,1
pendigits_tx,20,100,5,5,0.5883387986491433,0.189008,0.352679967880249,2
pendigits_tx,20,100,5,5,0.5870914445447948,0.171466,0.352679967880249,3
pendigits_tx,20,100,5,5,0.5928792369857742,0.159401,0.352679967880249,4
pendigits_tx,20,100,5,5,0.5886516161776957,0.167835,0.352679967880249,5
pendigits_tx,20,100,5,5,0.58124173671404,0.192287,0.352679967880249,6
pendigits_tx,20,100,5,5,0.5939550115792557,0.177676,0.352679967880249,7
pendigits_tx,20,100,5,5,0.5859686800090145,0.173308,0.352679967880249,8
pendigits_tx,20,100,5,5,0.6007755508225504,0.196309,0.352679967880249,9
pendigits_tx,20,100,5,5,0.5927179978712668,0.170447,0.352679967880249,10
pendigits_tx,20,100,5,5,0.5916262968845196,0.239678,0.352679967880249,median
pendigits_tx,50,100,5,5,0.5809001170007441,0.254006,0.352679967880249,1
pendigits_tx,50,100,5,5,0.5797190222004187,0.254405,0.352679967880249,2
pendigits_tx,50,100,5,5,0.5709014805717072,0.253619,0.352679967880249,3
pendigits_tx,50,100,5,5,0.5572363637433325,0.260881,0.352679967880249,4
pendigits_tx,50,100,5,5,0.5735875139903477,0.246711,0.352679967880249,5
pendigits_tx,50,100,5,5,0.5613517936873752,0.231221,0.352679967880249,6
pendigits_tx,50,100,5,5,0.57235137000715,0.245771,0.352679967880249,7
pendigits_tx,50,100,5,5,0.5702956988973803,0.252113,0.352679967880249,8
pendigits_tx,50,100,5,5,0.5645068664117923,0.279732,0.352679967880249,9
pendigits_tx,50,100,5,5,0.5739836136305787,0.253513,0.352679967880249,10
pendigits_tx,50,100,5,5,0.5709014805717072,0.253619,0.352679967880249,median
pendigits_tx,100,100,5,5,0.5489916421569347,0.355959,0.352679967880249,1
pendigits_tx,100,100,5,5,0.5554744155410787,0.350427,0.352679967880249,2
pendigits_tx,100,100,5,5,0.5604874699289955,0.297175,0.352679967880249,3
pendigits_tx,100,100,5,5,0.5527108212771499,0.297653,0.352679967880249,4
pendigits_tx,100,100,5,5,0.5500445461656385,0.318356,0.352679967880249,5
pendigits_tx,100,100,5,5,0.5489377863423849,0.281673,0.352679967880249,6
pendigits_tx,100,100,5,5,0.5500484800149334,0.304575,0.352679967880249,7
pendigits_tx,100,100,5,5,0.557711091007745,0.318803,0.352679967880249,8
pendigits_tx,100,100,5,5,0.5570450456368212,0.29449,0.352679967880249,9
pendigits_tx,100,100,5,5,0.5478093039574221,0.346303,0.352679967880249,10
pendigits_tx,100,100,5,5,0.5527108212771499,0.297653,0.352679967880249,median
pendigits_tx,2,100,5,10,0.2261139444704724,0.113733,0.7166481018066406,1
pendigits_tx,2,100,5,10,0.2259245068888282,0.122317,0.7166481018066406,2
pendigits_tx,2,100,5,10,0.2339085651073604,0.117609,0.7166481018066406,3
pendigits_tx,2,100,5,10,0.2260198272269667,0.13099,0.7166481018066406,4
pendigits_tx,2,100,5,10,0.2261139444704724,0.119878,0.7166481018066406,5
pendigits_tx,2,100,5,10,0.2260198272269667,0.137553,0.7166481018066406,6
pendigits_tx,2,100,5,10,0.2260612511743639,0.123119,0.7166481018066406,7
pendigits_tx,2,100,5,10,0.2261139444704724,0.129618,0.7166481018066406,8
pendigits_tx,2,100,5,10,0.2258569553272023,0.140164,0.7166481018066406,9
pendigits_tx,2,100,5,10,0.2260198272269667,0.123271,0.7166481018066406,10
pendigits_tx,2,100,5,10,0.2260198272269667,0.13099,0.7166481018066406,median
pendigits_tx,4,100,5,10,0.4399348066792269,0.131416,0.7166481018066406,1
pendigits_tx,4,100,5,10,0.4399450169003414,0.130751,0.7166481018066406,2
pendigits_tx,4,100,5,10,0.4105048220777307,0.166907,0.7166481018066406,3
pendigits_tx,4,100,5,10,0.4364058905325269,0.135783,0.7166481018066406,4
pendigits_tx,4,100,5,10,0.4364222439492058,0.134116,0.7166481018066406,5
pendigits_tx,4,100,5,10,0.4357214858130946,0.137177,0.7166481018066406,6
pendigits_tx,4,100,5,10,0.4438528434819818,0.146271,0.7166481018066406,7
pendigits_tx,4,100,5,10,0.4427355728557832,0.13082,0.7166481018066406,8
pendigits_tx,4,100,5,10,0.4399450169003414,0.146001,0.7166481018066406,9
pendigits_tx,4,100,5,10,0.4386615225299924,0.145191,0.7166481018066406,10
pendigits_tx,4,100,5,10,0.4399348066792269,0.131416,0.7166481018066406,median
pendigits_tx,8,100,5,10,0.6075494685204043,0.139125,0.7166481018066406,1
pendigits_tx,8,100,5,10,0.6097713902183463,0.156209,0.7166481018066406,2
pendigits_tx,8,100,5,10,0.5778997574015625,0.152412,0.7166481018066406,3
pendigits_tx,8,100,5,10,0.588492038732967,0.139648,0.7166481018066406,4
pendigits_tx,8,100,5,10,0.6073242210152301,0.14808,0.7166481018066406,5
pendigits_tx,8,100,5,10,0.6075020273950492,0.159657,0.7166481018066406,6
pendigits_tx,8,100,5,10,0.6096675519346666,0.1432,0.7166481018066406,7
pendigits_tx,8,100,5,10,0.5703626612770506,0.144166,0.7166481018066406,8
pendigits_tx,8,100,5,10,0.5760144533024233,0.150064,0.7166481018066406,9
pendigits_tx,8,100,5,10,0.6073242210152301,0.143923,0.7166481018066406,10
pendigits_tx,8,100,5,10,0.6073242210152301,0.14808,0.7166481018066406,median
pendigits_tx,10,100,5,10,0.6065573386001674,0.138153,0.7166481018066406,1
pendigits_tx,10,100,5,10,0.6003055200273318,0.13921,0.7166481018066406,2
pendigits_tx,10,100,5,10,0.6017222733899498,0.151149,0.7166481018066406,3
pendigits_tx,10,100,5,10,0.601109571107508,0.165791,0.7166481018066406,4
pendigits_tx,10,100,5,10,0.6198650651361063,0.16076,0.7166481018066406,5
pendigits_tx,10,100,5,10,0.6198650651361063,0.138338,0.7166481018066406,6
pendigits_tx,10,100,5,10,0.6021129534717816,0.13862,0.7166481018066406,7
pendigits_tx,10,100,5,10,0.5987459000232703,0.158386,0.7166481018066406,8
pendigits_tx,10,100,5,10,0.6193831847598091,0.183092,0.7166481018066406,9
pendigits_tx,10,100,5,10,0.6011649204001744,0.16379,0.7166481018066406,10
pendigits_tx,10,100,5,10,0.6017222733899498,0.151149,0.7166481018066406,median
pendigits_tx,16,100,5,10,0.585589509897632,0.183672,0.7166481018066406,1
pendigits_tx,16,100,5,10,0.6037302315275845,0.162868,0.7166481018066406,2
pendigits_tx,16,100,5,10,0.5978630902353355,0.158766,0.7166481018066406,3
pendigits_tx,16,100,5,10,0.5906906881860703,0.190419,0.7166481018066406,4
pendigits_tx,16,100,5,10,0.5957055405685521,0.246123,0.7166481018066406,5
pendigits_tx,16,100,5,10,0.5894562833246649,0.211289,0.7166481018066406,6
pendigits_tx,16,100,5,10,0.6013655779997509,0.176344,0.7166481018066406,7
pendigits_tx,16,100,5,10,0.5922356071231256,0.160596,0.7166481018066406,8
pendigits_tx,16,100,5,10,0.6024528714064558,0.157582,0.7166481018066406,9
pendigits_tx,16,100,5,10,0.5991362032323291,0.187095,0.7166481018066406,10
pendigits_tx,16,100,5,10,0.5978630902353355,0.158766,0.7166481018066406,median
pendigits_tx,20,100,5,10,0.5785514093776017,0.17369,0.7166481018066406,1
pendigits_tx,20,100,5,10,0.5923741988831501,0.172218,0.7166481018066406,2
pendigits_tx,20,100,5,10,0.5909060705259216,0.217669,0.7166481018066406,3
pendigits_tx,20,100,5,10,0.607048897114957,0.207129,0.7166481018066406,4
pendigits_tx,20,100,5,10,0.6067601520909609,0.205978,0.7166481018066406,5
pendigits_tx,20,100,5,10,0.6044000460314306,0.178875,0.7166481018066406,6
pendigits_tx,20,100,5,10,0.5852287487187817,0.166668,0.7166481018066406,7
pendigits_tx,20,100,5,10,0.5918654942742784,0.160792,0.7166481018066406,8
pendigits_tx,20,100,5,10,0.5903691818110396,0.193363,0.7166481018066406,9
pendigits_tx,20,100,5,10,0.6078466627487668,0.19518,0.7166481018066406,10
pendigits_tx,20,100,5,10,0.5923741988831501,0.172218,0.7166481018066406,median
pendigits_tx,50,100,5,10,0.5804221885769248,0.26538,0.7166481018066406,1
pendigits_tx,50,100,5,10,0.5823693840866078,0.26163,0.7166481018066406,2
pendigits_tx,50,100,5,10,0.5781013702046517,0.263019,0.7166481018066406,3
pendigits_tx,50,100,5,10,0.577238407115902,0.22462,0.7166481018066406,4
pendigits_tx,50,100,5,10,0.5690256687965203,0.213696,0.7166481018066406,5
pendigits_tx,50,100,5,10,0.5734192478530479,0.236085,0.7166481018066406,6
pendigits_tx,50,100,5,10,0.5741181294760948,0.24572,0.7166481018066406,7
pendigits_tx,50,100,5,10,0.5725591675509087,0.279272,0.7166481018066406,8
pendigits_tx,50,100,5,10,0.5826641582199615,0.255093,0.7166481018066406,9
pendigits_tx,50,100,5,10,0.5880230291693035,0.276313,0.7166481018066406,10
pendigits_tx,50,100,5,10,0.5781013702046517,0.263019,0.7166481018066406,median
pendigits_tx,100,100,5,10,0.5500250980537843,0.341921,0.7166481018066406,1
pendigits_tx,100,100,5,10,0.5564568059685826,0.306648,0.7166481018066406,2
pendigits_tx,100,100,5,10,0.5596573279370739,0.315052,0.7166481018066406,3
pendigits_tx,100,100,5,10,0.557955957260486,0.290818,0.7166481018066406,4
pendigits_tx,100,100,5,10,0.5579074380986058,0.302942,0.7166481018066406,5
pendigits_tx,100,100,5,10,0.5556629964010137,0.332821,0.7166481018066406,6
pendigits_tx,100,100,5,10,0.5543007070536993,0.361106,0.7166481018066406,7
pendigits_tx,100,100,5,10,0.5616358000486884,0.341837,0.7166481018066406,8
pendigits_tx,100,100,5,10,0.5539931539303631,0.377706,0.7166481018066406,9
pendigits_tx,100,100,5,10,0.5532956397574514,0.325551,0.7166481018066406,10
pendigits_tx,100,100,5,10,0.5564568059685826,0.306648,0.7166481018066406,median
pendigits_tx,2,100,5,20,0.2262572849327467,0.119661,1.358217477798462,1
pendigits_tx,2,100,5,20,0.2262572849327466,0.116602,1.358217477798462,2
pendigits_tx,2,100,5,20,0.2262572849327467,0.120524,1.358217477798462,3
pendigits_tx,2,100,5,20,0.2262572849327467,0.123503,1.358217477798462,4
pendigits_tx,2,100,5,20,0.2253157195355062,0.124073,1.358217477798462,5
pendigits_tx,2,100,5,20,0.2342479996088432,0.131931,1.358217477798462,6
pendigits_tx,2,100,5,20,0.2262572849327466,0.133941,1.358217477798462,7
pendigits_tx,2,100,5,20,0.2262572849327467,0.123512,1.358217477798462,8
pendigits_tx,2,100,5,20,0.2262572849327466,0.13165,1.358217477798462,9
pendigits_tx,2,100,5,20,0.2324106672486567,0.128891,1.358217477798462,10
pendigits_tx,2,100,5,20,0.2262572849327467,0.119661,1.358217477798462,median
pendigits_tx,4,100,5,20,0.4366694902165433,0.139164,1.358217477798462,1
pendigits_tx,4,100,5,20,0.4345834469326479,0.130424,1.358217477798462,2
pendigits_tx,4,100,5,20,0.4388686786816602,0.133853,1.358217477798462,3
pendigits_tx,4,100,5,20,0.4346589052368108,0.15173,1.358217477798462,4
pendigits_tx,4,100,5,20,0.4395586684724479,0.136981,1.358217477798462,5
pendigits_tx,4,100,5,20,0.4366694902165433,0.152657,1.358217477798462,6
pendigits_tx,4,100,5,20,0.4391639320562974,0.135904,1.358217477798462,7
pendigits_tx,4,100,5,20,0.4391639320562974,0.143091,1.358217477798462,8
pendigits_tx,4,100,5,20,0.4367299845924624,0.135242,1.358217477798462,9
pendigits_tx,4,100,5,20,0.4388686786816602,0.137762,1.358217477798462,10
pendigits_tx,4,100,5,20,0.4388686786816602,0.133853,1.358217477798462,median
pendigits_tx,8,100,5,20,0.6070055883469027,0.147861,1.358217477798462,1
pendigits_tx,8,100,5,20,0.6065550554046539,0.159891,1.358217477798462,2
pendigits_tx,8,100,5,20,0.6070055883469027,0.13297,1.358217477798462,3
pendigits_tx,8,100,5,20,0.5914501275626804,0.148897,1.358217477798462,4
pendigits_tx,8,100,5,20,0.606555055404654,0.16613,1.358217477798462,5
pendigits_tx,8,100,5,20,0.5696650531181153,0.142698,1.358217477798462,6
pendigits_tx,8,100,5,20,0.5745815971863552,0.133774,1.358217477798462,7
pendigits_tx,8,100,5,20,0.5692949142854987,0.149943,1.358217477798462,8
pendigits_tx,8,100,5,20,0.5723071949893275,0.150646,1.358217477798462,9
pendigits_tx,8,100,5,20,0.606916968332444,0.130596,1.358217477798462,10
pendigits_tx,8,100,5,20,0.6065550554046539,0.159891,1.358217477798462,median
pendigits_tx,10,100,5,20,0.6159556556441277,0.157201,1.358217477798462,1
pendigits_tx,10,100,5,20,0.5978110502583439,0.142953,1.358217477798462,2
pendigits_tx,10,100,5,20,0.5975766659983567,0.144053,1.358217477798462,3
pendigits_tx,10,100,5,20,0.5977512670480641,0.146763,1.358217477798462,4
pendigits_tx,10,100,5,20,0.6074857663299505,0.151047,1.358217477798462,5
pendigits_tx,10,100,5,20,0.5962692450491035,0.147201,1.358217477798462,6
pendigits_tx,10,100,5,20,0.5841038508993209,0.169196,1.358217477798462,7
pendigits_tx,10,100,5,20,0.6016377900460205,0.171929,1.358217477798462,8
pendigits_tx,10,100,5,20,0.6158756228444476,0.155605,1.358217477798462,9
pendigits_tx,10,100,5,20,0.6106352454654467,0.151924,1.358217477798462,10
pendigits_tx,10,100,5,20,0.5978110502583439,0.142953,1.358217477798462,median
pendigits_tx,16,100,5,20,0.6002105491492736,0.192901,1.358217477798462,1
pendigits_tx,16,100,5,20,0.6016160101918004,0.202115,1.358217477798462,2
pendigits_tx,16,100,5,20,0.6071230958433742,0.175433,1.358217477798462,3
pendigits_tx,16,100,5,20,0.5867189381098817,0.161357,1.358217477798462,4
pendigits_tx,16,100,5,20,0.6125936571346174,0.138957,1.358217477798462,5
pendigits_tx,16,100,5,20,0.6033008649955512,0.146019,1.358217477798462,6
pendigits_tx,16,100,5,20,0.6058338486254633,0.185247,1.358217477798462,7
pendigits_tx,16,100,5,20,0.5863298500143626,0.162165,1.358217477798462,8
pendigits_tx,16,100,5,20,0.6052522961184192,0.164322,1.358217477798462,9
pendigits_tx,16,100,5,20,0.6043086499201578,0.163716,1.358217477798462,10
pendigits_tx,16,100,5,20,0.6033008649955512,0.146019,1.358217477798462,median
pendigits_tx,20,100,5,20,0.602931475041361,0.171768,1.358217477798462,1
pendigits_tx,20,100,5,20,0.5974096139055981,0.166252,1.358217477798462,2
pendigits_tx,20,100,5,20,0.5861815123277002,0.16186,1.358217477798462,3
pendigits_tx,20,100,5,20,0.5875816610031428,0.224628,1.358217477798462,4
pendigits_tx,20,100,5,20,0.5924326366596043,0.203446,1.358217477798462,5
pendigits_tx,20,100,5,20,0.5987392389813636,0.175449,1.358217477798462,6
pendigits_tx,20,100,5,20,0.5883986909770915,0.185575,1.358217477798462,7
pendigits_tx,20,100,5,20,0.5992856054060429,0.22376,1.358217477798462,8
pendigits_tx,20,100,5,20,0.5912241835541977,0.19921,1.358217477798462,9
pendigits_tx,20,100,5,20,0.5886007169001685,0.205881,1.358217477798462,10
pendigits_tx,20,100,5,20,0.5924326366596043,0.203446,1.358217477798462,median
pendigits_tx,50,100,5,20,0.5748344392579948,0.241937,1.358217477798462,1
pendigits_tx,50,100,5,20,0.5775362593409492,0.229391,1.358217477798462,2
pendigits_tx,50,100,5,20,0.591629546929102,0.234114,1.358217477798462,3
pendigits_tx,50,100,5,20,0.5771250509969311,0.218344,1.358217477798462,4
pendigits_tx,50,100,5,20,0.5696572023734445,0.268206,1.358217477798462,5
pendigits_tx,50,100,5,20,0.5757697864885779,0.239709,1.358217477798462,6
pendigits_tx,50,100,5,20,0.588359598819175,0.250224,1.358217477798462,7
pendigits_tx,50,100,5,20,0.5789723303174477,0.227366,1.358217477798462,8
pendigits_tx,50,100,5,20,0.5782450443523588,0.291341,1.358217477798462,9
pendigits_tx,50,100,5,20,0.5841131100988491,0.216806,1.358217477798462,10
pendigits_tx,50,100,5,20,0.5775362593409492,0.229391,1.358217477798462,median
pendigits_tx,100,100,5,20,0.5559476404173865,0.414264,1.358217477798462,1
pendigits_tx,100,100,5,20,0.5580118706145809,0.278429,1.358217477798462,2
pendigits_tx,100,100,5,20,0.5542298346446602,0.371006,1.358217477798462,3
pendigits_tx,100,100,5,20,0.5532085499183838,0.313479,1.358217477798462,4
pendigits_tx,100,100,5,20,0.56108934514939,0.328025,1.358217477798462,5
pendigits_tx,100,100,5,20,0.5556226479484226,0.322073,1.358217477798462,6
pendigits_tx,100,100,5,20,0.5608323257780634,0.351605,1.358217477798462,7
pendigits_tx,100,100,5,20,0.5627179874402023,0.306205,1.358217477798462,8
pendigits_tx,100,100,5,20,0.562397078809085,0.389943,1.358217477798462,9
pendigits_tx,100,100,5,20,0.5524397286936791,0.28689,1.358217477798462,10
pendigits_tx,100,100,5,20,0.5559476404173865,0.414264,1.358217477798462,median
pendigits_tx,2,200,5,5,0.2187367927578243,0.134134,0.4926841259002685,1
pendigits_tx,2,200,5,5,0.2201990394177566,0.127307,0.4926841259002685,2
pendigits_tx,2,200,5,5,0.2201990394177566,0.142695,0.4926841259002685,3
pendigits_tx,2,200,5,5,0.218677530785005,0.149213,0.4926841259002685,4
pendigits_tx,2,200,5,5,0.218677530785005,0.152711,0.4926841259002685,5
pendigits_tx,2,200,5,5,0.2188720578855823,0.177431,0.4926841259002685,6
pendigits_tx,2,200,5,5,0.2201990394177566,0.152507,0.4926841259002685,7
pendigits_tx,2,200,5,5,0.2188720578855823,0.157786,0.4926841259002685,8
pendigits_tx,2,200,5,5,0.2201990394177566,0.142704,0.4926841259002685,9
pendigits_tx,2,200,5,5,0.2201990394177566,0.13671,0.4926841259002685,10
pendigits_tx,2,200,5,5,0.2188720578855823,0.177431,0.4926841259002685,median
pendigits_tx,4,200,5,5,0.4059136621978019,0.169688,0.4926841259002685,1
pendigits_tx,4,200,5,5,0.4059136621978019,0.153916,0.4926841259002685,2
pendigits_tx,4,200,5,5,0.4378639653362245,0.160643,0.4926841259002685,3
pendigits_tx,4,200,5,5,0.4383058658748285,0.156731,0.4926841259002685,4
pendigits_tx,4,200,5,5,0.4378372291245267,0.149464,0.4926841259002685,5
pendigits_tx,4,200,5,5,0.4059136621978019,0.172057,0.4926841259002685,6
pendigits_tx,4,200,5,5,0.407941217376147,0.166099,0.4926841259002685,7
pendigits_tx,4,200,5,5,0.4398936997784368,0.147208,0.4926841259002685,8
pendigits_tx,4,200,5,5,0.4061635963031094,0.157285,0.4926841259002685,9
pendigits_tx,4,200,5,5,0.4343136079548964,0.169601,0.4926841259002685,10
pendigits_tx,4,200,5,5,0.407941217376147,0.166099,0.4926841259002685,median
pendigits_tx,8,200,5,5,0.6040963695840563,0.22405,0.4926841259002685,1
pendigits_tx,8,200,5,5,0.6047020290513958,0.169423,0.4926841259002685,2
pendigits_tx,8,200,5,5,0.6040963695840563,0.168047,0.4926841259002685,3
pendigits_tx,8,200,5,5,0.6047020290513958,0.171382,0.4926841259002685,4
pendigits_tx,8,200,5,5,0.6052795677781717,0.153419,0.4926841259002685,5
pendigits_tx,8,200,5,5,0.5631782237213359,0.149976,0.4926841259002685,6
pendigits_tx,8,200,5,5,0.6050151173725054,0.153238,0.4926841259002685,7
pendigits_tx,8,200,5,5,0.5635035410487047,0.166468,0.4926841259002685,8
pendigits_tx,8,200,5,5,0.605158117778341,0.164185,0.4926841259002685,9
pendigits_tx,8,200,5,5,0.5635080062663408,0.179425,0.4926841259002685,10
pendigits_tx,8,200,5,5,0.6040963695840563,0.22405,0.4926841259002685,median
pendigits_tx,10,200,5,5,0.6146008831008156,0.224576,0.4926841259002685,1
pendigits_tx,10,200,5,5,0.613200826443479,0.222741,0.4926841259002685,2
pendigits_tx,10,200,5,5,0.5925964109186724,0.181866,0.4926841259002685,3
pendigits_tx,10,200,5,5,0.612344808443149,0.162317,0.4926841259002685,4
pendigits_tx,10,200,5,5,0.5978991021496929,0.222137,0.4926841259002685,5
pendigits_tx,10,200,5,5,0.592445896984357,0.1675,0.4926841259002685,6
pendigits_tx,10,200,5,5,0.5912571398878095,0.175088,0.4926841259002685,7
pendigits_tx,10,200,5,5,0.6116517647725184,0.182183,0.4926841259002685,8
pendigits_tx,10,200,5,5,0.6146008831008155,0.188847,0.4926841259002685,9
pendigits_tx,10,200,5,5,0.5929465734521769,0.220708,0.4926841259002685,10
pendigits_tx,10,200,5,5,0.5978991021496929,0.222137,0.4926841259002685,median
pendigits_tx,16,200,5,5,0.5946351363808481,0.286095,0.4926841259002685,1
pendigits_tx,16,200,5,5,0.6006234349539149,0.20188,0.4926841259002685,2
pendigits_tx,16,200,5,5,0.5878330383405704,0.1979,0.4926841259002685,3
pendigits_tx,16,200,5,5,0.5944525601010352,0.184745,0.4926841259002685,4
pendigits_tx,16,200,5,5,0.595669545201473,0.230252,0.4926841259002685,5
pendigits_tx,16,200,5,5,0.589638071232248,0.286284,0.4926841259002685,6
pendigits_tx,16,200,5,5,0.5989636379868385,0.207473,0.4926841259002685,7
pendigits_tx,16,200,5,5,0.5946006056485279,0.191619,0.4926841259002685,8
pendigits_tx,16,200,5,5,0.6002790776306521,0.197289,0.4926841259002685,9
pendigits_tx,16,200,5,5,0.5997009294060051,0.292606,0.4926841259002685,10
pendigits_tx,16,200,5,5,0.5946351363808481,0.286095,0.4926841259002685,median
pendigits_tx,20,200,5,5,0.5883511799558362,0.200661,0.4926841259002685,1
pendigits_tx,20,200,5,5,0.5819905945976759,0.25613,0.4926841259002685,2
pendigits_tx,20,200,5,5,0.5859536309556841,0.243228,0.4926841259002685,3
pendigits_tx,20,200,5,5,0.58319679051716,0.231721,0.4926841259002685,4
pendigits_tx,20,200,5,5,0.594535155919551,0.237966,0.4926841259002685,5
pendigits_tx,20,200,5,5,0.587891182140375,0.23406,0.4926841259002685,6
pendigits_tx,20,200,5,5,0.5829430652104056,0.184309,0.4926841259002685,7
pendigits_tx,20,200,5,5,0.5771296200970256,0.214264,0.4926841259002685,8
pendigits_tx,20,200,5,5,0.6046332272178436,0.202383,0.4926841259002685,9
pendigits_tx,20,200,5,5,0.5892298278602008,0.208714,0.4926841259002685,10
pendigits_tx,20,200,5,5,0.5859536309556841,0.243228,0.4926841259002685,median
pendigits_tx,50,200,5,5,0.5782565004492707,0.342479,0.4926841259002685,1
pendigits_tx,50,200,5,5,0.5679371773148916,0.322055,0.4926841259002685,2
pendigits_tx,50,200,5,5,0.5679571391236795,0.35105,0.4926841259002685,3
pendigits_tx,50,200,5,5,0.5736925925251811,0.352052,0.4926841259002685,4
pendigits_tx,50,200,5,5,0.5828662843305233,0.407783,0.4926841259002685,5
pendigits_tx,50,200,5,5,0.5707558904372407,0.324073,0.4926841259002685,6
pendigits_tx,50,200,5,5,0.5732788268675305,0.315757,0.4926841259002685,7
pendigits_tx,50,200,5,5,0.5781501100750539,0.405641,0.4926841259002685,8
pendigits_tx,50,200,5,5,0.5756864440444086,0.344522,0.4926841259002685,9
pendigits_tx,50,200,5,5,0.5655456067463916,0.394254,0.4926841259002685,10
pendigits_tx,50,200,5,5,0.5736925925251811,0.352052,0.4926841259002685,median
pendigits_tx,100,200,5,5,0.5477587750015573,0.461685,0.4926841259002685,1
pendigits_tx,100,200,5,5,0.5471606377877646,0.477432,0.4926841259002685,2
pendigits_tx,100,200,5,5,0.5519504434898523,0.428571,0.4926841259002685,3
pendigits_tx,100,200,5,5,0.5511508788022834,0.646567,0.4926841259002685,4
pendigits_tx,100,200,5,5,0.5535705575560498,0.54176,0.4926841259002685,5
pendigits_tx,100,200,5,5,0.5493352077414131,0.512931,0.4926841259002685,6
pendigits_tx,100,200,5,5,0.5522648174686525,0.733559,0.4926841259002685,7
pendigits_tx,100,200,5,5,0.5504266603082264,0.492596,0.4926841259002685,8
pendigits_tx,100,200,5,5,0.5532820697764526,0.518952,0.4926841259002685,9
pendigits_tx,100,200,5,5,0.5545403475233737,0.449562,0.4926841259002685,10
pendigits_tx,100,200,5,5,0.5519504434898523,0.428571,0.4926841259002685,median
pendigits_tx,2,200,5,10,0.2185933206739405,0.13309,0.9561159610748292,1
pendigits_tx,2,200,5,10,0.2184652469104575,0.132813,0.9561159610748292,2
pendigits_tx,2,200,5,10,0.2184652469104575,0.133666,0.9561159610748292,3
pendigits_tx,2,200,5,10,0.2173924286056847,0.148925,0.9561159610748292,4
pendigits_tx,2,200,5,10,0.2185933206739405,0.136693,0.9561159610748292,5
pendigits_tx,2,200,5,10,0.2182998772541682,0.143837,0.9561159610748292,6
pendigits_tx,2,200,5,10,0.2182998772541682,0.156924,0.9561159610748292,7
pendigits_tx,2,200,5,10,0.2173924286056846,0.154122,0.9561159610748292,8
pendigits_tx,2,200,5,10,0.2184652469104575,0.14563,0.9561159610748292,9
pendigits_tx,2,200,5,10,0.2184652469104575,0.133608,0.9561159610748292,10
pendigits_tx,2,200,5,10,0.2184652469104575,0.132813,0.9561159610748292,median
pendigits_tx,4,200,5,10,0.4356035565458542,0.157077,0.9561159610748292,1
pendigits_tx,4,200,5,10,0.4085608096562095,0.177504,0.9561159610748292,2
pendigits_tx,4,200,5,10,0.4328452230392979,0.154711,0.9561159610748292,3
pendigits_tx,4,200,5,10,0.4356416486117366,0.157779,0.9561159610748292,4
pendigits_tx,4,200,5,10,0.4393808325933446,0.165687,0.9561159610748292,5
pendigits_tx,4,200,5,10,0.4327968456992856,0.172287,0.9561159610748292,6
pendigits_tx,4,200,5,10,0.4372191455202274,0.14058,0.9561159610748292,7
pendigits_tx,4,200,5,10,0.4328452230392979,0.142287,0.9561159610748292,8
pendigits_tx,4,200,5,10,0.4356416486117366,0.167724,0.9561159610748292,9
pendigits_tx,4,200,5,10,0.4358620092564234,0.151132,0.9561159610748292,10
pendigits_tx,4,200,5,10,0.4356035565458542,0.157077,0.9561159610748292,median
pendigits_tx,8,200,5,10,0.6035444068110122,0.201807,0.9561159610748292,1
pendigits_tx,8,200,5,10,0.6033045469631277,0.168966,0.9561159610748292,2
pendigits_tx,8,200,5,10,0.5822783588766217,0.178543,0.9561159610748292,3
pendigits_tx,8,200,5,10,0.5666043180637198,0.164169,0.9561159610748292,4
pendigits_tx,8,200,5,10,0.6022619829487683,0.178793,0.9561159610748292,5
pendigits_tx,8,200,5,10,0.6039865355721317,0.160944,0.9561159610748292,6
pendigits_tx,8,200,5,10,0.6023761381562306,0.164563,0.9561159610748292,7
pendigits_tx,8,200,5,10,0.568963774986015,0.171196,0.9561159610748292,8
pendigits_tx,8,200,5,10,0.6035444068110121,0.18434,0.9561159610748292,9
pendigits_tx,8,200,5,10,0.5690409426249227,0.155813,0.9561159610748292,10
pendigits_tx,8,200,5,10,0.6023761381562306,0.164563,0.9561159610748292,median
pendigits_tx,10,200,5,10,0.6124347385986095,0.156518,0.9561159610748292,1
pendigits_tx,10,200,5,10,0.5953902567702599,0.199165,0.9561159610748292,2
pendigits_tx,10,200,5,10,0.6126399795816448,0.162005,0.9561159610748292,3
pendigits_tx,10,200,5,10,0.6125341879047186,0.170765,0.9561159610748292,4
pendigits_tx,10,200,5,10,0.6195275102929334,0.154871,0.9561159610748292,5
pendigits_tx,10,200,5,10,0.5981477165482915,0.186091,0.9561159610748292,6
pendigits_tx,10,200,5,10,0.594205889082133,0.177799,0.9561159610748292,7
pendigits_tx,10,200,5,10,0.6051112977799217,0.156276,0.9561159610748292,8
pendigits_tx,10,200,5,10,0.6138739519743442,0.180706,0.9561159610748292,9
pendigits_tx,10,200,5,10,0.5977014272531462,0.179862,0.9561159610748292,10
pendigits_tx,10,200,5,10,0.6124347385986095,0.156518,0.9561159610748292,median
pendigits_tx,16,200,5,10,0.6070253541628683,0.188367,0.9561159610748292,1
pendigits_tx,16,200,5,10,0.6006472360765048,0.230376,0.9561159610748292,2
pendigits_tx,16,200,5,10,0.6100276585992586,0.189423,0.9561159610748292,3
pendigits_tx,16,200,5,10,0.596262629269918,0.181038,0.9561159610748292,4
pendigits_tx,16,200,5,10,0.5985439555709027,0.25053,0.9561159610748292,5
pendigits_tx,16,200,5,10,0.5957543741892236,0.173704,0.9561159610748292,6
pendigits_tx,16,200,5,10,0.5921903423111943,0.264802,0.9561159610748292,7
pendigits_tx,16,200,5,10,0.594688260059806,0.23061,0.9561159610748292,8
pendigits_tx,16,200,5,10,0.6093133802042178,0.180386,0.9561159610748292,9
pendigits_tx,16,200,5,10,0.5943105926351616,0.208507,0.9561159610748292,10
pendigits_tx,16,200,5,10,0.596262629269918,0.181038,0.9561159610748292,median
pendigits_tx,20,200,5,10,0.5834951763326802,0.223565,0.9561159610748292,1
pendigits_tx,20,200,5,10,0.6034921073383468,0.223984,0.9561159610748292,2
pendigits_tx,20,200,5,10,0.5901211029960028,0.241818,0.9561159610748292,3
pendigits_tx,20,200,5,10,0.5789212452130044,0.33988,0.9561159610748292,4
pendigits_tx,20,200,5,10,0.5860911712892413,0.225209,0.9561159610748292,5
pendigits_tx,20,200,5,10,0.5913966935939342,0.272428,0.9561159610748292,6
pendigits_tx,20,200,5,10,0.6014178611411345,0.198962,0.9561159610748292,7
pendigits_tx,20,200,5,10,0.5947113693230597,0.196545,0.9561159610748292,8
pendigits_tx,20,200,5,10,0.5871231241175062,0.200579,0.9561159610748292,9
pendigits_tx,20,200,5,10,0.6058582936080672,0.232559,0.9561159610748292,10
pendigits_tx,20,200,5,10,0.5901211029960028,0.241818,0.9561159610748292,median
pendigits_tx,50,200,5,10,0.5757845687549079,0.32369,0.9561159610748292,1
pendigits_tx,50,200,5,10,0.5757314752409839,0.35549,0.9561159610748292,2
pendigits_tx,50,200,5,10,0.5789288107997314,0.35708,0.9561159610748292,3
pendigits_tx,50,200,5,10,0.5809139559109731,0.363475,0.9561159610748292,4
pendigits_tx,50,200,5,10,0.575839573187996,0.25376,0.9561159610748292,5
pendigits_tx,50,200,5,10,0.5694709811438237,0.392885,0.9561159610748292,6
pendigits_tx,50,200,5,10,0.5770670989660446,0.438537,0.9561159610748292,7
pendigits_tx,50,200,5,10,0.5753865268023616,0.330382,0.9561159610748292,8
pendigits_tx,50,200,5,10,0.5748047641514943,0.393213,0.9561159610748292,9
pendigits_tx,50,200,5,10,0.5711842283504027,0.328017,0.9561159610748292,10
pendigits_tx,50,200,5,10,0.5757845687549079,0.32369,0.9561159610748292,median
pendigits_tx,100,200,5,10,0.5491338329772416,0.601872,0.9561159610748292,1
pendigits_tx,100,200,5,10,0.5583285716356147,0.474621,0.9561159610748292,2
pendigits_tx,100,200,5,10,0.5549717907326633,0.56035,0.9561159610748292,3
pendigits_tx,100,200,5,10,0.5583812688621337,0.481039,0.9561159610748292,4
pendigits_tx,100,200,5,10,0.5540767252693227,0.505213,0.9561159610748292,5
pendigits_tx,100,200,5,10,0.5505806728054626,0.547969,0.9561159610748292,6
pendigits_tx,100,200,5,10,0.549101751054632,0.45759,0.9561159610748292,7
pendigits_tx,100,200,5,10,0.5558243887970495,0.541493,0.9561159610748292,8
pendigits_tx,100,200,5,10,0.552848191267511,0.588575,0.9561159610748292,9
pendigits_tx,100,200,5,10,0.5545804978232194,0.432925,0.9561159610748292,10
pendigits_tx,100,200,5,10,0.5545804978232194,0.432925,0.9561159610748292,median
pendigits_tx,2,200,5,20,0.2223076652079505,0.132755,1.8918709754943848,1
pendigits_tx,2,200,5,20,0.2222888634104234,0.12863,1.8918709754943848,2
pendigits_tx,2,200,5,20,0.2222888634104234,0.127483,1.8918709754943848,3
pendigits_tx,2,200,5,20,0.2222888634104234,0.133598,1.8918709754943848,4
pendigits_tx,2,200,5,20,0.2227436721234808,0.143322,1.8918709754943848,5
pendigits_tx,2,200,5,20,0.2227436721234809,0.157021,1.8918709754943848,6
pendigits_tx,2,200,5,20,0.2222888634104234,0.145051,1.8918709754943848,7
pendigits_tx,2,200,5,20,0.2223076652079505,0.141685,1.8918709754943848,8
pendigits_tx,2,200,5,20,0.2222888634104234,0.147363,1.8918709754943848,9
pendigits_tx,2,200,5,20,0.2222888634104234,0.139841,1.8918709754943848,10
pendigits_tx,2,200,5,20,0.2222888634104234,0.12863,1.8918709754943848,median
pendigits_tx,4,200,5,20,0.4139106889901685,0.180567,1.8918709754943848,1
pendigits_tx,4,200,5,20,0.4363439031142842,0.16343,1.8918709754943848,2
pendigits_tx,4,200,5,20,0.436780422274672,0.171089,1.8918709754943848,3
pendigits_tx,4,200,5,20,0.436780422274672,0.162059,1.8918709754943848,4
pendigits_tx,4,200,5,20,0.4363439031142842,0.170885,1.8918709754943848,5
pendigits_tx,4,200,5,20,0.4139947628575362,0.160856,1.8918709754943848,6
pendigits_tx,4,200,5,20,0.4412821594620099,0.152492,1.8918709754943848,7
pendigits_tx,4,200,5,20,0.436780422274672,0.173194,1.8918709754943848,8
pendigits_tx,4,200,5,20,0.4374889420646616,0.174936,1.8918709754943848,9
pendigits_tx,4,200,5,20,0.436780422274672,0.164139,1.8918709754943848,10
pendigits_tx,4,200,5,20,0.436780422274672,0.171089,1.8918709754943848,median
pendigits_tx,8,200,5,20,0.6066083659727541,0.179856,1.8918709754943848,1
pendigits_tx,8,200,5,20,0.606657334217949,0.158643,1.8918709754943848,2
pendigits_tx,8,200,5,20,0.565823549859117,0.160422,1.8918709754943848,3
pendigits_tx,8,200,5,20,0.573122251800263,0.169099,1.8918709754943848,4
pendigits_tx,8,200,5,20,0.6067263609099256,0.157156,1.8918709754943848,5
pendigits_tx,8,200,5,20,0.6073975633582354,0.167426,1.8918709754943848,6
pendigits_tx,8,200,5,20,0.6065725530830886,0.147136,1.8918709754943848,7
pendigits_tx,8,200,5,20,0.5835832960673207,0.179563,1.8918709754943848,8
pendigits_tx,8,200,5,20,0.6073975633582352,0.173781,1.8918709754943848,9
pendigits_tx,8,200,5,20,0.6067313189528788,0.181951,1.8918709754943848,10
pendigits_tx,8,200,5,20,0.6066083659727541,0.179856,1.8918709754943848,median
pendigits_tx,10,200,5,20,0.600813252421409,0.186341,1.8918709754943848,1
pendigits_tx,10,200,5,20,0.6157704105239952,0.187144,1.8918709754943848,2
pendigits_tx,10,200,5,20,0.6016380067314444,0.170364,1.8918709754943848,3
pendigits_tx,10,200,5,20,0.6059520087781248,0.166161,1.8918709754943848,4
pendigits_tx,10,200,5,20,0.5678271018536394,0.199864,1.8918709754943848,5
pendigits_tx,10,200,5,20,0.5925432316645042,0.174078,1.8918709754943848,6
pendigits_tx,10,200,5,20,0.5994388265526656,0.171746,1.8918709754943848,7
pendigits_tx,10,200,5,20,0.6026920384194658,0.192394,1.8918709754943848,8
pendigits_tx,10,200,5,20,0.593935178815694,0.168943,1.8918709754943848,9
pendigits_tx,10,200,5,20,0.6159763515882082,0.189065,1.8918709754943848,10
pendigits_tx,10,200,5,20,0.600813252421409,0.186341,1.8918709754943848,median
pendigits_tx,16,200,5,20,0.6035875334712957,0.273252,1.8918709754943848,1
pendigits_tx,16,200,5,20,0.588852538954686,0.232849,1.8918709754943848,2
pendigits_tx,16,200,5,20,0.5902387841969593,0.184522,1.8918709754943848,3
pendigits_tx,16,200,5,20,0.6001544576931819,0.213338,1.8918709754943848,4
pendigits_tx,16,200,5,20,0.5891827882012542,0.191188,1.8918709754943848,5
pendigits_tx,16,200,5,20,0.6002355384635695,0.188249,1.8918709754943848,6
pendigits_tx,16,200,5,20,0.601257038505847,0.252815,1.8918709754943848,7
pendigits_tx,16,200,5,20,0.6038891072784669,0.221909,1.8918709754943848,8
pendigits_tx,16,200,5,20,0.6165369388012566,0.192278,1.8918709754943848,9
pendigits_tx,16,200,5,20,0.5842621598149577,0.211853,1.8918709754943848,10
pendigits_tx,16,200,5,20,0.6001544576931819,0.213338,1.8918709754943848,median
pendigits_tx,20,200,5,20,0.6004533787385592,0.198126,1.8918709754943848,1
pendigits_tx,20,200,5,20,0.5952832457517124,0.224049,1.8918709754943848,2
pendigits_tx,20,200,5,20,0.5955711747109983,0.261548,1.8918709754943848,3
pendigits_tx,20,200,5,20,0.6073801945388174,0.236578,1.8918709754943848,4
pendigits_tx,20,200,5,20,0.5950831497723302,0.177459,1.8918709754943848,5
pendigits_tx,20,200,5,20,0.5922083622952526,0.26848,1.8918709754943848,6
pendigits_tx,20,200,5,20,0.6005126266014791,0.208849,1.8918709754943848,7
pendigits_tx,20,200,5,20,0.5944036260325589,0.2151,1.8918709754943848,8
pendigits_tx,20,200,5,20,0.6066623196415938,0.209588,1.8918709754943848,9
pendigits_tx,20,200,5,20,0.6113901411510129,0.260892,1.8918709754943848,10
pendigits_tx,20,200,5,20,0.6004533787385592,0.198126,1.8918709754943848,median
pendigits_tx,50,200,5,20,0.5814391017775322,0.294358,1.8918709754943848,1
pendigits_tx,50,200,5,20,0.58343842991401,0.350415,1.8918709754943848,2
pendigits_tx,50,200,5,20,0.5852946105337646,0.383448,1.8918709754943848,3
pendigits_tx,50,200,5,20,0.577961561632366,0.34319,1.8918709754943848,4
pendigits_tx,50,200,5,20,0.5849091847374462,0.357272,1.8918709754943848,5
pendigits_tx,50,200,5,20,0.5842567519894605,0.364444,1.8918709754943848,6
pendigits_tx,50,200,5,20,0.5821981669993728,0.361593,1.8918709754943848,7
pendigits_tx,50,200,5,20,0.5753289432773118,0.33622,1.8918709754943848,8
pendigits_tx,50,200,5,20,0.5792090028597434,0.323374,1.8918709754943848,9
pendigits_tx,50,200,5,20,0.5792084793047401,0.280687,1.8918709754943848,10
pendigits_tx,50,200,5,20,0.5814391017775322,0.294358,1.8918709754943848,median
pendigits_tx,100,200,5,20,0.5588859849499492,0.491865,1.8918709754943848,1
pendigits_tx,100,200,5,20,0.5640611040377643,0.451653,1.8918709754943848,2
pendigits_tx,100,200,5,20,0.5573283465937643,0.44205,1.8918709754943848,3
pendigits_tx,100,200,5,20,0.5551525730310516,0.574263,1.8918709754943848,4
pendigits_tx,100,200,5,20,0.5614864288421372,0.511809,1.8918709754943848,5
pendigits_tx,100,200,5,20,0.5546969736972529,0.469977,1.8918709754943848,6
pendigits_tx,100,200,5,20,0.557226845097523,0.648761,1.8918709754943848,7
pendigits_tx,100,200,5,20,0.5587757528375878,0.63869,1.8918709754943848,8
pendigits_tx,100,200,5,20,0.5594673654882022,0.566858,1.8918709754943848,9
pendigits_tx,100,200,5,20,0.5574789733237675,0.590103,1.8918709754943848,10
pendigits_tx,100,200,5,20,0.5587757528375878,0.63869,1.8918709754943848,median
pendigits_tx,2,500,5,5,0.2175060967697262,0.17821,0.8090143203735352,1
pendigits_tx,2,500,5,5,0.2175720596344572,0.20148,0.8090143203735352,2
pendigits_tx,2,500,5,5,0.2128681742037716,0.204086,0.8090143203735352,3
pendigits_tx,2,500,5,5,0.2175720596344572,0.214626,0.8090143203735352,4
pendigits_tx,2,500,5,5,0.2175720596344572,0.213013,0.8090143203735352,5
pendigits_tx,2,500,5,5,0.2128681742037716,0.193857,0.8090143203735352,6
pendigits_tx,2,500,5,5,0.2175720596344572,0.205295,0.8090143203735352,7
pendigits_tx,2,500,5,5,0.2175060967697263,0.167155,0.8090143203735352,8
pendigits_tx,2,500,5,5,0.2175060967697262,0.19201,0.8090143203735352,9
pendigits_tx,2,500,5,5,0.2175060967697262,0.190914,0.8090143203735352,10
pendigits_tx,2,500,5,5,0.2175060967697262,0.17821,0.8090143203735352,median
pendigits_tx,4,500,5,5,0.4357096244864805,0.22632,0.8090143203735352,1
pendigits_tx,4,500,5,5,0.435235272356329,0.23308,0.8090143203735352,2
pendigits_tx,4,500,5,5,0.4073158469413649,0.216069,0.8090143203735352,3
pendigits_tx,4,500,5,5,0.4071305085225272,0.23513,0.8090143203735352,4
pendigits_tx,4,500,5,5,0.4057972972088807,0.287262,0.8090143203735352,5
pendigits_tx,4,500,5,5,0.4069268058753624,0.207702,0.8090143203735352,6
pendigits_tx,4,500,5,5,0.4332174314781596,0.25682,0.8090143203735352,7
pendigits_tx,4,500,5,5,0.425811705950505,0.25591,0.8090143203735352,8
pendigits_tx,4,500,5,5,0.4072524921067226,0.222188,0.8090143203735352,9
pendigits_tx,4,500,5,5,0.4350329525856151,0.247458,0.8090143203735352,10
pendigits_tx,4,500,5,5,0.4073158469413649,0.216069,0.8090143203735352,median
pendigits_tx,8,500,5,5,0.5328588691533535,0.231419,0.8090143203735352,1
pendigits_tx,8,500,5,5,0.5791906188354131,0.258367,0.8090143203735352,2
pendigits_tx,8,500,5,5,0.561046891938021,0.262469,0.8090143203735352,3
pendigits_tx,8,500,5,5,0.6022799380727328,0.452345,0.8090143203735352,4
pendigits_tx,8,500,5,5,0.6015176468327927,0.29766,0.8090143203735352,5
pendigits_tx,8,500,5,5,0.6017993369912714,0.236938,0.8090143203735352,6
pendigits_tx,8,500,5,5,0.5619049720427265,0.29082,0.8090143203735352,7
pendigits_tx,8,500,5,5,0.602357304005383,0.239148,0.8090143203735352,8
pendigits_tx,8,500,5,5,0.6006464756617464,0.254126,0.8090143203735352,9
pendigits_tx,8,500,5,5,0.5999640818432449,0.248935,0.8090143203735352,10
pendigits_tx,8,500,5,5,0.5999640818432449,0.248935,0.8090143203735352,median
pendigits_tx,10,500,5,5,0.5905516578360629,0.222273,0.8090143203735352,1
pendigits_tx,10,500,5,5,0.611791550885925,0.399158,0.8090143203735352,2
pendigits_tx,10,500,5,5,0.5653627962637555,0.316572,0.8090143203735352,3
pendigits_tx,10,500,5,5,0.594439629813939,0.242461,0.8090143203735352,4
pendigits_tx,10,500,5,5,0.5906267663329487,0.330822,0.8090143203735352,5
pendigits_tx,10,500,5,5,0.6137947932540287,0.296537,0.8090143203735352,6
pendigits_tx,10,500,5,5,0.5975718786788411,0.246784,0.8090143203735352,7
pendigits_tx,10,500,5,5,0.6128777554145314,0.245773,0.8090143203735352,8
pendigits_tx,10,500,5,5,0.5710377353394731,0.316415,0.8090143203735352,9
pendigits_tx,10,500,5,5,0.59012462346495,0.357386,0.8090143203735352,10
pendigits_tx,10,500,5,5,0.5906267663329487,0.330822,0.8090143203735352,median
pendigits_tx,16,500,5,5,0.5840766970695968,0.425686,0.8090143203735352,1
pendigits_tx,16,500,5,5,0.6018530020181293,0.389789,0.8090143203735352,2
pendigits_tx,16,500,5,5,0.5968790693863439,0.433151,0.8090143203735352,3
pendigits_tx,16,500,5,5,0.5940767431324269,0.443093,0.8090143203735352,4
pendigits_tx,16,500,5,5,0.5992398678079816,0.310599,0.8090143203735352,5
pendigits_tx,16,500,5,5,0.5959937638752631,0.446892,0.8090143203735352,6
pendigits_tx,16,500,5,5,0.5768337770118529,0.340265,0.8090143203735352,7
pendigits_tx,16,500,5,5,0.5832649513281716,0.534578,0.8090143203735352,8
pendigits_tx,16,500,5,5,0.5835984998689397,0.366521,0.8090143203735352,9
pendigits_tx,16,500,5,5,0.5998594379224313,0.293595,0.8090143203735352,10
pendigits_tx,16,500,5,5,0.5940767431324269,0.443093,0.8090143203735352,median
pendigits_tx,20,500,5,5,0.5845976349906047,0.324737,0.8090143203735352,1
pendigits_tx,20,500,5,5,0.5845457135773944,0.453816,0.8090143203735352,2
pendigits_tx,20,500,5,5,0.5829053110896488,0.457922,0.8090143203735352,3
pendigits_tx,20,500,5,5,0.5823815241420782,0.425486,0.8090143203735352,4
pendigits_tx,20,500,5,5,0.5760244457267419,0.528165,0.8090143203735352,5
pendigits_tx,20,500,5,5,0.588102806282392,0.478369,0.8090143203735352,6
pendigits_tx,20,500,5,5,0.5841970258258995,0.547675,0.8090143203735352,7
pendigits_tx,20,500,5,5,0.5883860368071747,0.373185,0.8090143203735352,8
pendigits_tx,20,500,5,5,0.5891423570391552,0.387931,0.8090143203735352,9
pendigits_tx,20,500,5,5,0.5856712025919869,0.481183,0.8090143203735352,10
pendigits_tx,20,500,5,5,0.5845457135773944,0.453816,0.8090143203735352,median
pendigits_tx,50,500,5,5,0.5742902910467309,0.540661,0.8090143203735352,1
pendigits_tx,50,500,5,5,0.5590486173190955,0.815512,0.8090143203735352,2
pendigits_tx,50,500,5,5,0.5764111545100047,0.72887,0.8090143203735352,3
pendigits_tx,50,500,5,5,0.5794767043263774,0.691878,0.8090143203735352,4
pendigits_tx,50,500,5,5,0.5798644195811917,0.845428,0.8090143203735352,5
pendigits_tx,50,500,5,5,0.5678732076281782,0.771653,0.8090143203735352,6
pendigits_tx,50,500,5,5,0.575804987136954,0.859044,0.8090143203735352,7
pendigits_tx,50,500,5,5,0.5704355186187895,0.830324,0.8090143203735352,8
pendigits_tx,50,500,5,5,0.5664924815002002,0.885112,0.8090143203735352,9
pendigits_tx,50,500,5,5,0.5762620473351514,0.735586,0.8090143203735352,10
pendigits_tx,50,500,5,5,0.5742902910467309,0.540661,0.8090143203735352,median
pendigits_tx,100,500,5,5,0.5540868635459569,1.04366,0.8090143203735352,1
pendigits_tx,100,500,5,5,0.5472066076884227,1.253763,0.8090143203735352,2
pendigits_tx,100,500,5,5,0.5515805655939248,1.197892,0.8090143203735352,3
pendigits_tx,100,500,5,5,0.5512083246858598,1.142815,0.8090143203735352,4
pendigits_tx,100,500,5,5,0.5505490500715639,1.290337,0.8090143203735352,5
pendigits_tx,100,500,5,5,0.5523015992469308,0.991353,0.8090143203735352,6
pendigits_tx,100,500,5,5,0.5568751340697833,1.090962,0.8090143203735352,7
pendigits_tx,100,500,5,5,0.553035578090947,1.044553,0.8090143203735352,8
pendigits_tx,100,500,5,5,0.5551537380762647,1.012313,0.8090143203735352,9
pendigits_tx,100,500,5,5,0.5521851098178655,1.302394,0.8090143203735352,10
pendigits_tx,100,500,5,5,0.5523015992469308,0.991353,0.8090143203735352,median
pendigits_tx,2,500,5,10,0.2241549858002563,0.154281,1.6218903064727783,1
pendigits_tx,2,500,5,10,0.2241549858002564,0.187269,1.6218903064727783,2
pendigits_tx,2,500,5,10,0.2241549858002564,0.251917,1.6218903064727783,3
pendigits_tx,2,500,5,10,0.2241549858002563,0.191552,1.6218903064727783,4
pendigits_tx,2,500,5,10,0.2249952952583675,0.211057,1.6218903064727783,5
pendigits_tx,2,500,5,10,0.2249952952583675,0.207646,1.6218903064727783,6
pendigits_tx,2,500,5,10,0.2249952952583675,0.218363,1.6218903064727783,7
pendigits_tx,2,500,5,10,0.2249857147636154,0.225427,1.6218903064727783,8
pendigits_tx,2,500,5,10,0.2241549858002563,0.210743,1.6218903064727783,9
pendigits_tx,2,500,5,10,0.2241549858002563,0.232135,1.6218903064727783,10
pendigits_tx,2,500,5,10,0.2241549858002564,0.187269,1.6218903064727783,median
pendigits_tx,4,500,5,10,0.4436084283645151,0.200703,1.6218903064727783,1
pendigits_tx,4,500,5,10,0.4370238907817295,0.206941,1.6218903064727783,2
pendigits_tx,4,500,5,10,0.4734839946270504,0.207315,1.6218903064727783,3
pendigits_tx,4,500,5,10,0.4366820367122997,0.199608,1.6218903064727783,4
pendigits_tx,4,500,5,10,0.4405141632137198,0.271383,1.6218903064727783,5
pendigits_tx,4,500,5,10,0.4366820367122997,0.255329,1.6218903064727783,6
pendigits_tx,4,500,5,10,0.4365605187310254,0.307542,1.6218903064727783,7
pendigits_tx,4,500,5,10,0.4093342042409116,0.190307,1.6218903064727783,8
pendigits_tx,4,500,5,10,0.4364726111968103,0.203066,1.6218903064727783,9
pendigits_tx,4,500,5,10,0.4405141632137198,0.290007,1.6218903064727783,10
pendigits_tx,4,500,5,10,0.4370238907817295,0.206941,1.6218903064727783,median
pendigits_tx,8,500,5,10,0.6081991586363099,0.228943,1.6218903064727783,1
pendigits_tx,8,500,5,10,0.6081103790322355,0.218024,1.6218903064727783,2
pendigits_tx,8,500,5,10,0.5809193124677329,0.254656,1.6218903064727783,3
pendigits_tx,8,500,5,10,0.6078671068596375,0.260079,1.6218903064727783,4
pendigits_tx,8,500,5,10,0.5808121774573708,0.185264,1.6218903064727783,5
pendigits_tx,8,500,5,10,0.6082039425334672,0.227087,1.6218903064727783,6
pendigits_tx,8,500,5,10,0.5769622663964306,0.356515,1.6218903064727783,7
pendigits_tx,8,500,5,10,0.6084014595798737,0.220216,1.6218903064727783,8
pendigits_tx,8,500,5,10,0.608340656178617,0.29647,1.6218903064727783,9
pendigits_tx,8,500,5,10,0.6081103790322355,0.271092,1.6218903064727783,10
pendigits_tx,8,500,5,10,0.6081103790322355,0.218024,1.6218903064727783,median
pendigits_tx,10,500,5,10,0.6048632708961728,0.238574,1.6218903064727783,1
pendigits_tx,10,500,5,10,0.6018331130284683,0.230519,1.6218903064727783,2
pendigits_tx,10,500,5,10,0.6210058183777496,0.312447,1.6218903064727783,3
pendigits_tx,10,500,5,10,0.6216141618288704,0.490957,1.6218903064727783,4
pendigits_tx,10,500,5,10,0.5979133708906275,0.293731,1.6218903064727783,5
pendigits_tx,10,500,5,10,0.61024133093406,0.316896,1.6218903064727783,6
pendigits_tx,10,500,5,10,0.6003760380573544,0.439714,1.6218903064727783,7
pendigits_tx,10,500,5,10,0.5999597157467013,0.365105,1.6218903064727783,8
pendigits_tx,10,500,5,10,0.6188250677570719,0.282749,1.6218903064727783,9
pendigits_tx,10,500,5,10,0.6000502562968709,0.324234,1.6218903064727783,10
pendigits_tx,10,500,5,10,0.6018331130284683,0.230519,1.6218903064727783,median
pendigits_tx,16,500,5,10,0.6056918697569594,0.313794,1.6218903064727783,1
pendigits_tx,16,500,5,10,0.5911611276404148,0.388005,1.6218903064727783,2
pendigits_tx,16,500,5,10,0.6060124268956739,0.439046,1.6218903064727783,3
pendigits_tx,16,500,5,10,0.605412612935758,0.481551,1.6218903064727783,4
pendigits_tx,16,500,5,10,0.6045710684116214,0.355546,1.6218903064727783,5
pendigits_tx,16,500,5,10,0.5974126853426147,0.352476,1.6218903064727783,6
pendigits_tx,16,500,5,10,0.6063519545383261,0.337803,1.6218903064727783,7
pendigits_tx,16,500,5,10,0.6005635047933549,0.304341,1.6218903064727783,8
pendigits_tx,16,500,5,10,0.622225882238739,0.522839,1.6218903064727783,9
pendigits_tx,16,500,5,10,0.6100967797875329,0.311497,1.6218903064727783,10
pendigits_tx,16,500,5,10,0.6056918697569594,0.313794,1.6218903064727783,median
pendigits_tx,20,500,5,10,0.6026078332954643,0.563141,1.6218903064727783,1
pendigits_tx,20,500,5,10,0.5875181983664758,0.344261,1.6218903064727783,2
pendigits_tx,20,500,5,10,0.5843678110274209,0.427607,1.6218903064727783,3
pendigits_tx,20,500,5,10,0.5910936964311688,0.431019,1.6218903064727783,4
pendigits_tx,20,500,5,10,0.584135128006297,0.498039,1.6218903064727783,5
pendigits_tx,20,500,5,10,0.5939186155292266,0.49875,1.6218903064727783,6
pendigits_tx,20,500,5,10,0.5979048735334896,0.391493,1.6218903064727783,7
pendigits_tx,20,500,5,10,0.609347923983234,0.412002,1.6218903064727783,8
pendigits_tx,20,500,5,10,0.5893837523090522,0.375,1.6218903064727783,9
pendigits_tx,20,500,5,10,0.6155885969851134,0.402927,1.6218903064727783,10
pendigits_tx,20,500,5,10,0.5910936964311688,0.431019,1.6218903064727783,median
pendigits_tx,50,500,5,10,0.5902168622272532,0.569837,1.6218903064727783,1
pendigits_tx,50,500,5,10,0.5802635418195354,0.618407,1.6218903064727783,2
pendigits_tx,50,500,5,10,0.5805779161949911,0.676153,1.6218903064727783,3
pendigits_tx,50,500,5,10,0.5975863166383371,0.668694,1.6218903064727783,4
pendigits_tx,50,500,5,10,0.5842963614199606,0.769838,1.6218903064727783,5
pendigits_tx,50,500,5,10,0.5791447835273301,0.692577,1.6218903064727783,6
pendigits_tx,50,500,5,10,0.5806238557939356,0.701627,1.6218903064727783,7
pendigits_tx,50,500,5,10,0.5834742220881178,0.850685,1.6218903064727783,8
pendigits_tx,50,500,5,10,0.5766719498184855,0.559837,1.6218903064727783,9
pendigits_tx,50,500,5,10,0.5764469945712561,0.743455,1.6218903064727783,10
pendigits_tx,50,500,5,10,0.5805779161949911,0.676153,1.6218903064727783,median
pendigits_tx,100,500,5,10,0.5550535046672399,1.131725,1.6218903064727783,1
pendigits_tx,100,500,5,10,0.5534098335481122,1.294432,1.6218903064727783,2
pendigits_tx,100,500,5,10,0.5574962733622567,1.137457,1.6218903064727783,3
pendigits_tx,100,500,5,10,0.5564727191334737,1.229561,1.6218903064727783,4
pendigits_tx,100,500,5,10,0.5626337292308337,1.00399,1.6218903064727783,5
pendigits_tx,100,500,5,10,0.5506748382653885,1.365249,1.6218903064727783,6
pendigits_tx,100,500,5,10,0.5547793590923658,1.101702,1.6218903064727783,7
pendigits_tx,100,500,5,10,0.5529003533394844,1.130788,1.6218903064727783,8
pendigits_tx,100,500,5,10,0.5581222299568315,1.017037,1.6218903064727783,9
pendigits_tx,100,500,5,10,0.5552777961466695,1.081855,1.6218903064727783,10
pendigits_tx,100,500,5,10,0.5550535046672399,1.131725,1.6218903064727783,median
pendigits_tx,2,500,5,20,0.2243290491023679,0.169879,3.294654130935669,1
pendigits_tx,2,500,5,20,0.2243290491023679,0.179823,3.294654130935669,2
pendigits_tx,2,500,5,20,0.2243290491023679,0.194945,3.294654130935669,3
pendigits_tx,2,500,5,20,0.2243290491023679,0.206309,3.294654130935669,4
pendigits_tx,2,500,5,20,0.2233710090374524,0.205411,3.294654130935669,5
pendigits_tx,2,500,5,20,0.2243290491023679,0.220053,3.294654130935669,6
pendigits_tx,2,500,5,20,0.2243290491023679,0.21998,3.294654130935669,7
pendigits_tx,2,500,5,20,0.2233710090374525,0.221861,3.294654130935669,8
pendigits_tx,2,500,5,20,0.223660219197043,0.204105,3.294654130935669,9
pendigits_tx,2,500,5,20,0.2243290491023679,0.183631,3.294654130935669,10
pendigits_tx,2,500,5,20,0.2243290491023679,0.169879,3.294654130935669,median
pendigits_tx,4,500,5,20,0.4400607929775917,0.234013,3.294654130935669,1
pendigits_tx,4,500,5,20,0.4131781362086753,0.229482,3.294654130935669,2
pendigits_tx,4,500,5,20,0.4400607929775918,0.206994,3.294654130935669,3
pendigits_tx,4,500,5,20,0.4369287225498982,0.228288,3.294654130935669,4
pendigits_tx,4,500,5,20,0.4125861909712985,0.266337,3.294654130935669,5
pendigits_tx,4,500,5,20,0.4125861909712984,0.237009,3.294654130935669,6
pendigits_tx,4,500,5,20,0.4125861909712985,0.2366,3.294654130935669,7
pendigits_tx,4,500,5,20,0.4395833856487087,0.237971,3.294654130935669,8
pendigits_tx,4,500,5,20,0.4125861909712985,0.257884,3.294654130935669,9
pendigits_tx,4,500,5,20,0.4125861909712985,0.226669,3.294654130935669,10
pendigits_tx,4,500,5,20,0.4125861909712985,0.266337,3.294654130935669,median
pendigits_tx,8,500,5,20,0.612228339086343,0.278258,3.294654130935669,1
pendigits_tx,8,500,5,20,0.5741544541599217,0.241131,3.294654130935669,2
pendigits_tx,8,500,5,20,0.5744324656288724,0.277312,3.294654130935669,3
pendigits_tx,8,500,5,20,0.6124539926275947,0.354247,3.294654130935669,4
pendigits_tx,8,500,5,20,0.6116174425894984,0.246359,3.294654130935669,5
pendigits_tx,8,500,5,20,0.612228339086343,0.356934,3.294654130935669,6
pendigits_tx,8,500,5,20,0.6124539926275947,0.329164,3.294654130935669,7
pendigits_tx,8,500,5,20,0.6115323375326182,0.207606,3.294654130935669,8
pendigits_tx,8,500,5,20,0.612255706585953,0.299069,3.294654130935669,9
pendigits_tx,8,500,5,20,0.6116174425894985,0.28862,3.294654130935669,10
pendigits_tx,8,500,5,20,0.612228339086343,0.278258,3.294654130935669,median
pendigits_tx,10,500,5,20,0.620613817486332,0.300908,3.294654130935669,1
pendigits_tx,10,500,5,20,0.6200105068193569,0.286071,3.294654130935669,2
pendigits_tx,10,500,5,20,0.6201518460762159,0.381269,3.294654130935669,3
pendigits_tx,10,500,5,20,0.6205939996419663,0.321247,3.294654130935669,4
pendigits_tx,10,500,5,20,0.6205939996419663,0.373706,3.294654130935669,5
pendigits_tx,10,500,5,20,0.6201518460762158,0.317466,3.294654130935669,6
pendigits_tx,10,500,5,20,0.611029540245563,0.318198,3.294654130935669,7
pendigits_tx,10,500,5,20,0.5811546164376776,0.270357,3.294654130935669,8
pendigits_tx,10,500,5,20,0.6205939996419663,0.343696,3.294654130935669,9
pendigits_tx,10,500,5,20,0.6205939996419663,0.273988,3.294654130935669,10
pendigits_tx,10,500,5,20,0.6201518460762159,0.381269,3.294654130935669,median
pendigits_tx,16,500,5,20,0.615153406145888,0.33431,3.294654130935669,1
pendigits_tx,16,500,5,20,0.5981932835359595,0.573406,3.294654130935669,2
pendigits_tx,16,500,5,20,0.5971564188531284,0.417363,3.294654130935669,3
pendigits_tx,16,500,5,20,0.6014840759486407,0.400338,3.294654130935669,4
pendigits_tx,16,500,5,20,0.608941086413816,0.380702,3.294654130935669,5
pendigits_tx,16,500,5,20,0.6022336872243192,0.349078,3.294654130935669,6
pendigits_tx,16,500,5,20,0.6134942007470516,0.569979,3.294654130935669,7
pendigits_tx,16,500,5,20,0.58996188137128,0.3549,3.294654130935669,8
pendigits_tx,16,500,5,20,0.6031359410880666,0.380976,3.294654130935669,9
pendigits_tx,16,500,5,20,0.6123654792002426,0.411464,3.294654130935669,10
pendigits_tx,16,500,5,20,0.6022336872243192,0.349078,3.294654130935669,median
pendigits_tx,20,500,5,20,0.5720337671740106,0.376548,3.294654130935669,1
pendigits_tx,20,500,5,20,0.5927792589716149,0.351285,3.294654130935669,2
pendigits_tx,20,500,5,20,0.5990591185579771,0.451126,3.294654130935669,3
pendigits_tx,20,500,5,20,0.5996710335561034,0.43852,3.294654130935669,4
pendigits_tx,20,500,5,20,0.5887517237047287,0.417422,3.294654130935669,5
pendigits_tx,20,500,5,20,0.6025766227351074,0.368243,3.294654130935669,6
pendigits_tx,20,500,5,20,0.6024975243521525,0.557571,3.294654130935669,7
pendigits_tx,20,500,5,20,0.5932111957036004,0.319835,3.294654130935669,8
pendigits_tx,20,500,5,20,0.5921539329344044,0.444711,3.294654130935669,9
pendigits_tx,20,500,5,20,0.6052048136487831,0.598739,3.294654130935669,10
pendigits_tx,20,500,5,20,0.5932111957036004,0.319835,3.294654130935669,median
pendigits_tx,50,500,5,20,0.5847175736142559,0.58768,3.294654130935669,1
pendigits_tx,50,500,5,20,0.5891122554248006,0.672882,3.294654130935669,2
pendigits_tx,50,500,5,20,0.5849043497290147,0.567665,3.294654130935669,3
pendigits_tx,50,500,5,20,0.5877952148440926,0.820549,3.294654130935669,4
pendigits_tx,50,500,5,20,0.5747118942390305,0.531943,3.294654130935669,5
pendigits_tx,50,500,5,20,0.5825701721401081,0.74448,3.294654130935669,6
pendigits_tx,50,500,5,20,0.5716278347987075,0.644103,3.294654130935669,7
pendigits_tx,50,500,5,20,0.585498396734712,0.59397,3.294654130935669,8
pendigits_tx,50,500,5,20,0.5753008811998912,0.901524,3.294654130935669,9
pendigits_tx,50,500,5,20,0.5771555081662679,0.585644,3.294654130935669,10
pendigits_tx,50,500,5,20,0.5847175736142559,0.58768,3.294654130935669,median
pendigits_tx,100,500,5,20,0.5579223144988518,0.953618,3.294654130935669,1
pendigits_tx,100,500,5,20,0.5560686970849096,1.188022,3.294654130935669,2
pendigits_tx,100,500,5,20,0.5642431487301023,1.102291,3.294654130935669,3
pendigits_tx,100,500,5,20,0.5536206266995692,1.027416,3.294654130935669,4
pendigits_tx,100,500,5,20,0.5559285428565561,1.225571,3.294654130935669,5
pendigits_tx,100,500,5,20,0.5586875445395387,1.23387,3.294654130935669,6
pendigits_tx,100,500,5,20,0.5551908911011968,1.281591,3.294654130935669,7
pendigits_tx,100,500,5,20,0.5604442478746946,1.834537,3.294654130935669,8
pendigits_tx,100,500,5,20,0.5581603605991229,1.424867,3.294654130935669,9
pendigits_tx,100,500,5,20,0.5514029444900902,1.142519,3.294654130935669,10
pendigits_tx,100,500,5,20,0.5579223144988518,0.953618,3.294654130935669,median
pendigits_tx,2,50,10,5,0.2187263923383953,0.115126,0.4612617492675781,1
pendigits_tx,2,50,10,5,0.218653962855073,0.121731,0.4612617492675781,2
pendigits_tx,2,50,10,5,0.2190249227244737,0.118152,0.4612617492675781,3
pendigits_tx,2,50,10,5,0.2190249227244737,0.123874,0.4612617492675781,4
pendigits_tx,2,50,10,5,0.218653962855073,0.124388,0.4612617492675781,5
pendigits_tx,2,50,10,5,0.218653962855073,0.115442,0.4612617492675781,6
pendigits_tx,2,50,10,5,0.2190249227244737,0.121059,0.4612617492675781,7
pendigits_tx,2,50,10,5,0.218653962855073,0.117964,0.4612617492675781,8
pendigits_tx,2,50,10,5,0.2186636729006531,0.13606,0.4612617492675781,9
pendigits_tx,2,50,10,5,0.2187263923383953,0.116964,0.4612617492675781,10
pendigits_tx,2,50,10,5,0.2187263923383953,0.115126,0.4612617492675781,median
pendigits_tx,4,50,10,5,0.4353885707565418,0.121191,0.4612617492675781,1
pendigits_tx,4,50,10,5,0.4324473395861294,0.141967,0.4612617492675781,2
pendigits_tx,4,50,10,5,0.4351516031543283,0.119381,0.4612617492675781,3
pendigits_tx,4,50,10,5,0.4332740655178512,0.135302,0.4612617492675781,4
pendigits_tx,4,50,10,5,0.4353885707565418,0.131106,0.4612617492675781,5
pendigits_tx,4,50,10,5,0.4324567016921153,0.138697,0.4612617492675781,6
pendigits_tx,4,50,10,5,0.4324473395861294,0.177524,0.4612617492675781,7
pendigits_tx,4,50,10,5,0.4324473395861294,0.170212,0.4612617492675781,8
pendigits_tx,4,50,10,5,0.4351516031543283,0.128745,0.4612617492675781,9
pendigits_tx,4,50,10,5,0.4353885707565418,0.135745,0.4612617492675781,10
pendigits_tx,4,50,10,5,0.4351516031543283,0.119381,0.4612617492675781,median
pendigits_tx,8,50,10,5,0.5966558495171822,0.153819,0.4612617492675781,1
pendigits_tx,8,50,10,5,0.5973888027520889,0.146778,0.4612617492675781,2
pendigits_tx,8,50,10,5,0.5645918611279382,0.161605,0.4612617492675781,3
pendigits_tx,8,50,10,5,0.5973526359541578,0.164029,0.4612617492675781,4
pendigits_tx,8,50,10,5,0.5974094506540383,0.146928,0.4612617492675781,5
pendigits_tx,8,50,10,5,0.5965504378390262,0.172477,0.4612617492675781,6
pendigits_tx,8,50,10,5,0.5648687853731322,0.171117,0.4612617492675781,7
pendigits_tx,8,50,10,5,0.5804064057251183,0.144568,0.4612617492675781,8
pendigits_tx,8,50,10,5,0.5796539903042092,0.161845,0.4612617492675781,9
pendigits_tx,8,50,10,5,0.5966819865166044,0.151842,0.4612617492675781,10
pendigits_tx,8,50,10,5,0.5966558495171822,0.153819,0.4612617492675781,median
pendigits_tx,10,50,10,5,0.5911451227580719,0.18936,0.4612617492675781,1
pendigits_tx,10,50,10,5,0.6089034638475843,0.183822,0.4612617492675781,2
pendigits_tx,10,50,10,5,0.5919646156582067,0.151527,0.4612617492675781,3
pendigits_tx,10,50,10,5,0.5919541341450644,0.160125,0.4612617492675781,4
pendigits_tx,10,50,10,5,0.6088921436811742,0.167114,0.4612617492675781,5
pendigits_tx,10,50,10,5,0.5921639896909265,0.13536,0.4612617492675781,6
pendigits_tx,10,50,10,5,0.58512564259052,0.144341,0.4612617492675781,7
pendigits_tx,10,50,10,5,0.6080478528342054,0.16176,0.4612617492675781,8
pendigits_tx,10,50,10,5,0.6090237614199004,0.146323,0.4612617492675781,9
pendigits_tx,10,50,10,5,0.6090845246102732,0.149304,0.4612617492675781,10
pendigits_tx,10,50,10,5,0.5921639896909265,0.13536,0.4612617492675781,median
pendigits_tx,16,50,10,5,0.594778128996112,0.196303,0.4612617492675781,1
pendigits_tx,16,50,10,5,0.5882653022772071,0.215358,0.4612617492675781,2
pendigits_tx,16,50,10,5,0.5880343019673755,0.188963,0.4612617492675781,3
pendigits_tx,16,50,10,5,0.5855534605365549,0.180767,0.4612617492675781,4
pendigits_tx,16,50,10,5,0.5960222785939722,0.169795,0.4612617492675781,5
pendigits_tx,16,50,10,5,0.5954677844677074,0.27052,0.4612617492675781,6
pendigits_tx,16,50,10,5,0.6086941366774132,0.193761,0.4612617492675781,7
pendigits_tx,16,50,10,5,0.6149701649942456,0.190894,0.4612617492675781,8
pendigits_tx,16,50,10,5,0.5930080311839533,0.167405,0.4612617492675781,9
pendigits_tx,16,50,10,5,0.5833720441367972,0.161529,0.4612617492675781,10
pendigits_tx,16,50,10,5,0.5930080311839533,0.167405,0.4612617492675781,median
pendigits_tx,20,50,10,5,0.5768471940475853,0.163899,0.4612617492675781,1
pendigits_tx,20,50,10,5,0.5781475388675716,0.186113,0.4612617492675781,2
pendigits_tx,20,50,10,5,0.5895697505510027,0.203348,0.4612617492675781,3
pendigits_tx,20,50,10,5,0.5858642892941056,0.172084,0.4612617492675781,4
pendigits_tx,20,50,10,5,0.5859782817490617,0.155012,0.4612617492675781,5
pendigits_tx,20,50,10,5,0.5928642353953123,0.173964,0.4612617492675781,6
pendigits_tx,20,50,10,5,0.5898217543962303,0.146255,0.4612617492675781,7
pendigits_tx,20,50,10,5,0.5755497883469303,0.182773,0.4612617492675781,8
pendigits_tx,20,50,10,5,0.5988298715422493,0.15117,0.4612617492675781,9
pendigits_tx,20,50,10,5,0.5863913955133122,0.170284,0.4612617492675781,10
pendigits_tx,20,50,10,5,0.5859782817490617,0.155012,0.4612617492675781,median
pendigits_tx,50,50,10,5,0.5740594228236175,0.215262,0.4612617492675781,1
pendigits_tx,50,50,10,5,0.5839530945723336,0.190666,0.4612617492675781,2
pendigits_tx,50,50,10,5,0.5774399115249035,0.210554,0.4612617492675781,3
pendigits_tx,50,50,10,5,0.57315751944889,0.211976,0.4612617492675781,4
pendigits_tx,50,50,10,5,0.5708692368095708,0.232423,0.4612617492675781,5
pendigits_tx,50,50,10,5,0.5798696552261606,0.209596,0.4612617492675781,6
pendigits_tx,50,50,10,5,0.5789310819703545,0.189172,0.4612617492675781,7
pendigits_tx,50,50,10,5,0.5814475970544577,0.202249,0.4612617492675781,8
pendigits_tx,50,50,10,5,0.5813640310128925,0.216185,0.4612617492675781,9
pendigits_tx,50,50,10,5,0.5777294374150553,0.20173,0.4612617492675781,10
pendigits_tx,50,50,10,5,0.5789310819703545,0.189172,0.4612617492675781,median
pendigits_tx,100,50,10,5,0.5544179462764514,0.252663,0.4612617492675781,1
pendigits_tx,100,50,10,5,0.556330021980648,0.271761,0.4612617492675781,2
pendigits_tx,100,50,10,5,0.5560733883685873,0.284188,0.4612617492675781,3
pendigits_tx,100,50,10,5,0.5548043139859711,0.276381,0.4612617492675781,4
pendigits_tx,100,50,10,5,0.5563564711298877,0.25937,0.4612617492675781,5
pendigits_tx,100,50,10,5,0.55427807551888,0.31996,0.4612617492675781,6
pendigits_tx,100,50,10,5,0.5539550563453632,0.271773,0.4612617492675781,7
pendigits_tx,100,50,10,5,0.5552005778590565,0.270799,0.4612617492675781,8
pendigits_tx,100,50,10,5,0.5563954855018577,0.258276,0.4612617492675781,9
pendigits_tx,100,50,10,5,0.5574885897714325,0.26779,0.4612617492675781,10
pendigits_tx,100,50,10,5,0.5560733883685873,0.284188,0.4612617492675781,median
pendigits_tx,2,50,10,10,0.2203724625103241,0.11116,0.84928297996521,1
pendigits_tx,2,50,10,10,0.2224514796180674,0.125276,0.84928297996521,2
pendigits_tx,2,50,10,10,0.2232130904002577,0.123043,0.84928297996521,3
pendigits_tx,2,50,10,10,0.2214156207478226,0.123546,0.84928297996521,4
pendigits_tx,2,50,10,10,0.2218529535910743,0.132825,0.84928297996521,5
pendigits_tx,2,50,10,10,0.2203724625103242,0.129775,0.84928297996521,6
pendigits_tx,2,50,10,10,0.2203724625103241,0.128129,0.84928297996521,7
pendigits_tx,2,50,10,10,0.2224514796180674,0.137848,0.84928297996521,8
pendigits_tx,2,50,10,10,0.2206907022189455,0.133207,0.84928297996521,9
pendigits_tx,2,50,10,10,0.2224514796180674,0.119476,0.84928297996521,10
pendigits_tx,2,50,10,10,0.2214156207478226,0.123546,0.84928297996521,median
pendigits_tx,4,50,10,10,0.4300418087795283,0.153707,0.84928297996521,1
pendigits_tx,4,50,10,10,0.4093308861017363,0.146459,0.84928297996521,2
pendigits_tx,4,50,10,10,0.4362340820461467,0.130263,0.84928297996521,3
pendigits_tx,4,50,10,10,0.4094942365318225,0.124991,0.84928297996521,4
pendigits_tx,4,50,10,10,0.4351059210306348,0.132267,0.84928297996521,5
pendigits_tx,4,50,10,10,0.4090285736286435,0.12517,0.84928297996521,6
pendigits_tx,4,50,10,10,0.4300418087795283,0.144735,0.84928297996521,7
pendigits_tx,4,50,10,10,0.4314344943312556,0.128624,0.84928297996521,8
pendigits_tx,4,50,10,10,0.4232791730215322,0.143924,0.84928297996521,9
pendigits_tx,4,50,10,10,0.4232791730215322,0.129971,0.84928297996521,10
pendigits_tx,4,50,10,10,0.4232791730215322,0.143924,0.84928297996521,median
pendigits_tx,8,50,10,10,0.6062980083255517,0.148763,0.84928297996521,1
pendigits_tx,8,50,10,10,0.5393695829765627,0.150533,0.84928297996521,2
pendigits_tx,8,50,10,10,0.6065924686633059,0.148075,0.84928297996521,3
pendigits_tx,8,50,10,10,0.6061472833077769,0.14427,0.84928297996521,4
pendigits_tx,8,50,10,10,0.570726705500831,0.152718,0.84928297996521,5
pendigits_tx,8,50,10,10,0.5858754226289303,0.161043,0.84928297996521,6
pendigits_tx,8,50,10,10,0.572147021485237,0.140029,0.84928297996521,7
pendigits_tx,8,50,10,10,0.6061472833077769,0.152013,0.84928297996521,8
pendigits_tx,8,50,10,10,0.5856342260550522,0.149188,0.84928297996521,9
pendigits_tx,8,50,10,10,0.5715953492326656,0.136747,0.84928297996521,10
pendigits_tx,8,50,10,10,0.5856342260550522,0.149188,0.84928297996521,median
pendigits_tx,10,50,10,10,0.6003359852312691,0.141635,0.84928297996521,1
pendigits_tx,10,50,10,10,0.6175872889305198,0.139558,0.84928297996521,2
pendigits_tx,10,50,10,10,0.6156276224964492,0.142434,0.84928297996521,3
pendigits_tx,10,50,10,10,0.6169301698338383,0.1395,0.84928297996521,4
pendigits_tx,10,50,10,10,0.6172051758504392,0.155655,0.84928297996521,5
pendigits_tx,10,50,10,10,0.6002262103605139,0.146831,0.84928297996521,6
pendigits_tx,10,50,10,10,0.6175872889305197,0.134819,0.84928297996521,7
pendigits_tx,10,50,10,10,0.605290238370693,0.135691,0.84928297996521,8
pendigits_tx,10,50,10,10,0.5998190240631415,0.131218,0.84928297996521,9
pendigits_tx,10,50,10,10,0.5835781538473822,0.153369,0.84928297996521,10
pendigits_tx,10,50,10,10,0.605290238370693,0.135691,0.84928297996521,median
pendigits_tx,16,50,10,10,0.6104767901099666,0.165457,0.84928297996521,1
pendigits_tx,16,50,10,10,0.6045301599944897,0.154662,0.84928297996521,2
pendigits_tx,16,50,10,10,0.6207843481081854,0.141105,0.84928297996521,3
pendigits_tx,16,50,10,10,0.6048893629227684,0.139869,0.84928297996521,4
pendigits_tx,16,50,10,10,0.607813517431163,0.138346,0.84928297996521,5
pendigits_tx,16,50,10,10,0.5958127198363199,0.158598,0.84928297996521,6
pendigits_tx,16,50,10,10,0.5934481345373981,0.210159,0.84928297996521,7
pendigits_tx,16,50,10,10,0.6027915705213315,0.170256,0.84928297996521,8
pendigits_tx,16,50,10,10,0.5891484736741728,0.159745,0.84928297996521,9
pendigits_tx,16,50,10,10,0.5920757899129194,0.136691,0.84928297996521,10
pendigits_tx,16,50,10,10,0.6027915705213315,0.170256,0.84928297996521,median
pendigits_tx,20,50,10,10,0.605353528889008,0.165903,0.84928297996521,1
pendigits_tx,20,50,10,10,0.5877267124515146,0.163057,0.84928297996521,2
pendigits_tx,20,50,10,10,0.6142174601032744,0.170373,0.84928297996521,3
pendigits_tx,20,50,10,10,0.5950187338955255,0.167359,0.84928297996521,4
pendigits_tx,20,50,10,10,0.5965792136100169,0.192313,0.84928297996521,5
pendigits_tx,20,50,10,10,0.60732687967757,0.154864,0.84928297996521,6
pendigits_tx,20,50,10,10,0.5999373980044207,0.135099,0.84928297996521,7
pendigits_tx,20,50,10,10,0.5923879166012709,0.159055,0.84928297996521,8
pendigits_tx,20,50,10,10,0.5902455871500449,0.198801,0.84928297996521,9
pendigits_tx,20,50,10,10,0.5929112349559023,0.174334,0.84928297996521,10
pendigits_tx,20,50,10,10,0.5950187338955255,0.167359,0.84928297996521,median
pendigits_tx,50,50,10,10,0.5778567049569957,0.184496,0.84928297996521,1
pendigits_tx,50,50,10,10,0.5886234691092191,0.205485,0.84928297996521,2
pendigits_tx,50,50,10,10,0.5901385031132692,0.209478,0.84928297996521,3
pendigits_tx,50,50,10,10,0.5875613400951848,0.236172,0.84928297996521,4
pendigits_tx,50,50,10,10,0.5786615364456489,0.227047,0.84928297996521,5
pendigits_tx,50,50,10,10,0.5855949813427692,0.197322,0.84928297996521,6
pendigits_tx,50,50,10,10,0.5878236463523592,0.19,0.84928297996521,7
pendigits_tx,50,50,10,10,0.586485127510949,0.206818,0.84928297996521,8
pendigits_tx,50,50,10,10,0.5859473012309867,0.21371,0.84928297996521,9
pendigits_tx,50,50,10,10,0.5834522183649662,0.242651,0.84928297996521,10
pendigits_tx,50,50,10,10,0.586485127510949,0.206818,0.84928297996521,median
pendigits_tx,100,50,10,10,0.5588900824747968,0.290892,0.84928297996521,1
pendigits_tx,100,50,10,10,0.5602700920434946,0.281571,0.84928297996521,2
pendigits_tx,100,50,10,10,0.5625947195776146,0.241785,0.84928297996521,3
pendigits_tx,100,50,10,10,0.5590126844547537,0.269385,0.84928297996521,4
pendigits_tx,100,50,10,10,0.554608181372139,0.256607,0.84928297996521,5
pendigits_tx,100,50,10,10,0.5606954389058407,0.335628,0.84928297996521,6
pendigits_tx,100,50,10,10,0.5611894473238755,0.278267,0.84928297996521,7
pendigits_tx,100,50,10,10,0.5601108127665908,0.256502,0.84928297996521,8
pendigits_tx,100,50,10,10,0.5579304468106865,0.263829,0.84928297996521,9
pendigits_tx,100,50,10,10,0.562320067407938,0.256348,0.84928297996521,10
pendigits_tx,100,50,10,10,0.5602700920434946,0.281571,0.84928297996521,median
pendigits_tx,2,50,10,20,0.2236340853082377,0.124087,1.7309341430664062,1
pendigits_tx,2,50,10,20,0.2236340853082377,0.123365,1.7309341430664062,2
pendigits_tx,2,50,10,20,0.2224045985146251,0.114264,1.7309341430664062,3
pendigits_tx,2,50,10,20,0.2236340853082377,0.12709,1.7309341430664062,4
pendigits_tx,2,50,10,20,0.2224707531494037,0.114689,1.7309341430664062,5
pendigits_tx,2,50,10,20,0.2224045985146251,0.129743,1.7309341430664062,6
pendigits_tx,2,50,10,20,0.2224045985146251,0.122576,1.7309341430664062,7
pendigits_tx,2,50,10,20,0.2224045985146251,0.133763,1.7309341430664062,8
pendigits_tx,2,50,10,20,0.2236340853082377,0.131249,1.7309341430664062,9
pendigits_tx,2,50,10,20,0.2236685787012644,0.134019,1.7309341430664062,10
pendigits_tx,2,50,10,20,0.2236340853082377,0.124087,1.7309341430664062,median
pendigits_tx,4,50,10,20,0.4375425077772445,0.126846,1.7309341430664062,1
pendigits_tx,4,50,10,20,0.4374072094822207,0.134972,1.7309341430664062,2
pendigits_tx,4,50,10,20,0.4334299016326449,0.123944,1.7309341430664062,3
pendigits_tx,4,50,10,20,0.4322126151025395,0.132069,1.7309341430664062,4
pendigits_tx,4,50,10,20,0.4381400683325997,0.136473,1.7309341430664062,5
pendigits_tx,4,50,10,20,0.4054293303181741,0.13304,1.7309341430664062,6
pendigits_tx,4,50,10,20,0.4364970848599281,0.131251,1.7309341430664062,7
pendigits_tx,4,50,10,20,0.4054293303181741,0.123569,1.7309341430664062,8
pendigits_tx,4,50,10,20,0.4374072094822207,0.13954,1.7309341430664062,9
pendigits_tx,4,50,10,20,0.4334299016326449,0.137373,1.7309341430664062,10
pendigits_tx,4,50,10,20,0.4364970848599281,0.131251,1.7309341430664062,median
pendigits_tx,8,50,10,20,0.6035732145414711,0.140949,1.7309341430664062,1
pendigits_tx,8,50,10,20,0.5695190609856919,0.137217,1.7309341430664062,2
pendigits_tx,8,50,10,20,0.5553227926752887,0.153984,1.7309341430664062,3
pendigits_tx,8,50,10,20,0.6040476238838173,0.141537,1.7309341430664062,4
pendigits_tx,8,50,10,20,0.5349168634635952,0.147293,1.7309341430664062,5
pendigits_tx,8,50,10,20,0.5665320099515658,0.137181,1.7309341430664062,6
pendigits_tx,8,50,10,20,0.5905467427646652,0.144866,1.7309341430664062,7
pendigits_tx,8,50,10,20,0.6030194558829554,0.131514,1.7309341430664062,8
pendigits_tx,8,50,10,20,0.60402849582144,0.143947,1.7309341430664062,9
pendigits_tx,8,50,10,20,0.5659794787410212,0.144675,1.7309341430664062,10
pendigits_tx,8,50,10,20,0.5905467427646652,0.144866,1.7309341430664062,median
pendigits_tx,10,50,10,20,0.5980994789750596,0.142922,1.7309341430664062,1
pendigits_tx,10,50,10,20,0.5976789210641243,0.129855,1.7309341430664062,2
pendigits_tx,10,50,10,20,0.6065523950943639,0.132162,1.7309341430664062,3
pendigits_tx,10,50,10,20,0.6158091479138755,0.134788,1.7309341430664062,4
pendigits_tx,10,50,10,20,0.6129199470715612,0.14646,1.7309341430664062,5
pendigits_tx,10,50,10,20,0.6146893190499246,0.153187,1.7309341430664062,6
pendigits_tx,10,50,10,20,0.6001580620996665,0.141759,1.7309341430664062,7
pendigits_tx,10,50,10,20,0.599362986869127,0.136401,1.7309341430664062,8
pendigits_tx,10,50,10,20,0.5994334151875066,0.139624,1.7309341430664062,9
pendigits_tx,10,50,10,20,0.6101039925118265,0.123734,1.7309341430664062,10
pendigits_tx,10,50,10,20,0.6065523950943639,0.132162,1.7309341430664062,median
pendigits_tx,16,50,10,20,0.5890914161904407,0.161556,1.7309341430664062,1
pendigits_tx,16,50,10,20,0.6056457319471394,0.149221,1.7309341430664062,2
pendigits_tx,16,50,10,20,0.5895716263672559,0.152291,1.7309341430664062,3
pendigits_tx,16,50,10,20,0.5927319610358149,0.149608,1.7309341430664062,4
pendigits_tx,16,50,10,20,0.5819522504550672,0.174024,1.7309341430664062,5
pendigits_tx,16,50,10,20,0.5931868607270737,0.180813,1.7309341430664062,6
pendigits_tx,16,50,10,20,0.583622030478562,0.158038,1.7309341430664062,7
pendigits_tx,16,50,10,20,0.599266346695071,0.154658,1.7309341430664062,8
pendigits_tx,16,50,10,20,0.6013559401034634,0.14607,1.7309341430664062,9
pendigits_tx,16,50,10,20,0.598652981217556,0.147711,1.7309341430664062,10
pendigits_tx,16,50,10,20,0.5927319610358149,0.149608,1.7309341430664062,median
pendigits_tx,20,50,10,20,0.6029697214956348,0.157104,1.7309341430664062,1
pendigits_tx,20,50,10,20,0.5937014019268627,0.167679,1.7309341430664062,2
pendigits_tx,20,50,10,20,0.5876936549254119,0.159246,1.7309341430664062,3
pendigits_tx,20,50,10,20,0.5857139663233855,0.1834,1.7309341430664062,4
pendigits_tx,20,50,10,20,0.5851554278416126,0.144828,1.7309341430664062,5
pendigits_tx,20,50,10,20,0.609477822701539,0.183278,1.7309341430664062,6
pendigits_tx,20,50,10,20,0.5827502313116979,0.213185,1.7309341430664062,7
pendigits_tx,20,50,10,20,0.5984833814803358,0.166639,1.7309341430664062,8
pendigits_tx,20,50,10,20,0.5939707761513354,0.180477,1.7309341430664062,9
pendigits_tx,20,50,10,20,0.5898061349280349,0.150109,1.7309341430664062,10
pendigits_tx,20,50,10,20,0.5898061349280349,0.150109,1.7309341430664062,median
pendigits_tx,50,50,10,20,0.5684239551657846,0.194827,1.7309341430664062,1
pendigits_tx,50,50,10,20,0.5882716507837193,0.201405,1.7309341430664062,2
pendigits_tx,50,50,10,20,0.5812697697726344,0.233984,1.7309341430664062,3
pendigits_tx,50,50,10,20,0.5894460987368263,0.188917,1.7309341430664062,4
pendigits_tx,50,50,10,20,0.5667777164172231,0.193492,1.7309341430664062,5
pendigits_tx,50,50,10,20,0.5864978905116295,0.18743,1.7309341430664062,6
pendigits_tx,50,50,10,20,0.5788802913271323,0.203952,1.7309341430664062,7
pendigits_tx,50,50,10,20,0.5772533713911681,0.170216,1.7309341430664062,8
pendigits_tx,50,50,10,20,0.5843729818508102,0.228079,1.7309341430664062,9
pendigits_tx,50,50,10,20,0.5837056888045278,0.209949,1.7309341430664062,10
pendigits_tx,50,50,10,20,0.5812697697726344,0.233984,1.7309341430664062,median
pendigits_tx,100,50,10,20,0.5616454420297776,0.269487,1.7309341430664062,1
pendigits_tx,100,50,10,20,0.5582926453019895,0.285074,1.7309341430664062,2
pendigits_tx,100,50,10,20,0.5573717130640505,0.296216,1.7309341430664062,3
pendigits_tx,100,50,10,20,0.5555063431158525,0.309176,1.7309341430664062,4
pendigits_tx,100,50,10,20,0.5597095481773094,0.238052,1.7309341430664062,5
pendigits_tx,100,50,10,20,0.5593766235729225,0.387971,1.7309341430664062,6
pendigits_tx,100,50,10,20,0.5581659824701569,0.259253,1.7309341430664062,7
pendigits_tx,100,50,10,20,0.5566270323691276,0.238722,1.7309341430664062,8
pendigits_tx,100,50,10,20,0.5630162024826887,0.249206,1.7309341430664062,9
pendigits_tx,100,50,10,20,0.5591317199934118,0.27981,1.7309341430664062,10
pendigits_tx,100,50,10,20,0.5582926453019895,0.285074,1.7309341430664062,median
pendigits_tx,2,100,10,5,0.2293517027066555,0.124104,0.4364266395568847,1
pendigits_tx,2,100,10,5,0.2289239568022056,0.126018,0.4364266395568847,2
pendigits_tx,2,100,10,5,0.2293517027066555,0.128749,0.4364266395568847,3
pendigits_tx,2,100,10,5,0.2289239568022056,0.135574,0.4364266395568847,4
pendigits_tx,2,100,10,5,0.2293517027066555,0.145325,0.4364266395568847,5
pendigits_tx,2,100,10,5,0.2293517027066555,0.127617,0.4364266395568847,6
pendigits_tx,2,100,10,5,0.2289239568022056,0.12905,0.4364266395568847,7
pendigits_tx,2,100,10,5,0.2292609963302364,0.122617,0.4364266395568847,8
pendigits_tx,2,100,10,5,0.2293517027066555,0.125759,0.4364266395568847,9
pendigits_tx,2,100,10,5,0.2293517027066555,0.125956,0.4364266395568847,10
pendigits_tx,2,100,10,5,0.2293517027066555,0.124104,0.4364266395568847,median
pendigits_tx,4,100,10,5,0.4331199777729525,0.12978,0.4364266395568847,1
pendigits_tx,4,100,10,5,0.4324788666504814,0.129765,0.4364266395568847,2
pendigits_tx,4,100,10,5,0.4000506368163762,0.148073,0.4364266395568847,3
pendigits_tx,4,100,10,5,0.4318299602096728,0.142472,0.4364266395568847,4
pendigits_tx,4,100,10,5,0.4376199109557849,0.137294,0.4364266395568847,5
pendigits_tx,4,100,10,5,0.4318299602096727,0.144691,0.4364266395568847,6
pendigits_tx,4,100,10,5,0.4367436081236593,0.146999,0.4364266395568847,7
pendigits_tx,4,100,10,5,0.4724491393685689,0.143921,0.4364266395568847,8
pendigits_tx,4,100,10,5,0.4004663162373745,0.145285,0.4364266395568847,9
pendigits_tx,4,100,10,5,0.401197275981547,0.151421,0.4364266395568847,10
pendigits_tx,4,100,10,5,0.4318299602096728,0.142472,0.4364266395568847,median
pendigits_tx,8,100,10,5,0.5703995070927527,0.147995,0.4364266395568847,1
pendigits_tx,8,100,10,5,0.5927645418832386,0.149515,0.4364266395568847,2
pendigits_tx,8,100,10,5,0.5613393226636496,0.164477,0.4364266395568847,3
pendigits_tx,8,100,10,5,0.5927645418832386,0.139155,0.4364266395568847,4
pendigits_tx,8,100,10,5,0.5647276042282687,0.150129,0.4364266395568847,5
pendigits_tx,8,100,10,5,0.5520680613816347,0.144132,0.4364266395568847,6
pendigits_tx,8,100,10,5,0.5927382134416356,0.136822,0.4364266395568847,7
pendigits_tx,8,100,10,5,0.5927645418832386,0.1547,0.4364266395568847,8
pendigits_tx,8,100,10,5,0.5927645418832386,0.144828,0.4364266395568847,9
pendigits_tx,8,100,10,5,0.5930456257537231,0.155221,0.4364266395568847,10
pendigits_tx,8,100,10,5,0.5927645418832386,0.149515,0.4364266395568847,median
pendigits_tx,10,100,10,5,0.6074575432774008,0.154564,0.4364266395568847,1
pendigits_tx,10,100,10,5,0.5979280097505134,0.136318,0.4364266395568847,2
pendigits_tx,10,100,10,5,0.5980771046201974,0.151728,0.4364266395568847,3
pendigits_tx,10,100,10,5,0.5885454212554792,0.161163,0.4364266395568847,4
pendigits_tx,10,100,10,5,0.5711300131386963,0.165948,0.4364266395568847,5
pendigits_tx,10,100,10,5,0.6087109158521269,0.15244,0.4364266395568847,6
pendigits_tx,10,100,10,5,0.5909704937429985,0.154284,0.4364266395568847,7
pendigits_tx,10,100,10,5,0.6083788930441255,0.138249,0.4364266395568847,8
pendigits_tx,10,100,10,5,0.5878835201610029,0.15227,0.4364266395568847,9
pendigits_tx,10,100,10,5,0.5760110265937973,0.155789,0.4364266395568847,10
pendigits_tx,10,100,10,5,0.5909704937429985,0.154284,0.4364266395568847,median
pendigits_tx,16,100,10,5,0.594418884055051,0.175888,0.4364266395568847,1
pendigits_tx,16,100,10,5,0.5934548059457718,0.169722,0.4364266395568847,2
pendigits_tx,16,100,10,5,0.5863977119364986,0.187695,0.4364266395568847,3
pendigits_tx,16,100,10,5,0.5989520560963748,0.195613,0.4364266395568847,4
pendigits_tx,16,100,10,5,0.5922287426430884,0.175658,0.4364266395568847,5
pendigits_tx,16,100,10,5,0.5961789510402449,0.180386,0.4364266395568847,6
pendigits_tx,16,100,10,5,0.590892108355443,0.164113,0.4364266395568847,7
pendigits_tx,16,100,10,5,0.596984670033808,0.17084,0.4364266395568847,8
pendigits_tx,16,100,10,5,0.5831751294917067,0.180176,0.4364266395568847,9
pendigits_tx,16,100,10,5,0.5916126342216637,0.248664,0.4364266395568847,10
pendigits_tx,16,100,10,5,0.5922287426430884,0.175658,0.4364266395568847,median
pendigits_tx,20,100,10,5,0.5826405090156054,0.197871,0.4364266395568847,1
pendigits_tx,20,100,10,5,0.5938910559405776,0.19762,0.4364266395568847,2
pendigits_tx,20,100,10,5,0.5909226105051908,0.17061,0.4364266395568847,3
pendigits_tx,20,100,10,5,0.5816240784023985,0.195283,0.4364266395568847,4
pendigits_tx,20,100,10,5,0.5989191498594076,0.17848,0.4364266395568847,5
pendigits_tx,20,100,10,5,0.5921612457041017,0.197635,0.4364266395568847,6
pendigits_tx,20,100,10,5,0.5848745880615753,0.184324,0.4364266395568847,7
pendigits_tx,20,100,10,5,0.5934100606593232,0.197675,0.4364266395568847,8
pendigits_tx,20,100,10,5,0.5885214775434418,0.220409,0.4364266395568847,9
pendigits_tx,20,100,10,5,0.5894923277776781,0.190729,0.4364266395568847,10
pendigits_tx,20,100,10,5,0.5909226105051908,0.17061,0.4364266395568847,median
pendigits_tx,50,100,10,5,0.5842076360177959,0.226557,0.4364266395568847,1
pendigits_tx,50,100,10,5,0.5794516955694766,0.209116,0.4364266395568847,2
pendigits_tx,50,100,10,5,0.5629612025007028,0.254256,0.4364266395568847,3
pendigits_tx,50,100,10,5,0.5806328542639511,0.249226,0.4364266395568847,4
pendigits_tx,50,100,10,5,0.5826531340792908,0.302686,0.4364266395568847,5
pendigits_tx,50,100,10,5,0.5789364749686554,0.221559,0.4364266395568847,6
pendigits_tx,50,100,10,5,0.5679649476928325,0.314994,0.4364266395568847,7
pendigits_tx,50,100,10,5,0.5818026022027758,0.228758,0.4364266395568847,8
pendigits_tx,50,100,10,5,0.5779505648277934,0.235959,0.4364266395568847,9
pendigits_tx,50,100,10,5,0.5715564530057311,0.355785,0.4364266395568847,10
pendigits_tx,50,100,10,5,0.5794516955694766,0.209116,0.4364266395568847,median
pendigits_tx,100,100,10,5,0.5513413987745696,0.372529,0.4364266395568847,1
pendigits_tx,100,100,10,5,0.5547354899280827,0.300128,0.4364266395568847,2
pendigits_tx,100,100,10,5,0.555386838130739,0.377067,0.4364266395568847,3
pendigits_tx,100,100,10,5,0.5532399340413432,0.331123,0.4364266395568847,4
pendigits_tx,100,100,10,5,0.5519555153932034,0.316069,0.4364266395568847,5
pendigits_tx,100,100,10,5,0.5550845394002535,0.329886,0.4364266395568847,6
pendigits_tx,100,100,10,5,0.5517656200338736,0.348185,0.4364266395568847,7
pendigits_tx,100,100,10,5,0.5576584077589002,0.38281,0.4364266395568847,8
pendigits_tx,100,100,10,5,0.5511647317734064,0.449343,0.4364266395568847,9
pendigits_tx,100,100,10,5,0.5601515635647497,0.275832,0.4364266395568847,10
pendigits_tx,100,100,10,5,0.5547354899280827,0.300128,0.4364266395568847,median
pendigits_tx,2,100,10,10,0.2196356283607525,0.113464,0.8407979011535645,1
pendigits_tx,2,100,10,10,0.2196356283607525,0.11682,0.8407979011535645,2
pendigits_tx,2,100,10,10,0.2196356283607525,0.126826,0.8407979011535645,3
pendigits_tx,2,100,10,10,0.2193042798998378,0.123644,0.8407979011535645,4
pendigits_tx,2,100,10,10,0.2193042798998378,0.148378,0.8407979011535645,5
pendigits_tx,2,100,10,10,0.2196356283607525,0.123451,0.8407979011535645,6
pendigits_tx,2,100,10,10,0.2193545772739559,0.124716,0.8407979011535645,7
pendigits_tx,2,100,10,10,0.2193042798998378,0.121714,0.8407979011535645,8
pendigits_tx,2,100,10,10,0.2193042798998378,0.139021,0.8407979011535645,9
pendigits_tx,2,100,10,10,0.219354577273956,0.136323,0.8407979011535645,10
pendigits_tx,2,100,10,10,0.2193545772739559,0.124716,0.8407979011535645,median
pendigits_tx,4,100,10,10,0.4356967396780042,0.133546,0.8407979011535645,1
pendigits_tx,4,100,10,10,0.4441203755175373,0.144482,0.8407979011535645,2
pendigits_tx,4,100,10,10,0.4377195946889801,0.142675,0.8407979011535645,3
pendigits_tx,4,100,10,10,0.4356967396780042,0.13434,0.8407979011535645,4
pendigits_tx,4,100,10,10,0.4371273229156709,0.157267,0.8407979011535645,5
pendigits_tx,4,100,10,10,0.4377685226815509,0.134215,0.8407979011535645,6
pendigits_tx,4,100,10,10,0.4356967396780042,0.15332,0.8407979011535645,7
pendigits_tx,4,100,10,10,0.4087089117463004,0.139167,0.8407979011535645,8
pendigits_tx,4,100,10,10,0.4091210223429713,0.144403,0.8407979011535645,9
pendigits_tx,4,100,10,10,0.4091210223429713,0.146103,0.8407979011535645,10
pendigits_tx,4,100,10,10,0.4356967396780042,0.13434,0.8407979011535645,median
pendigits_tx,8,100,10,10,0.6084208271947528,0.143704,0.8407979011535645,1
pendigits_tx,8,100,10,10,0.6084784441448038,0.153763,0.8407979011535645,2
pendigits_tx,8,100,10,10,0.6087387550456292,0.140873,0.8407979011535645,3
pendigits_tx,8,100,10,10,0.6084208271947528,0.147687,0.8407979011535645,4
pendigits_tx,8,100,10,10,0.5473591139667411,0.158604,0.8407979011535645,5
pendigits_tx,8,100,10,10,0.606503204473058,0.153154,0.8407979011535645,6
pendigits_tx,8,100,10,10,0.6084526181038186,0.147162,0.8407979011535645,7
pendigits_tx,8,100,10,10,0.5729703940216888,0.149581,0.8407979011535645,8
pendigits_tx,8,100,10,10,0.6088832264265709,0.14401,0.8407979011535645,9
pendigits_tx,8,100,10,10,0.5736374934772508,0.143215,0.8407979011535645,10
pendigits_tx,8,100,10,10,0.6084208271947528,0.143704,0.8407979011535645,median
pendigits_tx,10,100,10,10,0.6198146312723319,0.155136,0.8407979011535645,1
pendigits_tx,10,100,10,10,0.6040593882826623,0.15243,0.8407979011535645,2
pendigits_tx,10,100,10,10,0.5998507858439688,0.180648,0.8407979011535645,3
pendigits_tx,10,100,10,10,0.6203559486921877,0.153651,0.8407979011535645,4
pendigits_tx,10,100,10,10,0.601444153301313,0.180639,0.8407979011535645,5
pendigits_tx,10,100,10,10,0.6204089117416298,0.148546,0.8407979011535645,6
pendigits_tx,10,100,10,10,0.6011840771145397,0.159089,0.8407979011535645,7
pendigits_tx,10,100,10,10,0.6202428417147732,0.14081,0.8407979011535645,8
pendigits_tx,10,100,10,10,0.6013282101210977,0.156214,0.8407979011535645,9
pendigits_tx,10,100,10,10,0.598021174703875,0.152308,0.8407979011535645,10
pendigits_tx,10,100,10,10,0.6040593882826623,0.15243,0.8407979011535645,median
pendigits_tx,16,100,10,10,0.6072877877184348,0.158869,0.8407979011535645,1
pendigits_tx,16,100,10,10,0.6033236245107284,0.195494,0.8407979011535645,2
pendigits_tx,16,100,10,10,0.6042195057999085,0.169385,0.8407979011535645,3
pendigits_tx,16,100,10,10,0.5974711195941756,0.215712,0.8407979011535645,4
pendigits_tx,16,100,10,10,0.5921612002623485,0.154348,0.8407979011535645,5
pendigits_tx,16,100,10,10,0.6067397244941044,0.182832,0.8407979011535645,6
pendigits_tx,16,100,10,10,0.6035303246640994,0.170675,0.8407979011535645,7
pendigits_tx,16,100,10,10,0.6003856242171839,0.16986,0.8407979011535645,8
pendigits_tx,16,100,10,10,0.6039668022037752,0.18862,0.8407979011535645,9
pendigits_tx,16,100,10,10,0.6070504582664811,0.158251,0.8407979011535645,10
pendigits_tx,16,100,10,10,0.6035303246640994,0.170675,0.8407979011535645,median
pendigits_tx,20,100,10,10,0.601194679594889,0.176631,0.8407979011535645,1
pendigits_tx,20,100,10,10,0.5916745178786096,0.182476,0.8407979011535645,2
pendigits_tx,20,100,10,10,0.5944750036771947,0.187313,0.8407979011535645,3
pendigits_tx,20,100,10,10,0.6031937638692891,0.17393,0.8407979011535645,4
pendigits_tx,20,100,10,10,0.5944167256739856,0.179688,0.8407979011535645,5
pendigits_tx,20,100,10,10,0.5930724812472262,0.189184,0.8407979011535645,6
pendigits_tx,20,100,10,10,0.6036736557700727,0.227827,0.8407979011535645,7
pendigits_tx,20,100,10,10,0.5890345670381252,0.21545,0.8407979011535645,8
pendigits_tx,20,100,10,10,0.6133328601150716,0.213665,0.8407979011535645,9
pendigits_tx,20,100,10,10,0.6127732115130231,0.190194,0.8407979011535645,10
pendigits_tx,20,100,10,10,0.601194679594889,0.176631,0.8407979011535645,median
pendigits_tx,50,100,10,10,0.5892729608498416,0.2398,0.8407979011535645,1
pendigits_tx,50,100,10,10,0.5925566672232109,0.247965,0.8407979011535645,2
pendigits_tx,50,100,10,10,0.5903890355290627,0.218027,0.8407979011535645,3
pendigits_tx,50,100,10,10,0.5820790626928173,0.273033,0.8407979011535645,4
pendigits_tx,50,100,10,10,0.5746399454924753,0.221476,0.8407979011535645,5
pendigits_tx,50,100,10,10,0.5831156866577539,0.201587,0.8407979011535645,6
pendigits_tx,50,100,10,10,0.5770247452201676,0.232744,0.8407979011535645,7
pendigits_tx,50,100,10,10,0.5767781329162679,0.293225,0.8407979011535645,8
pendigits_tx,50,100,10,10,0.5826598222725344,0.224229,0.8407979011535645,9
pendigits_tx,50,100,10,10,0.588526950875797,0.224714,0.8407979011535645,10
pendigits_tx,50,100,10,10,0.5831156866577539,0.201587,0.8407979011535645,median
pendigits_tx,100,100,10,10,0.5549436102901384,0.349757,0.8407979011535645,1
pendigits_tx,100,100,10,10,0.560577993683093,0.30316,0.8407979011535645,2
pendigits_tx,100,100,10,10,0.5628293416720626,0.30922,0.8407979011535645,3
pendigits_tx,100,100,10,10,0.5589973742687733,0.304566,0.8407979011535645,4
pendigits_tx,100,100,10,10,0.5609419799235511,0.394425,0.8407979011535645,5
pendigits_tx,100,100,10,10,0.5600665408690588,0.368908,0.8407979011535645,6
pendigits_tx,100,100,10,10,0.5570040935607089,0.336377,0.8407979011535645,7
pendigits_tx,100,100,10,10,0.558266655487744,0.430615,0.8407979011535645,8
pendigits_tx,100,100,10,10,0.5583569132780501,0.30564,0.8407979011535645,9
pendigits_tx,100,100,10,10,0.5583115937177939,0.369053,0.8407979011535645,10
pendigits_tx,100,100,10,10,0.5589973742687733,0.304566,0.8407979011535645,median
pendigits_tx,2,100,10,20,0.2184099243719867,0.113523,1.6661500930786133,1
pendigits_tx,2,100,10,20,0.2186785312929171,0.122547,1.6661500930786133,2
pendigits_tx,2,100,10,20,0.2186785312929171,0.125563,1.6661500930786133,3
pendigits_tx,2,100,10,20,0.2186785312929171,0.134225,1.6661500930786133,4
pendigits_tx,2,100,10,20,0.2184099243719867,0.138789,1.6661500930786133,5
pendigits_tx,2,100,10,20,0.2184099243719867,0.13185,1.6661500930786133,6
pendigits_tx,2,100,10,20,0.2184099243719867,0.133853,1.6661500930786133,7
pendigits_tx,2,100,10,20,0.2184099243719867,0.137329,1.6661500930786133,8
pendigits_tx,2,100,10,20,0.2186187798992444,0.128888,1.6661500930786133,9
pendigits_tx,2,100,10,20,0.2186785312929171,0.127445,1.6661500930786133,10
pendigits_tx,2,100,10,20,0.2186187798992444,0.128888,1.6661500930786133,median
pendigits_tx,4,100,10,20,0.4056682832845816,0.125884,1.6661500930786133,1
pendigits_tx,4,100,10,20,0.4351721359841937,0.137884,1.6661500930786133,2
pendigits_tx,4,100,10,20,0.4353772783021987,0.133994,1.6661500930786133,3
pendigits_tx,4,100,10,20,0.4353772783021987,0.130352,1.6661500930786133,4
pendigits_tx,4,100,10,20,0.4351721359841936,0.143149,1.6661500930786133,5
pendigits_tx,4,100,10,20,0.4056682832845816,0.141254,1.6661500930786133,6
pendigits_tx,4,100,10,20,0.4351721359841936,0.138734,1.6661500930786133,7
pendigits_tx,4,100,10,20,0.4679425157822799,0.159334,1.6661500930786133,8
pendigits_tx,4,100,10,20,0.4431606444069912,0.15359,1.6661500930786133,9
pendigits_tx,4,100,10,20,0.4350292080887401,0.139064,1.6661500930786133,10
pendigits_tx,4,100,10,20,0.4351721359841937,0.137884,1.6661500930786133,median
pendigits_tx,8,100,10,20,0.5741337456264208,0.145608,1.6661500930786133,1
pendigits_tx,8,100,10,20,0.5729219543326792,0.131792,1.6661500930786133,2
pendigits_tx,8,100,10,20,0.5912545596535782,0.154762,1.6661500930786133,3
pendigits_tx,8,100,10,20,0.575537989220951,0.149054,1.6661500930786133,4
pendigits_tx,8,100,10,20,0.5705894575383358,0.145418,1.6661500930786133,5
pendigits_tx,8,100,10,20,0.5433325233812472,0.149964,1.6661500930786133,6
pendigits_tx,8,100,10,20,0.5305486976874841,0.14224,1.6661500930786133,7
pendigits_tx,8,100,10,20,0.5754232627861199,0.152167,1.6661500930786133,8
pendigits_tx,8,100,10,20,0.5364580829118164,0.144861,1.6661500930786133,9
pendigits_tx,8,100,10,20,0.6092864665826673,0.15111,1.6661500930786133,10
pendigits_tx,8,100,10,20,0.5729219543326792,0.131792,1.6661500930786133,median
pendigits_tx,10,100,10,20,0.6188205991810402,0.145756,1.6661500930786133,1
pendigits_tx,10,100,10,20,0.60022173892042,0.14011,1.6661500930786133,2
pendigits_tx,10,100,10,20,0.5922444705615585,0.158296,1.6661500930786133,3
pendigits_tx,10,100,10,20,0.6194833821159963,0.14404,1.6661500930786133,4
pendigits_tx,10,100,10,20,0.5999059175117698,0.155666,1.6661500930786133,5
pendigits_tx,10,100,10,20,0.6024378197920612,0.177056,1.6661500930786133,6
pendigits_tx,10,100,10,20,0.6014021550190877,0.153406,1.6661500930786133,7
pendigits_tx,10,100,10,20,0.6194887574679362,0.145685,1.6661500930786133,8
pendigits_tx,10,100,10,20,0.6164977880407462,0.146647,1.6661500930786133,9
pendigits_tx,10,100,10,20,0.6194833821159964,0.170632,1.6661500930786133,10
pendigits_tx,10,100,10,20,0.6024378197920612,0.177056,1.6661500930786133,median
pendigits_tx,16,100,10,20,0.6073953376495628,0.147284,1.6661500930786133,1
pendigits_tx,16,100,10,20,0.5854906738144083,0.201881,1.6661500930786133,2
pendigits_tx,16,100,10,20,0.6032107757362329,0.164545,1.6661500930786133,3
pendigits_tx,16,100,10,20,0.5986280331414744,0.167419,1.6661500930786133,4
pendigits_tx,16,100,10,20,0.6007021303834589,0.176486,1.6661500930786133,5
pendigits_tx,16,100,10,20,0.5991132315579509,0.165587,1.6661500930786133,6
pendigits_tx,16,100,10,20,0.6001019620305248,0.19108,1.6661500930786133,7
pendigits_tx,16,100,10,20,0.6109791046201084,0.158083,1.6661500930786133,8
pendigits_tx,16,100,10,20,0.6015790204979189,0.163105,1.6661500930786133,9
pendigits_tx,16,100,10,20,0.5899746857460295,0.173981,1.6661500930786133,10
pendigits_tx,16,100,10,20,0.6007021303834589,0.176486,1.6661500930786133,median
pendigits_tx,20,100,10,20,0.5942475169695985,0.172465,1.6661500930786133,1
pendigits_tx,20,100,10,20,0.6043520119137171,0.208711,1.6661500930786133,2
pendigits_tx,20,100,10,20,0.5969249880277832,0.173632,1.6661500930786133,3
pendigits_tx,20,100,10,20,0.5876358301189004,0.166346,1.6661500930786133,4
pendigits_tx,20,100,10,20,0.5998682572503848,0.184184,1.6661500930786133,5
pendigits_tx,20,100,10,20,0.615031714705114,0.210324,1.6661500930786133,6
pendigits_tx,20,100,10,20,0.6007792157585049,0.227405,1.6661500930786133,7
pendigits_tx,20,100,10,20,0.5890776237358841,0.192527,1.6661500930786133,8
pendigits_tx,20,100,10,20,0.5815826152825392,0.170823,1.6661500930786133,9
pendigits_tx,20,100,10,20,0.5949489076737563,0.179256,1.6661500930786133,10
pendigits_tx,20,100,10,20,0.5949489076737563,0.179256,1.6661500930786133,median
pendigits_tx,50,100,10,20,0.585701682367013,0.234508,1.6661500930786133,1
pendigits_tx,50,100,10,20,0.5910964093234141,0.225987,1.6661500930786133,2
pendigits_tx,50,100,10,20,0.5941756643258518,0.237193,1.6661500930786133,3
pendigits_tx,50,100,10,20,0.5880217641300803,0.248216,1.6661500930786133,4
pendigits_tx,50,100,10,20,0.5815190093955204,0.265541,1.6661500930786133,5
pendigits_tx,50,100,10,20,0.5783943085204943,0.236054,1.6661500930786133,6
pendigits_tx,50,100,10,20,0.5859046334048641,0.249052,1.6661500930786133,7
pendigits_tx,50,100,10,20,0.5780925046373646,0.250354,1.6661500930786133,8
pendigits_tx,50,100,10,20,0.5814127704086425,0.237746,1.6661500930786133,9
pendigits_tx,50,100,10,20,0.5804142278206423,0.25214,1.6661500930786133,10
pendigits_tx,50,100,10,20,0.585701682367013,0.234508,1.6661500930786133,median
pendigits_tx,100,100,10,20,0.5585642230101013,0.377858,1.6661500930786133,1
pendigits_tx,100,100,10,20,0.5602088685444508,0.285096,1.6661500930786133,2
pendigits_tx,100,100,10,20,0.5617025529257326,0.333609,1.6661500930786133,3
pendigits_tx,100,100,10,20,0.5599037786500076,0.363176,1.6661500930786133,4
pendigits_tx,100,100,10,20,0.5592717054753368,0.279937,1.6661500930786133,5
pendigits_tx,100,100,10,20,0.5602803210093703,0.29597,1.6661500930786133,6
pendigits_tx,100,100,10,20,0.5612937751735745,0.316477,1.6661500930786133,7
pendigits_tx,100,100,10,20,0.5638982262844061,0.33983,1.6661500930786133,8
pendigits_tx,100,100,10,20,0.5627311207316836,0.409159,1.6661500930786133,9
pendigits_tx,100,100,10,20,0.5558609574223616,0.316125,1.6661500930786133,10
pendigits_tx,100,100,10,20,0.5602088685444508,0.285096,1.6661500930786133,median
pendigits_tx,2,200,10,5,0.2162565499158923,0.141942,0.6113607883453369,1
pendigits_tx,2,200,10,5,0.2175579097950953,0.137037,0.6113607883453369,2
pendigits_tx,2,200,10,5,0.2177559195903625,0.15911,0.6113607883453369,3
pendigits_tx,2,200,10,5,0.2174668550199893,0.153192,0.6113607883453369,4
pendigits_tx,2,200,10,5,0.2162565499158923,0.175411,0.6113607883453369,5
pendigits_tx,2,200,10,5,0.2162565499158923,0.170402,0.6113607883453369,6
pendigits_tx,2,200,10,5,0.217434165874196,0.158196,0.6113607883453369,7
pendigits_tx,2,200,10,5,0.2177559195903625,0.134934,0.6113607883453369,8
pendigits_tx,2,200,10,5,0.2162565499158923,0.13739,0.6113607883453369,9
pendigits_tx,2,200,10,5,0.2174668550199893,0.147995,0.6113607883453369,10
pendigits_tx,2,200,10,5,0.2174668550199893,0.153192,0.6113607883453369,median
pendigits_tx,4,200,10,5,0.42978825929387,0.183101,0.6113607883453369,1
pendigits_tx,4,200,10,5,0.4287903852910878,0.148759,0.6113607883453369,2
pendigits_tx,4,200,10,5,0.4286688479446292,0.14974,0.6113607883453369,3
pendigits_tx,4,200,10,5,0.4297889284896111,0.170049,0.6113607883453369,4
pendigits_tx,4,200,10,5,0.4021542036847488,0.164179,0.6113607883453369,5
pendigits_tx,4,200,10,5,0.4283502600455947,0.159843,0.6113607883453369,6
pendigits_tx,4,200,10,5,0.4296034056148717,0.158971,0.6113607883453369,7
pendigits_tx,4,200,10,5,0.4287093314389364,0.146989,0.6113607883453369,8
pendigits_tx,4,200,10,5,0.429627986165302,0.145769,0.6113607883453369,9
pendigits_tx,4,200,10,5,0.4297889284896111,0.143611,0.6113607883453369,10
pendigits_tx,4,200,10,5,0.4287903852910878,0.148759,0.6113607883453369,median
pendigits_tx,8,200,10,5,0.5946549293472724,0.157873,0.6113607883453369,1
pendigits_tx,8,200,10,5,0.5617250667356731,0.152718,0.6113607883453369,2
pendigits_tx,8,200,10,5,0.5644694031810399,0.153482,0.6113607883453369,3
pendigits_tx,8,200,10,5,0.5946549293472724,0.175305,0.6113607883453369,4
pendigits_tx,8,200,10,5,0.5629120401230024,0.152961,0.6113607883453369,5
pendigits_tx,8,200,10,5,0.5941317536680668,0.180592,0.6113607883453369,6
pendigits_tx,8,200,10,5,0.5946907850896213,0.178862,0.6113607883453369,7
pendigits_tx,8,200,10,5,0.5946549293472724,0.165656,0.6113607883453369,8
pendigits_tx,8,200,10,5,0.5939878471983301,0.158423,0.6113607883453369,9
pendigits_tx,8,200,10,5,0.5946549293472724,0.158186,0.6113607883453369,10
pendigits_tx,8,200,10,5,0.5946549293472724,0.157873,0.6113607883453369,median
pendigits_tx,10,200,10,5,0.5859718216319034,0.181354,0.6113607883453369,1
pendigits_tx,10,200,10,5,0.5925162742946064,0.188714,0.6113607883453369,2
pendigits_tx,10,200,10,5,0.592016988384135,0.156887,0.6113607883453369,3
pendigits_tx,10,200,10,5,0.612115226578073,0.171345,0.6113607883453369,4
pendigits_tx,10,200,10,5,0.6115394623387542,0.190963,0.6113607883453369,5
pendigits_tx,10,200,10,5,0.5971123790091775,0.170359,0.6113607883453369,6
pendigits_tx,10,200,10,5,0.5872928799370822,0.190582,0.6113607883453369,7
pendigits_tx,10,200,10,5,0.5684027751948924,0.151939,0.6113607883453369,8
pendigits_tx,10,200,10,5,0.5891794365528579,0.209554,0.6113607883453369,9
pendigits_tx,10,200,10,5,0.6114958530301431,0.201554,0.6113607883453369,10
pendigits_tx,10,200,10,5,0.5925162742946064,0.188714,0.6113607883453369,median
pendigits_tx,16,200,10,5,0.5857399415881451,0.213623,0.6113607883453369,1
pendigits_tx,16,200,10,5,0.6020913135196416,0.288762,0.6113607883453369,2
pendigits_tx,16,200,10,5,0.588142243122242,0.214346,0.6113607883453369,3
pendigits_tx,16,200,10,5,0.5963538930304408,0.243972,0.6113607883453369,4
pendigits_tx,16,200,10,5,0.5989566299663455,0.28579,0.6113607883453369,5
pendigits_tx,16,200,10,5,0.594530082079075,0.316593,0.6113607883453369,6
pendigits_tx,16,200,10,5,0.5963537390394236,0.228596,0.6113607883453369,7
pendigits_tx,16,200,10,5,0.5951478541697695,0.20286,0.6113607883453369,8
pendigits_tx,16,200,10,5,0.5983101532601134,0.212723,0.6113607883453369,9
pendigits_tx,16,200,10,5,0.5988595067933181,0.208103,0.6113607883453369,10
pendigits_tx,16,200,10,5,0.5963538930304408,0.243972,0.6113607883453369,median
pendigits_tx,20,200,10,5,0.5896153558209137,0.285775,0.6113607883453369,1
pendigits_tx,20,200,10,5,0.588940507675955,0.294147,0.6113607883453369,2
pendigits_tx,20,200,10,5,0.5883288658553603,0.262589,0.6113607883453369,3
pendigits_tx,20,200,10,5,0.6005737170103611,0.222883,0.6113607883453369,4
pendigits_tx,20,200,10,5,0.5735035665215171,0.411227,0.6113607883453369,5
pendigits_tx,20,200,10,5,0.5920478929231784,0.280665,0.6113607883453369,6
pendigits_tx,20,200,10,5,0.5885037942116345,0.26972,0.6113607883453369,7
pendigits_tx,20,200,10,5,0.5830161410734809,0.245279,0.6113607883453369,8
pendigits_tx,20,200,10,5,0.5911458745325677,0.304373,0.6113607883453369,9
pendigits_tx,20,200,10,5,0.5883956384236062,0.227606,0.6113607883453369,10
pendigits_tx,20,200,10,5,0.588940507675955,0.294147,0.6113607883453369,median
pendigits_tx,50,200,10,5,0.5792004896047417,0.397329,0.6113607883453369,1
pendigits_tx,50,200,10,5,0.5733081902520548,0.483526,0.6113607883453369,2
pendigits_tx,50,200,10,5,0.5784392463368145,0.499971,0.6113607883453369,3
pendigits_tx,50,200,10,5,0.5703939197079985,0.396279,0.6113607883453369,4
pendigits_tx,50,200,10,5,0.5730716910023261,0.563296,0.6113607883453369,5
pendigits_tx,50,200,10,5,0.5689095540886294,0.305188,0.6113607883453369,6
pendigits_tx,50,200,10,5,0.574938074518433,0.35066,0.6113607883453369,7
pendigits_tx,50,200,10,5,0.5779889044264213,0.39753,0.6113607883453369,8
pendigits_tx,50,200,10,5,0.5721816528379337,0.2988,0.6113607883453369,9
pendigits_tx,50,200,10,5,0.5774072080275164,0.282057,0.6113607883453369,10
pendigits_tx,50,200,10,5,0.5733081902520548,0.483526,0.6113607883453369,median
pendigits_tx,100,200,10,5,0.5525920827458807,0.565062,0.6113607883453369,1
pendigits_tx,100,200,10,5,0.5512746223043564,0.477627,0.6113607883453369,2
pendigits_tx,100,200,10,5,0.552233129218586,0.508485,0.6113607883453369,3
pendigits_tx,100,200,10,5,0.5567819574980226,0.44908,0.6113607883453369,4
pendigits_tx,100,200,10,5,0.5557692620039327,0.520215,0.6113607883453369,5
pendigits_tx,100,200,10,5,0.55223125535838,0.50656,0.6113607883453369,6
pendigits_tx,100,200,10,5,0.561632543825304,0.521846,0.6113607883453369,7
pendigits_tx,100,200,10,5,0.5519669201083505,0.574337,0.6113607883453369,8
pendigits_tx,100,200,10,5,0.5474157662499406,0.555614,0.6113607883453369,9
pendigits_tx,100,200,10,5,0.552698306203291,0.646446,0.6113607883453369,10
pendigits_tx,100,200,10,5,0.5525920827458807,0.565062,0.6113607883453369,median
pendigits_tx,2,200,10,10,0.2236429239389687,0.137525,1.2089695930480957,1
pendigits_tx,2,200,10,10,0.2236429239389687,0.137946,1.2089695930480957,2
pendigits_tx,2,200,10,10,0.2236429239389687,0.143141,1.2089695930480957,3
pendigits_tx,2,200,10,10,0.2236429239389687,0.142884,1.2089695930480957,4
pendigits_tx,2,200,10,10,0.2236429239389687,0.145234,1.2089695930480957,5
pendigits_tx,2,200,10,10,0.2242394891028121,0.144967,1.2089695930480957,6
pendigits_tx,2,200,10,10,0.2236429239389687,0.149301,1.2089695930480957,7
pendigits_tx,2,200,10,10,0.2242394891028121,0.131485,1.2089695930480957,8
pendigits_tx,2,200,10,10,0.2236429239389687,0.170397,1.2089695930480957,9
pendigits_tx,2,200,10,10,0.2236429239389687,0.159483,1.2089695930480957,10
pendigits_tx,2,200,10,10,0.2236429239389687,0.137525,1.2089695930480957,median
pendigits_tx,4,200,10,10,0.4331196849371873,0.151669,1.2089695930480957,1
pendigits_tx,4,200,10,10,0.4059532087966364,0.183959,1.2089695930480957,2
pendigits_tx,4,200,10,10,0.4347041363103457,0.132873,1.2089695930480957,3
pendigits_tx,4,200,10,10,0.4059532087966364,0.213651,1.2089695930480957,4
pendigits_tx,4,200,10,10,0.4334024802414507,0.161784,1.2089695930480957,5
pendigits_tx,4,200,10,10,0.4335361124323695,0.138409,1.2089695930480957,6
pendigits_tx,4,200,10,10,0.4334057798075385,0.161295,1.2089695930480957,7
pendigits_tx,4,200,10,10,0.4335361124323695,0.162822,1.2089695930480957,8
pendigits_tx,4,200,10,10,0.4333752249217524,0.182311,1.2089695930480957,9
pendigits_tx,4,200,10,10,0.434053147520247,0.148095,1.2089695930480957,10
pendigits_tx,4,200,10,10,0.4334024802414507,0.161784,1.2089695930480957,median
pendigits_tx,8,200,10,10,0.5721660644302113,0.178174,1.2089695930480957,1
pendigits_tx,8,200,10,10,0.6028696616037705,0.153309,1.2089695930480957,2
pendigits_tx,8,200,10,10,0.5795467026968149,0.163415,1.2089695930480957,3
pendigits_tx,8,200,10,10,0.5583102169573974,0.213843,1.2089695930480957,4
pendigits_tx,8,200,10,10,0.6027756664293109,0.202348,1.2089695930480957,5
pendigits_tx,8,200,10,10,0.5685702344178003,0.159453,1.2089695930480957,6
pendigits_tx,8,200,10,10,0.6036861000738757,0.169408,1.2089695930480957,7
pendigits_tx,8,200,10,10,0.5881502352533262,0.167478,1.2089695930480957,8
pendigits_tx,8,200,10,10,0.6038350714054689,0.164458,1.2089695930480957,9
pendigits_tx,8,200,10,10,0.6034419263072529,0.159487,1.2089695930480957,10
pendigits_tx,8,200,10,10,0.5881502352533262,0.167478,1.2089695930480957,median
pendigits_tx,10,200,10,10,0.6129729883238562,0.187752,1.2089695930480957,1
pendigits_tx,10,200,10,10,0.5968520281342142,0.189724,1.2089695930480957,2
pendigits_tx,10,200,10,10,0.5607608030664618,0.175828,1.2089695930480957,3
pendigits_tx,10,200,10,10,0.5968866135665086,0.188654,1.2089695930480957,4
pendigits_tx,10,200,10,10,0.612674952631191,0.213859,1.2089695930480957,5
pendigits_tx,10,200,10,10,0.5933805534471565,0.230927,1.2089695930480957,6
pendigits_tx,10,200,10,10,0.5909783108649319,0.170639,1.2089695930480957,7
pendigits_tx,10,200,10,10,0.5997898342226207,0.160576,1.2089695930480957,8
pendigits_tx,10,200,10,10,0.5934336404235773,0.178506,1.2089695930480957,9
pendigits_tx,10,200,10,10,0.595546682007418,0.225241,1.2089695930480957,10
pendigits_tx,10,200,10,10,0.5968520281342142,0.189724,1.2089695930480957,median
pendigits_tx,16,200,10,10,0.6072931994976648,0.315854,1.2089695930480957,1
pendigits_tx,16,200,10,10,0.6047647028986157,0.216753,1.2089695930480957,2
pendigits_tx,16,200,10,10,0.5896803818366367,0.200309,1.2089695930480957,3
pendigits_tx,16,200,10,10,0.6084830014686949,0.207325,1.2089695930480957,4
pendigits_tx,16,200,10,10,0.6058420340099369,0.228581,1.2089695930480957,5
pendigits_tx,16,200,10,10,0.6048368650583378,0.20815,1.2089695930480957,6
pendigits_tx,16,200,10,10,0.6046383985177771,0.217338,1.2089695930480957,7
pendigits_tx,16,200,10,10,0.5917439949335462,0.233852,1.2089695930480957,8
pendigits_tx,16,200,10,10,0.6072203542925094,0.188744,1.2089695930480957,9
pendigits_tx,16,200,10,10,0.6036659059358431,0.224894,1.2089695930480957,10
pendigits_tx,16,200,10,10,0.6048368650583378,0.20815,1.2089695930480957,median
pendigits_tx,20,200,10,10,0.5970052903490253,0.270852,1.2089695930480957,1
pendigits_tx,20,200,10,10,0.608980097360585,0.212137,1.2089695930480957,2
pendigits_tx,20,200,10,10,0.5895274676748705,0.244262,1.2089695930480957,3
pendigits_tx,20,200,10,10,0.5962705670362459,0.246149,1.2089695930480957,4
pendigits_tx,20,200,10,10,0.6106585608070247,0.204158,1.2089695930480957,5
pendigits_tx,20,200,10,10,0.5950877578976167,0.213664,1.2089695930480957,6
pendigits_tx,20,200,10,10,0.5981347705453742,0.285528,1.2089695930480957,7
pendigits_tx,20,200,10,10,0.5903805056490766,0.254878,1.2089695930480957,8
pendigits_tx,20,200,10,10,0.5796494704448614,0.204051,1.2089695930480957,9
pendigits_tx,20,200,10,10,0.6113072622715382,0.256677,1.2089695930480957,10
pendigits_tx,20,200,10,10,0.5962705670362459,0.246149,1.2089695930480957,median
pendigits_tx,50,200,10,10,0.5831443865410233,0.317681,1.2089695930480957,1
pendigits_tx,50,200,10,10,0.57700685977395,0.400099,1.2089695930480957,2
pendigits_tx,50,200,10,10,0.5763990923019765,0.272117,1.2089695930480957,3
pendigits_tx,50,200,10,10,0.574752985508428,0.373283,1.2089695930480957,4
pendigits_tx,50,200,10,10,0.5905206476304601,0.341187,1.2089695930480957,5
pendigits_tx,50,200,10,10,0.5863771795165953,0.339081,1.2089695930480957,6
pendigits_tx,50,200,10,10,0.5821964655463836,0.321736,1.2089695930480957,7
pendigits_tx,50,200,10,10,0.579345215732159,0.398441,1.2089695930480957,8
pendigits_tx,50,200,10,10,0.5694077229803594,0.2947,1.2089695930480957,9
pendigits_tx,50,200,10,10,0.5790658596059214,0.301302,1.2089695930480957,10
pendigits_tx,50,200,10,10,0.5790658596059214,0.301302,1.2089695930480957,median
pendigits_tx,100,200,10,10,0.5589517257384393,0.516304,1.2089695930480957,1
pendigits_tx,100,200,10,10,0.5586559272126703,0.565801,1.2089695930480957,2
pendigits_tx,100,200,10,10,0.5593710659141594,0.416788,1.2089695930480957,3
pendigits_tx,100,200,10,10,0.5605510214933096,0.555647,1.2089695930480957,4
pendigits_tx,100,200,10,10,0.5594103925843633,0.578021,1.2089695930480957,5
pendigits_tx,100,200,10,10,0.5626733107527248,0.500735,1.2089695930480957,6
pendigits_tx,100,200,10,10,0.5561425490360709,0.58226,1.2089695930480957,7
pendigits_tx,100,200,10,10,0.556006191019406,0.45397,1.2089695930480957,8
pendigits_tx,100,200,10,10,0.5586259342523544,0.580934,1.2089695930480957,9
pendigits_tx,100,200,10,10,0.5559331538346813,0.518272,1.2089695930480957,10
pendigits_tx,100,200,10,10,0.5589517257384393,0.516304,1.2089695930480957,median
pendigits_tx,2,200,10,20,0.2111478718624987,0.126998,2.4036941528320312,1
pendigits_tx,2,200,10,20,0.2161345911377781,0.124567,2.4036941528320312,2
pendigits_tx,2,200,10,20,0.2161345911377781,0.130802,2.4036941528320312,3
pendigits_tx,2,200,10,20,0.2161345911377781,0.140728,2.4036941528320312,4
pendigits_tx,2,200,10,20,0.2160599576631656,0.134181,2.4036941528320312,5
pendigits_tx,2,200,10,20,0.2161345911377781,0.147724,2.4036941528320312,6
pendigits_tx,2,200,10,20,0.2111435155208219,0.133466,2.4036941528320312,7
pendigits_tx,2,200,10,20,0.2161345911377781,0.139533,2.4036941528320312,8
pendigits_tx,2,200,10,20,0.2108959454086414,0.136696,2.4036941528320312,9
pendigits_tx,2,200,10,20,0.2159119669436639,0.13076,2.4036941528320312,10
pendigits_tx,2,200,10,20,0.2160599576631656,0.134181,2.4036941528320312,median
pendigits_tx,4,200,10,20,0.4347657196475027,0.138622,2.4036941528320312,1
pendigits_tx,4,200,10,20,0.4058953305347203,0.138361,2.4036941528320312,2
pendigits_tx,4,200,10,20,0.4343380371851192,0.149534,2.4036941528320312,3
pendigits_tx,4,200,10,20,0.4343380371851192,0.170202,2.4036941528320312,4
pendigits_tx,4,200,10,20,0.4332928903766264,0.158089,2.4036941528320312,5
pendigits_tx,4,200,10,20,0.4404010673669363,0.15749,2.4036941528320312,6
pendigits_tx,4,200,10,20,0.4035172839645657,0.153009,2.4036941528320312,7
pendigits_tx,4,200,10,20,0.4342600193883183,0.149104,2.4036941528320312,8
pendigits_tx,4,200,10,20,0.4348248943793428,0.145286,2.4036941528320312,9
pendigits_tx,4,200,10,20,0.434332553853725,0.145939,2.4036941528320312,10
pendigits_tx,4,200,10,20,0.434332553853725,0.145939,2.4036941528320312,median
pendigits_tx,8,200,10,20,0.6045308272906827,0.21235,2.4036941528320312,1
pendigits_tx,8,200,10,20,0.6045308272906827,0.165208,2.4036941528320312,2
pendigits_tx,8,200,10,20,0.5331183399335145,0.182409,2.4036941528320312,3
pendigits_tx,8,200,10,20,0.6049470902193935,0.148168,2.4036941528320312,4
pendigits_tx,8,200,10,20,0.6048014307458947,0.257334,2.4036941528320312,5
pendigits_tx,8,200,10,20,0.5654559945990387,0.173527,2.4036941528320312,6
pendigits_tx,8,200,10,20,0.561692726834195,0.160713,2.4036941528320312,7
pendigits_tx,8,200,10,20,0.6045685692146986,0.156633,2.4036941528320312,8
pendigits_tx,8,200,10,20,0.6049470902193935,0.173769,2.4036941528320312,9
pendigits_tx,8,200,10,20,0.533382622561577,0.18492,2.4036941528320312,10
pendigits_tx,8,200,10,20,0.6045308272906827,0.21235,2.4036941528320312,median
pendigits_tx,10,200,10,20,0.6001559520075797,0.18347,2.4036941528320312,1
pendigits_tx,10,200,10,20,0.6128439323608603,0.163711,2.4036941528320312,2
pendigits_tx,10,200,10,20,0.614621813870634,0.168408,2.4036941528320312,3
pendigits_tx,10,200,10,20,0.5963449855544203,0.231906,2.4036941528320312,4
pendigits_tx,10,200,10,20,0.6125711838882308,0.209393,2.4036941528320312,5
pendigits_tx,10,200,10,20,0.614834935009874,0.192878,2.4036941528320312,6
pendigits_tx,10,200,10,20,0.614834935009874,0.221525,2.4036941528320312,7
pendigits_tx,10,200,10,20,0.5997747963999873,0.167894,2.4036941528320312,8
pendigits_tx,10,200,10,20,0.6015786384971589,0.161854,2.4036941528320312,9
pendigits_tx,10,200,10,20,0.5974156448635771,0.181343,2.4036941528320312,10
pendigits_tx,10,200,10,20,0.6125711838882308,0.209393,2.4036941528320312,median
pendigits_tx,16,200,10,20,0.6045713288266285,0.2104,2.4036941528320312,1
pendigits_tx,16,200,10,20,0.5896254724154474,0.219335,2.4036941528320312,2
pendigits_tx,16,200,10,20,0.6058943106064443,0.218331,2.4036941528320312,3
pendigits_tx,16,200,10,20,0.6014476359682075,0.245124,2.4036941528320312,4
pendigits_tx,16,200,10,20,0.5988391938044758,0.222623,2.4036941528320312,5
pendigits_tx,16,200,10,20,0.6078716161355986,0.215623,2.4036941528320312,6
pendigits_tx,16,200,10,20,0.5984624725688323,0.269487,2.4036941528320312,7
pendigits_tx,16,200,10,20,0.6054594199877349,0.236197,2.4036941528320312,8
pendigits_tx,16,200,10,20,0.5992430359258936,0.206937,2.4036941528320312,9
pendigits_tx,16,200,10,20,0.5990042353859485,0.30799,2.4036941528320312,10
pendigits_tx,16,200,10,20,0.6014476359682075,0.245124,2.4036941528320312,median
pendigits_tx,20,200,10,20,0.6041513795380774,0.20979,2.4036941528320312,1
pendigits_tx,20,200,10,20,0.5897375862286344,0.201965,2.4036941528320312,2
pendigits_tx,20,200,10,20,0.5962462251538697,0.239723,2.4036941528320312,3
pendigits_tx,20,200,10,20,0.5933755845969355,0.196853,2.4036941528320312,4
pendigits_tx,20,200,10,20,0.6093357225530702,0.281086,2.4036941528320312,5
pendigits_tx,20,200,10,20,0.5943878947714589,0.206275,2.4036941528320312,6
pendigits_tx,20,200,10,20,0.6066739162763163,0.21054,2.4036941528320312,7
pendigits_tx,20,200,10,20,0.6009178426837188,0.223409,2.4036941528320312,8
pendigits_tx,20,200,10,20,0.6156575814741513,0.286826,2.4036941528320312,9
pendigits_tx,20,200,10,20,0.6041478053968055,0.204702,2.4036941528320312,10
pendigits_tx,20,200,10,20,0.6009178426837188,0.223409,2.4036941528320312,median
pendigits_tx,50,200,10,20,0.5823386450229903,0.27865,2.4036941528320312,1
pendigits_tx,50,200,10,20,0.5845147909438182,0.306265,2.4036941528320312,2
pendigits_tx,50,200,10,20,0.5869870323859419,0.293189,2.4036941528320312,3
pendigits_tx,50,200,10,20,0.5820193101128381,0.28464,2.4036941528320312,4
pendigits_tx,50,200,10,20,0.5920491909238899,0.369472,2.4036941528320312,5
pendigits_tx,50,200,10,20,0.587971623242346,0.346062,2.4036941528320312,6
pendigits_tx,50,200,10,20,0.5733648189898501,0.300365,2.4036941528320312,7
pendigits_tx,50,200,10,20,0.5802960401658498,0.274003,2.4036941528320312,8
pendigits_tx,50,200,10,20,0.580147019418896,0.301256,2.4036941528320312,9
pendigits_tx,50,200,10,20,0.5772355555382931,0.290997,2.4036941528320312,10
pendigits_tx,50,200,10,20,0.5823386450229903,0.27865,2.4036941528320312,median
pendigits_tx,100,200,10,20,0.558855937826035,0.553965,2.4036941528320312,1
pendigits_tx,100,200,10,20,0.5599043130481322,0.495263,2.4036941528320312,2
pendigits_tx,100,200,10,20,0.5585823673803069,0.478564,2.4036941528320312,3
pendigits_tx,100,200,10,20,0.5531989072835625,0.527494,2.4036941528320312,4
pendigits_tx,100,200,10,20,0.5595878580115796,0.502016,2.4036941528320312,5
pendigits_tx,100,200,10,20,0.5586267345670138,0.496263,2.4036941528320312,6
pendigits_tx,100,200,10,20,0.5622951866906261,0.751425,2.4036941528320312,7
pendigits_tx,100,200,10,20,0.5620423190806637,0.519299,2.4036941528320312,8
pendigits_tx,100,200,10,20,0.564410688474325,0.45456,2.4036941528320312,9
pendigits_tx,100,200,10,20,0.5591855300073778,0.58692,2.4036941528320312,10
pendigits_tx,100,200,10,20,0.5595878580115796,0.502016,2.4036941528320312,median
pendigits_tx,2,500,10,5,0.2242202307984784,0.181561,1.0142924785614014,1
pendigits_tx,2,500,10,5,0.2242202307984784,0.217016,1.0142924785614014,2
pendigits_tx,2,500,10,5,0.2233791310661326,0.225321,1.0142924785614014,3
pendigits_tx,2,500,10,5,0.2233791310661326,0.238994,1.0142924785614014,4
pendigits_tx,2,500,10,5,0.2233791310661326,0.225415,1.0142924785614014,5
pendigits_tx,2,500,10,5,0.2233791310661326,0.242811,1.0142924785614014,6
pendigits_tx,2,500,10,5,0.2242202307984784,0.231081,1.0142924785614014,7
pendigits_tx,2,500,10,5,0.2233791310661326,0.259718,1.0142924785614014,8
pendigits_tx,2,500,10,5,0.2233791310661326,0.231876,1.0142924785614014,9
pendigits_tx,2,500,10,5,0.2233791310661326,0.224333,1.0142924785614014,10
pendigits_tx,2,500,10,5,0.2233791310661326,0.238994,1.0142924785614014,median
pendigits_tx,4,500,10,5,0.4332479169618143,0.227567,1.0142924785614014,1
pendigits_tx,4,500,10,5,0.405406584821357,0.321367,1.0142924785614014,2
pendigits_tx,4,500,10,5,0.4248398279932879,0.244434,1.0142924785614014,3
pendigits_tx,4,500,10,5,0.4353001135743774,0.224422,1.0142924785614014,4
pendigits_tx,4,500,10,5,0.4332798136825459,0.198419,1.0142924785614014,5
pendigits_tx,4,500,10,5,0.405406584821357,0.301947,1.0142924785614014,6
pendigits_tx,4,500,10,5,0.4067894192968547,0.213427,1.0142924785614014,7
pendigits_tx,4,500,10,5,0.4355829692351037,0.277495,1.0142924785614014,8
pendigits_tx,4,500,10,5,0.4350702767371855,0.282743,1.0142924785614014,9
pendigits_tx,4,500,10,5,0.4692934943135216,0.233055,1.0142924785614014,10
pendigits_tx,4,500,10,5,0.4332479169618143,0.227567,1.0142924785614014,median
pendigits_tx,8,500,10,5,0.6002814384475937,0.269615,1.0142924785614014,1
pendigits_tx,8,500,10,5,0.5807605384799159,0.354086,1.0142924785614014,2
pendigits_tx,8,500,10,5,0.5609650387281901,0.237948,1.0142924785614014,3
pendigits_tx,8,500,10,5,0.5492131112579947,0.27343,1.0142924785614014,4
pendigits_tx,8,500,10,5,0.5647063580724317,0.249098,1.0142924785614014,5
pendigits_tx,8,500,10,5,0.6002814384475937,0.258402,1.0142924785614014,6
pendigits_tx,8,500,10,5,0.6002814384475936,0.244338,1.0142924785614014,7
pendigits_tx,8,500,10,5,0.6004077846242034,0.288837,1.0142924785614014,8
pendigits_tx,8,500,10,5,0.6003559071227397,0.298322,1.0142924785614014,9
pendigits_tx,8,500,10,5,0.6003559071227398,0.30269,1.0142924785614014,10
pendigits_tx,8,500,10,5,0.6002814384475936,0.244338,1.0142924785614014,median
pendigits_tx,10,500,10,5,0.5902784382342701,0.226085,1.0142924785614014,1
pendigits_tx,10,500,10,5,0.5979744164851093,0.263923,1.0142924785614014,2
pendigits_tx,10,500,10,5,0.5933979335556303,0.284375,1.0142924785614014,3
pendigits_tx,10,500,10,5,0.593839325651012,0.297288,1.0142924785614014,4
pendigits_tx,10,500,10,5,0.5910909965616384,0.344927,1.0142924785614014,5
pendigits_tx,10,500,10,5,0.594499109018835,0.292723,1.0142924785614014,6
pendigits_tx,10,500,10,5,0.591784975236224,0.264502,1.0142924785614014,7
pendigits_tx,10,500,10,5,0.6127296680675087,0.328512,1.0142924785614014,8
pendigits_tx,10,500,10,5,0.611223790423126,0.336076,1.0142924785614014,9
pendigits_tx,10,500,10,5,0.5979744164851092,0.240382,1.0142924785614014,10
pendigits_tx,10,500,10,5,0.594499109018835,0.292723,1.0142924785614014,median
pendigits_tx,16,500,10,5,0.599909541383582,0.428476,1.0142924785614014,1
pendigits_tx,16,500,10,5,0.581816875936317,0.342828,1.0142924785614014,2
pendigits_tx,16,500,10,5,0.5835957504102609,0.39327,1.0142924785614014,3
pendigits_tx,16,500,10,5,0.5994745325108858,0.560185,1.0142924785614014,4
pendigits_tx,16,500,10,5,0.5922357480454157,0.387809,1.0142924785614014,5
pendigits_tx,16,500,10,5,0.5885015067878843,0.317057,1.0142924785614014,6
pendigits_tx,16,500,10,5,0.5770765395361983,0.634711,1.0142924785614014,7
pendigits_tx,16,500,10,5,0.597642161877257,0.553685,1.0142924785614014,8
pendigits_tx,16,500,10,5,0.5983232111614558,0.321374,1.0142924785614014,9
pendigits_tx,16,500,10,5,0.5957042088628284,0.508466,1.0142924785614014,10
pendigits_tx,16,500,10,5,0.5922357480454157,0.387809,1.0142924785614014,median
pendigits_tx,20,500,10,5,0.5856095990379925,0.411622,1.0142924785614014,1
pendigits_tx,20,500,10,5,0.5903531736238131,0.326553,1.0142924785614014,2
pendigits_tx,20,500,10,5,0.5828109284968368,0.389589,1.0142924785614014,3
pendigits_tx,20,500,10,5,0.590575090324845,0.391089,1.0142924785614014,4
pendigits_tx,20,500,10,5,0.604523065832319,0.444935,1.0142924785614014,5
pendigits_tx,20,500,10,5,0.5810852817565381,0.443742,1.0142924785614014,6
pendigits_tx,20,500,10,5,0.5952390153334349,0.564683,1.0142924785614014,7
pendigits_tx,20,500,10,5,0.5811991223699579,0.471075,1.0142924785614014,8
pendigits_tx,20,500,10,5,0.590158814871556,0.419719,1.0142924785614014,9
pendigits_tx,20,500,10,5,0.6027476056145922,0.362785,1.0142924785614014,10
pendigits_tx,20,500,10,5,0.5903531736238131,0.326553,1.0142924785614014,median
pendigits_tx,50,500,10,5,0.5734716156129956,0.76409,1.0142924785614014,1
pendigits_tx,50,500,10,5,0.5820364087035753,0.695844,1.0142924785614014,2
pendigits_tx,50,500,10,5,0.5696819770796534,0.538977,1.0142924785614014,3
pendigits_tx,50,500,10,5,0.5806379681965339,0.752693,1.0142924785614014,4
pendigits_tx,50,500,10,5,0.5781450926124404,0.618393,1.0142924785614014,5
pendigits_tx,50,500,10,5,0.578102682807747,0.588718,1.0142924785614014,6
pendigits_tx,50,500,10,5,0.5763972873768014,0.71129,1.0142924785614014,7
pendigits_tx,50,500,10,5,0.577421515308178,0.67699,1.0142924785614014,8
pendigits_tx,50,500,10,5,0.5807009026214496,0.737697,1.0142924785614014,9
pendigits_tx,50,500,10,5,0.5783488422404907,0.708416,1.0142924785614014,10
pendigits_tx,50,500,10,5,0.5781450926124404,0.618393,1.0142924785614014,median
pendigits_tx,100,500,10,5,0.5570164251061761,1.048559,1.0142924785614014,1
pendigits_tx,100,500,10,5,0.5547893836100726,1.201621,1.0142924785614014,2
pendigits_tx,100,500,10,5,0.5601385245815537,1.077903,1.0142924785614014,3
pendigits_tx,100,500,10,5,0.5543557974800599,1.208155,1.0142924785614014,4
pendigits_tx,100,500,10,5,0.5552412931618178,1.562428,1.0142924785614014,5
pendigits_tx,100,500,10,5,0.5567747088590032,1.274852,1.0142924785614014,6
pendigits_tx,100,500,10,5,0.5519005932275012,1.040351,1.0142924785614014,7
pendigits_tx,100,500,10,5,0.5552446888200828,1.090657,1.0142924785614014,8
pendigits_tx,100,500,10,5,0.5527922117862197,1.242129,1.0142924785614014,9
pendigits_tx,100,500,10,5,0.553507061182321,1.30571,1.0142924785614014,10
pendigits_tx,100,500,10,5,0.5547893836100726,1.201621,1.0142924785614014,median
pendigits_tx,2,500,10,10,0.2186363393079081,0.158283,2.4090118408203125,1
pendigits_tx,2,500,10,10,0.2181619533871824,0.176817,2.4090118408203125,2
pendigits_tx,2,500,10,10,0.2181619533871824,0.19015,2.4090118408203125,3
pendigits_tx,2,500,10,10,0.2186363393079081,0.189679,2.4090118408203125,4
pendigits_tx,2,500,10,10,0.2181619533871824,0.179934,2.4090118408203125,5
pendigits_tx,2,500,10,10,0.2181619533871824,0.212195,2.4090118408203125,6
pendigits_tx,2,500,10,10,0.2181619533871824,0.201006,2.4090118408203125,7
pendigits_tx,2,500,10,10,0.2186363393079081,0.201122,2.4090118408203125,8
pendigits_tx,2,500,10,10,0.2186363393079081,0.207154,2.4090118408203125,9
pendigits_tx,2,500,10,10,0.2181619533871824,0.219069,2.4090118408203125,10
pendigits_tx,2,500,10,10,0.2181619533871824,0.176817,2.4090118408203125,median
pendigits_tx,4,500,10,10,0.4361547831496601,0.228014,2.4090118408203125,1
pendigits_tx,4,500,10,10,0.4078287728401736,0.310642,2.4090118408203125,2
pendigits_tx,4,500,10,10,0.4344343655098832,0.23406,2.4090118408203125,3
pendigits_tx,4,500,10,10,0.4383431198671609,0.233168,2.4090118408203125,4
pendigits_tx,4,500,10,10,0.4342366071361253,0.232023,2.4090118408203125,5
pendigits_tx,4,500,10,10,0.4409490261927039,0.223625,2.4090118408203125,6
pendigits_tx,4,500,10,10,0.4356880036805075,0.205035,2.4090118408203125,7
pendigits_tx,4,500,10,10,0.4347799217874383,0.228134,2.4090118408203125,8
pendigits_tx,4,500,10,10,0.4383431198671609,0.23959,2.4090118408203125,9
pendigits_tx,4,500,10,10,0.4363519387660019,0.216354,2.4090118408203125,10
pendigits_tx,4,500,10,10,0.4361547831496601,0.228014,2.4090118408203125,median
pendigits_tx,8,500,10,10,0.5684153202062302,0.279606,2.4090118408203125,1
pendigits_tx,8,500,10,10,0.6028038626842432,0.249079,2.4090118408203125,2
pendigits_tx,8,500,10,10,0.6034781171384864,0.308452,2.4090118408203125,3
pendigits_tx,8,500,10,10,0.5683446215993785,0.28379,2.4090118408203125,4
pendigits_tx,8,500,10,10,0.6033023761059922,0.258385,2.4090118408203125,5
pendigits_tx,8,500,10,10,0.567854030917351,0.259134,2.4090118408203125,6
pendigits_tx,8,500,10,10,0.5768414498616201,0.23661,2.4090118408203125,7
pendigits_tx,8,500,10,10,0.5313255833338433,0.234696,2.4090118408203125,8
pendigits_tx,8,500,10,10,0.6021044269166267,0.269897,2.4090118408203125,9
pendigits_tx,8,500,10,10,0.6028218702957061,0.26454,2.4090118408203125,10
pendigits_tx,8,500,10,10,0.5768414498616201,0.23661,2.4090118408203125,median
pendigits_tx,10,500,10,10,0.6106188286160246,0.290859,2.4090118408203125,1
pendigits_tx,10,500,10,10,0.5940957867627925,0.242122,2.4090118408203125,2
pendigits_tx,10,500,10,10,0.613440954934292,0.407739,2.4090118408203125,3
pendigits_tx,10,500,10,10,0.5667196795864564,0.390057,2.4090118408203125,4
pendigits_tx,10,500,10,10,0.613440954934292,0.332416,2.4090118408203125,5
pendigits_tx,10,500,10,10,0.5903354698891469,0.25018,2.4090118408203125,6
pendigits_tx,10,500,10,10,0.5938151912084207,0.320087,2.4090118408203125,7
pendigits_tx,10,500,10,10,0.5929115475826947,0.314858,2.4090118408203125,8
pendigits_tx,10,500,10,10,0.5918519772239786,0.257064,2.4090118408203125,9
pendigits_tx,10,500,10,10,0.5913308012053071,0.356972,2.4090118408203125,10
pendigits_tx,10,500,10,10,0.5938151912084207,0.320087,2.4090118408203125,median
pendigits_tx,16,500,10,10,0.6007601999530943,0.417499,2.4090118408203125,1
pendigits_tx,16,500,10,10,0.6003152285704234,0.377087,2.4090118408203125,2
pendigits_tx,16,500,10,10,0.5975778983778608,0.394686,2.4090118408203125,3
pendigits_tx,16,500,10,10,0.5974839701499927,0.3022,2.4090118408203125,4
pendigits_tx,16,500,10,10,0.5901626815259017,0.545999,2.4090118408203125,5
pendigits_tx,16,500,10,10,0.5935298205396572,0.510065,2.4090118408203125,6
pendigits_tx,16,500,10,10,0.5985572347627717,0.501139,2.4090118408203125,7
pendigits_tx,16,500,10,10,0.6066526272858723,0.466298,2.4090118408203125,8
pendigits_tx,16,500,10,10,0.5968238584428512,0.304094,2.4090118408203125,9
pendigits_tx,16,500,10,10,0.5993784149912578,0.363507,2.4090118408203125,10
pendigits_tx,16,500,10,10,0.5975778983778608,0.394686,2.4090118408203125,median
pendigits_tx,20,500,10,10,0.6097807812793055,0.394565,2.4090118408203125,1
pendigits_tx,20,500,10,10,0.5917559624946479,0.342253,2.4090118408203125,2
pendigits_tx,20,500,10,10,0.6029050929557997,0.505895,2.4090118408203125,3
pendigits_tx,20,500,10,10,0.588305467495433,0.46382,2.4090118408203125,4
pendigits_tx,20,500,10,10,0.6033870191871246,0.508308,2.4090118408203125,5
pendigits_tx,20,500,10,10,0.5879676964031084,0.463176,2.4090118408203125,6
pendigits_tx,20,500,10,10,0.5993353256049689,0.320015,2.4090118408203125,7
pendigits_tx,20,500,10,10,0.5982376936476116,0.34182,2.4090118408203125,8
pendigits_tx,20,500,10,10,0.586854943695812,0.360019,2.4090118408203125,9
pendigits_tx,20,500,10,10,0.600564207658688,0.461017,2.4090118408203125,10
pendigits_tx,20,500,10,10,0.5993353256049689,0.320015,2.4090118408203125,median
pendigits_tx,50,500,10,10,0.5766404731914638,0.836005,2.4090118408203125,1
pendigits_tx,50,500,10,10,0.5752168082500052,0.854724,2.4090118408203125,2
pendigits_tx,50,500,10,10,0.5887009191301666,0.651215,2.4090118408203125,3
pendigits_tx,50,500,10,10,0.5784644909095497,0.85333,2.4090118408203125,4
pendigits_tx,50,500,10,10,0.580033934185419,0.756314,2.4090118408203125,5
pendigits_tx,50,500,10,10,0.5781610182764887,0.593043,2.4090118408203125,6
pendigits_tx,50,500,10,10,0.5689045573849854,0.623504,2.4090118408203125,7
pendigits_tx,50,500,10,10,0.5769013248895043,0.978518,2.4090118408203125,8
pendigits_tx,50,500,10,10,0.5725467728869705,0.518243,2.4090118408203125,9
pendigits_tx,50,500,10,10,0.5841774538124758,0.811039,2.4090118408203125,10
pendigits_tx,50,500,10,10,0.5781610182764887,0.593043,2.4090118408203125,median
pendigits_tx,100,500,10,10,0.5576683055739686,0.941452,2.4090118408203125,1
pendigits_tx,100,500,10,10,0.5586848471458441,1.059201,2.4090118408203125,2
pendigits_tx,100,500,10,10,0.5601166656632542,1.217561,2.4090118408203125,3
pendigits_tx,100,500,10,10,0.5550030094478406,1.245857,2.4090118408203125,4
pendigits_tx,100,500,10,10,0.5573219488487143,0.965509,2.4090118408203125,5
pendigits_tx,100,500,10,10,0.5593392675652761,1.46502,2.4090118408203125,6
pendigits_tx,100,500,10,10,0.5602438076546606,0.882907,2.4090118408203125,7
pendigits_tx,100,500,10,10,0.5586364171631995,1.233813,2.4090118408203125,8
pendigits_tx,100,500,10,10,0.554449180614535,1.176845,2.4090118408203125,9
pendigits_tx,100,500,10,10,0.5627846535660576,1.370689,2.4090118408203125,10
pendigits_tx,100,500,10,10,0.5586848471458441,1.059201,2.4090118408203125,median
pendigits_tx,2,500,10,20,0.22068802376195365,0.183038,4.161841869354248,1
pendigits_tx,2,500,10,20,0.21515972245424608,0.192841,4.161841869354248,2
pendigits_tx,2,500,10,20,0.22068802376195365,0.203583,4.161841869354248,3
pendigits_tx,2,500,10,20,0.21515972245424608,0.200076,4.161841869354248,4
pendigits_tx,2,500,10,20,0.21515972245424608,0.26418,4.161841869354248,5
pendigits_tx,2,500,10,20,0.22068802376195365,0.258921,4.161841869354248,6
pendigits_tx,2,500,10,20,0.22068802376195365,0.231949,4.161841869354248,7
pendigits_tx,2,500,10,20,0.21515972245424608,0.263132,4.161841869354248,8
pendigits_tx,2,500,10,20,0.22068802376195365,0.230807,4.161841869354248,9
pendigits_tx,2,500,10,20,0.21515972245424608,0.263473,4.161841869354248,10
pendigits_tx,2,500,10,20,0.21515972245424608,0.192841,4.161841869354248,median
pendigits_tx,4,500,10,20,0.40734957406890765,0.250906,4.161841869354248,1
pendigits_tx,4,500,10,20,0.4410642126699191,0.224681,4.161841869354248,2
pendigits_tx,4,500,10,20,0.44121751353295946,0.214093,4.161841869354248,3
pendigits_tx,4,500,10,20,0.4396064960392007,0.269577,4.161841869354248,4
pendigits_tx,4,500,10,20,0.4310003750972646,0.216238,4.161841869354248,5
pendigits_tx,4,500,10,20,0.43952365905171753,0.213735,4.161841869354248,6
pendigits_tx,4,500,10,20,0.4396064960392007,0.268972,4.161841869354248,7
pendigits_tx,4,500,10,20,0.4412175135329594,0.222898,4.161841869354248,8
pendigits_tx,4,500,10,20,0.4396064960392007,0.290834,4.161841869354248,9
pendigits_tx,4,500,10,20,0.4412175135329594,0.240746,4.161841869354248,10
pendigits_tx,4,500,10,20,0.4396064960392007,0.269577,4.161841869354248,median
pendigits_tx,8,500,10,20,0.6031158284605689,0.302877,4.161841869354248,1
pendigits_tx,8,500,10,20,0.6037077822848432,0.308432,4.161841869354248,2
pendigits_tx,8,500,10,20,0.6037077822848432,0.257423,4.161841869354248,3
pendigits_tx,8,500,10,20,0.6033947509023434,0.332858,4.161841869354248,4
pendigits_tx,8,500,10,20,0.6030055097079309,0.245535,4.161841869354248,5
pendigits_tx,8,500,10,20,0.5627876910263176,0.26638,4.161841869354248,6
pendigits_tx,8,500,10,20,0.563558806994007,0.327336,4.161841869354248,7
pendigits_tx,8,500,10,20,0.6033947509023436,0.32997,4.161841869354248,8
pendigits_tx,8,500,10,20,0.6033947509023436,0.29513,4.161841869354248,9
pendigits_tx,8,500,10,20,0.6026279302123797,0.277836,4.161841869354248,10
pendigits_tx,8,500,10,20,0.6031158284605689,0.302877,4.161841869354248,median
pendigits_tx,10,500,10,20,0.5953543171679743,0.352399,4.161841869354248,1
pendigits_tx,10,500,10,20,0.6141510539977842,0.290808,4.161841869354248,2
pendigits_tx,10,500,10,20,0.5941429459764692,0.236535,4.161841869354248,3
pendigits_tx,10,500,10,20,0.6141510539977844,0.367825,4.161841869354248,4
pendigits_tx,10,500,10,20,0.6141392359931478,0.262761,4.161841869354248,5
pendigits_tx,10,500,10,20,0.6139352764368314,0.437692,4.161841869354248,6
pendigits_tx,10,500,10,20,0.614231201017164,0.293062,4.161841869354248,7
pendigits_tx,10,500,10,20,0.6110845496456819,0.274027,4.161841869354248,8
pendigits_tx,10,500,10,20,0.5696572744130088,0.339129,4.161841869354248,9
pendigits_tx,10,500,10,20,0.5995796601233441,0.257429,4.161841869354248,10
pendigits_tx,10,500,10,20,0.6139352764368314,0.437692,4.161841869354248,median
pendigits_tx,16,500,10,20,0.6056217313811716,0.391321,4.161841869354248,1
pendigits_tx,16,500,10,20,0.5965341881765646,0.289652,4.161841869354248,2
pendigits_tx,16,500,10,20,0.5978642196158322,0.317491,4.161841869354248,3
pendigits_tx,16,500,10,20,0.6038910115404363,0.302776,4.161841869354248,4
pendigits_tx,16,500,10,20,0.5999742218520925,0.775788,4.161841869354248,5
pendigits_tx,16,500,10,20,0.5942002521012939,0.373641,4.161841869354248,6
pendigits_tx,16,500,10,20,0.6029211682109914,0.410169,4.161841869354248,7
pendigits_tx,16,500,10,20,0.5980717697756226,0.486595,4.161841869354248,8
pendigits_tx,16,500,10,20,0.5958228302816,0.416568,4.161841869354248,9
pendigits_tx,16,500,10,20,0.6010640328716002,0.355761,4.161841869354248,10
pendigits_tx,16,500,10,20,0.5999742218520925,0.775788,4.161841869354248,median
pendigits_tx,20,500,10,20,0.6109316693721653,0.744847,4.161841869354248,1
pendigits_tx,20,500,10,20,0.5872473946304919,0.545382,4.161841869354248,2
pendigits_tx,20,500,10,20,0.592498003654884,0.427932,4.161841869354248,3
pendigits_tx,20,500,10,20,0.5932258902170766,0.450057,4.161841869354248,4
pendigits_tx,20,500,10,20,0.5886278353900313,0.413168,4.161841869354248,5
pendigits_tx,20,500,10,20,0.5901344152698451,0.445242,4.161841869354248,6
pendigits_tx,20,500,10,20,0.5893321626149253,0.461725,4.161841869354248,7
pendigits_tx,20,500,10,20,0.5964041664230949,0.476465,4.161841869354248,8
pendigits_tx,20,500,10,20,0.6092883073561192,0.425036,4.161841869354248,9
pendigits_tx,20,500,10,20,0.5994045332190134,0.480452,4.161841869354248,10
pendigits_tx,20,500,10,20,0.5932258902170766,0.450057,4.161841869354248,median
pendigits_tx,50,500,10,20,0.585666691338568,1.154415,4.161841869354248,1
pendigits_tx,50,500,10,20,0.578981865942592,0.83365,4.161841869354248,2
pendigits_tx,50,500,10,20,0.588283137651759,0.873319,4.161841869354248,3
pendigits_tx,50,500,10,20,0.5828135888906333,0.768627,4.161841869354248,4
pendigits_tx,50,500,10,20,0.5880649188064423,1.131977,4.161841869354248,5
pendigits_tx,50,500,10,20,0.581532877236405,0.795841,4.161841869354248,6
pendigits_tx,50,500,10,20,0.5842146796797024,0.714579,4.161841869354248,7
pendigits_tx,50,500,10,20,0.581300473121468,0.591112,4.161841869354248,8
pendigits_tx,50,500,10,20,0.5824578540996675,0.664614,4.161841869354248,9
pendigits_tx,50,500,10,20,0.5833155853773639,0.555406,4.161841869354248,10
pendigits_tx,50,500,10,20,0.5828135888906333,0.768627,4.161841869354248,median
pendigits_tx,100,500,10,20,0.5631330838010689,1.176255,4.161841869354248,1
pendigits_tx,100,500,10,20,0.5628794724413168,1.032223,4.161841869354248,2
pendigits_tx,100,500,10,20,0.5622372820796019,1.210104,4.161841869354248,3
pendigits_tx,100,500,10,20,0.5638702838292294,1.022224,4.161841869354248,4
pendigits_tx,100,500,10,20,0.5620048829161353,1.0909,4.161841869354248,5
pendigits_tx,100,500,10,20,0.5614072569057742,1.038398,4.161841869354248,6
pendigits_tx,100,500,10,20,0.5592522037975036,1.405269,4.161841869354248,7
pendigits_tx,100,500,10,20,0.5616996766874532,1.246906,4.161841869354248,8
pendigits_tx,100,500,10,20,0.553766808276936,1.013557,4.161841869354248,9
pendigits_tx,100,500,10,20,0.559553041353445,1.472381,4.161841869354248,10
pendigits_tx,100,500,10,20,0.5616996766874532,1.246906,4.161841869354248,median
