file,n_clusters,vector_size,window,epochs,NMI,running_time,training_time,iteration
chessBig_tx,2,50,5,5,0.0069510154731122,0.091666,0.265139102935791,1
chessBig_tx,2,50,5,5,0.0169654618437659,0.12427,0.265139102935791,2
chessBig_tx,2,50,5,5,0.0169232412458888,0.122048,0.265139102935791,3
chessBig_tx,2,50,5,5,0.0169654618437659,0.122282,0.265139102935791,4
chessBig_tx,2,50,5,5,0.0169654618437659,0.142667,0.265139102935791,5
chessBig_tx,2,50,5,5,0.0169232412458888,0.123399,0.265139102935791,6
chessBig_tx,2,50,5,5,0.0169654618437659,0.123924,0.265139102935791,7
chessBig_tx,2,50,5,5,0.0069510154731121,0.088614,0.265139102935791,8
chessBig_tx,2,50,5,5,0.0169654618437659,0.145645,0.265139102935791,9
chessBig_tx,2,50,5,5,0.0169654618437659,0.146797,0.265139102935791,10
chessBig_tx,2,50,5,5,0.0169654618437659,0.12427,0.265139102935791,median
chessBig_tx,4,50,5,5,0.0266605215077735,0.132652,0.265139102935791,1
chessBig_tx,4,50,5,5,0.0306512192587552,0.157161,0.265139102935791,2
chessBig_tx,4,50,5,5,0.0317575663791329,0.136606,0.265139102935791,3
chessBig_tx,4,50,5,5,0.0266605215077735,0.125266,0.265139102935791,4
chessBig_tx,4,50,5,5,0.0266605215077735,0.127375,0.265139102935791,5
chessBig_tx,4,50,5,5,0.0306512192587552,0.152902,0.265139102935791,6
chessBig_tx,4,50,5,5,0.0306512192587552,0.15276,0.265139102935791,7
chessBig_tx,4,50,5,5,0.0306512192587552,0.157241,0.265139102935791,8
chessBig_tx,4,50,5,5,0.0317575663791329,0.1376,0.265139102935791,9
chessBig_tx,4,50,5,5,0.0266605215077735,0.125757,0.265139102935791,10
chessBig_tx,4,50,5,5,0.0306512192587552,0.157161,0.265139102935791,median
chessBig_tx,8,50,5,5,0.0796693452515128,0.167102,0.265139102935791,1
chessBig_tx,8,50,5,5,0.0636273039527762,0.157335,0.265139102935791,2
chessBig_tx,8,50,5,5,0.0819284140516741,0.156388,0.265139102935791,3
chessBig_tx,8,50,5,5,0.0692295902975667,0.149973,0.265139102935791,4
chessBig_tx,8,50,5,5,0.0798451212812908,0.146772,0.265139102935791,5
chessBig_tx,8,50,5,5,0.0474932246483866,0.148268,0.265139102935791,6
chessBig_tx,8,50,5,5,0.079824553370751,0.164369,0.265139102935791,7
chessBig_tx,8,50,5,5,0.0765693681262029,0.149381,0.265139102935791,8
chessBig_tx,8,50,5,5,0.0995387611672852,0.141164,0.265139102935791,9
chessBig_tx,8,50,5,5,0.0684893662617787,0.162965,0.265139102935791,10
chessBig_tx,8,50,5,5,0.0765693681262029,0.149381,0.265139102935791,median
chessBig_tx,10,50,5,5,0.104311222098177,0.161089,0.265139102935791,1
chessBig_tx,10,50,5,5,0.1037521018976487,0.151971,0.265139102935791,2
chessBig_tx,10,50,5,5,0.0880910268154924,0.151337,0.265139102935791,3
chessBig_tx,10,50,5,5,0.0830561454582524,0.158801,0.265139102935791,4
chessBig_tx,10,50,5,5,0.0931273728622078,0.156708,0.265139102935791,5
chessBig_tx,10,50,5,5,0.1026644534700614,0.153644,0.265139102935791,6
chessBig_tx,10,50,5,5,0.0752774463116551,0.141496,0.265139102935791,7
chessBig_tx,10,50,5,5,0.1041000959511599,0.156903,0.265139102935791,8
chessBig_tx,10,50,5,5,0.0850538926532257,0.155235,0.265139102935791,9
chessBig_tx,10,50,5,5,0.0888915854177457,0.152663,0.265139102935791,10
chessBig_tx,10,50,5,5,0.0931273728622078,0.156708,0.265139102935791,median
chessBig_tx,16,50,5,5,0.076991083495584,0.169246,0.265139102935791,1
chessBig_tx,16,50,5,5,0.117798500122034,0.158508,0.265139102935791,2
chessBig_tx,16,50,5,5,0.0994534375568528,0.160341,0.265139102935791,3
chessBig_tx,16,50,5,5,0.1188289452665804,0.172917,0.265139102935791,4
chessBig_tx,16,50,5,5,0.1199798782708677,0.179874,0.265139102935791,5
chessBig_tx,16,50,5,5,0.0964024083545334,0.185877,0.265139102935791,6
chessBig_tx,16,50,5,5,0.1179108568683653,0.185173,0.265139102935791,7
chessBig_tx,16,50,5,5,0.1151154874793654,0.150111,0.265139102935791,8
chessBig_tx,16,50,5,5,0.120254257849122,0.176392,0.265139102935791,9
chessBig_tx,16,50,5,5,0.1125063300553762,0.19192,0.265139102935791,10
chessBig_tx,16,50,5,5,0.117798500122034,0.158508,0.265139102935791,median
chessBig_tx,20,50,5,5,0.1180629730436607,0.189204,0.265139102935791,1
chessBig_tx,20,50,5,5,0.1117067194986351,0.178429,0.265139102935791,2
chessBig_tx,20,50,5,5,0.1135788956474513,0.177052,0.265139102935791,3
chessBig_tx,20,50,5,5,0.1185522312769838,0.15816,0.265139102935791,4
chessBig_tx,20,50,5,5,0.1131743172640347,0.179995,0.265139102935791,5
chessBig_tx,20,50,5,5,0.1227991730756562,0.164893,0.265139102935791,6
chessBig_tx,20,50,5,5,0.1173815784865912,0.179319,0.265139102935791,7
chessBig_tx,20,50,5,5,0.1226856964393853,0.170948,0.265139102935791,8
chessBig_tx,20,50,5,5,0.1192813507964399,0.15811,0.265139102935791,9
chessBig_tx,20,50,5,5,0.1195347117121477,0.172926,0.265139102935791,10
chessBig_tx,20,50,5,5,0.1180629730436607,0.189204,0.265139102935791,median
chessBig_tx,50,50,5,5,0.139649751637782,0.265793,0.265139102935791,1
chessBig_tx,50,50,5,5,0.1384174897051127,0.25901,0.265139102935791,2
chessBig_tx,50,50,5,5,0.1407010043797043,0.239673,0.265139102935791,3
chessBig_tx,50,50,5,5,0.1413138595246861,0.251055,0.265139102935791,4
chessBig_tx,50,50,5,5,0.1391883007490953,0.253941,0.265139102935791,5
chessBig_tx,50,50,5,5,0.1378941371839549,0.247282,0.265139102935791,6
chessBig_tx,50,50,5,5,0.1403148861887203,0.229675,0.265139102935791,7
chessBig_tx,50,50,5,5,0.1398198193080345,0.238279,0.265139102935791,8
chessBig_tx,50,50,5,5,0.141155822359442,0.289919,0.265139102935791,9
chessBig_tx,50,50,5,5,0.1370481174402699,0.224889,0.265139102935791,10
chessBig_tx,50,50,5,5,0.1398198193080345,0.238279,0.265139102935791,median
chessBig_tx,100,50,5,5,0.1428690125546185,0.416956,0.265139102935791,1
chessBig_tx,100,50,5,5,0.1425405737917887,0.374176,0.265139102935791,2
chessBig_tx,100,50,5,5,0.1434452312476381,0.433109,0.265139102935791,3
chessBig_tx,100,50,5,5,0.1406402085368198,0.466122,0.265139102935791,4
chessBig_tx,100,50,5,5,0.1408186005917531,0.468923,0.265139102935791,5
chessBig_tx,100,50,5,5,0.1425255697992117,0.37711,0.265139102935791,6
chessBig_tx,100,50,5,5,0.1408031807983203,0.456124,0.265139102935791,7
chessBig_tx,100,50,5,5,0.1415703385066507,0.455623,0.265139102935791,8
chessBig_tx,100,50,5,5,0.1424409279566528,0.36397,0.265139102935791,9
chessBig_tx,100,50,5,5,0.1422294017086302,0.39227,0.265139102935791,10
chessBig_tx,100,50,5,5,0.1424409279566528,0.36397,0.265139102935791,median
chessBig_tx,2,50,5,10,0.0185313639307499,0.118386,0.4121887683868408,1
chessBig_tx,2,50,5,10,0.0185658124393446,0.117173,0.4121887683868408,2
chessBig_tx,2,50,5,10,0.0185313639307499,0.122084,0.4121887683868408,3
chessBig_tx,2,50,5,10,0.0185751134558708,0.127701,0.4121887683868408,4
chessBig_tx,2,50,5,10,0.0184981701964677,0.145614,0.4121887683868408,5
chessBig_tx,2,50,5,10,0.0185603582060392,0.127937,0.4121887683868408,6
chessBig_tx,2,50,5,10,0.0185603582060392,0.132991,0.4121887683868408,7
chessBig_tx,2,50,5,10,0.0185658124393446,0.134939,0.4121887683868408,8
chessBig_tx,2,50,5,10,0.0185751134558708,0.130009,0.4121887683868408,9
chessBig_tx,2,50,5,10,0.0069510154731122,0.118633,0.4121887683868408,10
chessBig_tx,2,50,5,10,0.0185603582060392,0.127937,0.4121887683868408,median
chessBig_tx,4,50,5,10,0.027617906827224,0.131017,0.4121887683868408,1
chessBig_tx,4,50,5,10,0.0369688247844613,0.140825,0.4121887683868408,2
chessBig_tx,4,50,5,10,0.0369688247844613,0.152745,0.4121887683868408,3
chessBig_tx,4,50,5,10,0.0369688247844613,0.142409,0.4121887683868408,4
chessBig_tx,4,50,5,10,0.027617906827224,0.129591,0.4121887683868408,5
chessBig_tx,4,50,5,10,0.0369688247844613,0.143785,0.4121887683868408,6
chessBig_tx,4,50,5,10,0.0319152826956848,0.136949,0.4121887683868408,7
chessBig_tx,4,50,5,10,0.0371153195200889,0.130538,0.4121887683868408,8
chessBig_tx,4,50,5,10,0.037305851422399,0.142214,0.4121887683868408,9
chessBig_tx,4,50,5,10,0.0369688247844613,0.145901,0.4121887683868408,10
chessBig_tx,4,50,5,10,0.0369688247844613,0.140825,0.4121887683868408,median
chessBig_tx,8,50,5,10,0.089807475856232,0.147518,0.4121887683868408,1
chessBig_tx,8,50,5,10,0.0720732224101939,0.149527,0.4121887683868408,2
chessBig_tx,8,50,5,10,0.0897468158052592,0.148691,0.4121887683868408,3
chessBig_tx,8,50,5,10,0.071964631640714,0.160266,0.4121887683868408,4
chessBig_tx,8,50,5,10,0.0632152683132366,0.15055,0.4121887683868408,5
chessBig_tx,8,50,5,10,0.0602256196730983,0.146025,0.4121887683868408,6
chessBig_tx,8,50,5,10,0.0719036243890135,0.161949,0.4121887683868408,7
chessBig_tx,8,50,5,10,0.0640413474136169,0.146923,0.4121887683868408,8
chessBig_tx,8,50,5,10,0.0613191743093573,0.14788,0.4121887683868408,9
chessBig_tx,8,50,5,10,0.0542881888456664,0.156513,0.4121887683868408,10
chessBig_tx,8,50,5,10,0.0719036243890135,0.161949,0.4121887683868408,median
chessBig_tx,10,50,5,10,0.0749152992491246,0.15287,0.4121887683868408,1
chessBig_tx,10,50,5,10,0.0756059984125571,0.176844,0.4121887683868408,2
chessBig_tx,10,50,5,10,0.0908355876086885,0.148717,0.4121887683868408,3
chessBig_tx,10,50,5,10,0.0771306835649268,0.156685,0.4121887683868408,4
chessBig_tx,10,50,5,10,0.0762842299195529,0.161816,0.4121887683868408,5
chessBig_tx,10,50,5,10,0.0589315982202243,0.159068,0.4121887683868408,6
chessBig_tx,10,50,5,10,0.0776722576737713,0.176946,0.4121887683868408,7
chessBig_tx,10,50,5,10,0.0772131061398226,0.175088,0.4121887683868408,8
chessBig_tx,10,50,5,10,0.065461940997262,0.159351,0.4121887683868408,9
chessBig_tx,10,50,5,10,0.0660959039274707,0.159543,0.4121887683868408,10
chessBig_tx,10,50,5,10,0.0756059984125571,0.176844,0.4121887683868408,median
chessBig_tx,16,50,5,10,0.1109222109693864,0.176928,0.4121887683868408,1
chessBig_tx,16,50,5,10,0.1054952687151388,0.17686,0.4121887683868408,2
chessBig_tx,16,50,5,10,0.1057806163556888,0.160861,0.4121887683868408,3
chessBig_tx,16,50,5,10,0.1009037967524126,0.167118,0.4121887683868408,4
chessBig_tx,16,50,5,10,0.1054947872320926,0.184549,0.4121887683868408,5
chessBig_tx,16,50,5,10,0.1053756650025518,0.162579,0.4121887683868408,6
chessBig_tx,16,50,5,10,0.10747519818705,0.191082,0.4121887683868408,7
chessBig_tx,16,50,5,10,0.102020819493886,0.165321,0.4121887683868408,8
chessBig_tx,16,50,5,10,0.1059834989200811,0.18804,0.4121887683868408,9
chessBig_tx,16,50,5,10,0.097805013331182,0.170653,0.4121887683868408,10
chessBig_tx,16,50,5,10,0.1054952687151388,0.17686,0.4121887683868408,median
chessBig_tx,20,50,5,10,0.1150756029518542,0.179762,0.4121887683868408,1
chessBig_tx,20,50,5,10,0.1146000192251379,0.172855,0.4121887683868408,2
chessBig_tx,20,50,5,10,0.1156758212712013,0.167851,0.4121887683868408,3
chessBig_tx,20,50,5,10,0.1186264404689758,0.219821,0.4121887683868408,4
chessBig_tx,20,50,5,10,0.1193453618306462,0.175658,0.4121887683868408,5
chessBig_tx,20,50,5,10,0.1065062100236845,0.161856,0.4121887683868408,6
chessBig_tx,20,50,5,10,0.110725230948638,0.20549,0.4121887683868408,7
chessBig_tx,20,50,5,10,0.1144856619809992,0.182997,0.4121887683868408,8
chessBig_tx,20,50,5,10,0.1153540716931301,0.186888,0.4121887683868408,9
chessBig_tx,20,50,5,10,0.1066102985226722,0.206951,0.4121887683868408,10
chessBig_tx,20,50,5,10,0.1150756029518542,0.179762,0.4121887683868408,median
chessBig_tx,50,50,5,10,0.134015272405976,0.240237,0.4121887683868408,1
chessBig_tx,50,50,5,10,0.134814216350637,0.234022,0.4121887683868408,2
chessBig_tx,50,50,5,10,0.1336431948082163,0.281769,0.4121887683868408,3
chessBig_tx,50,50,5,10,0.1342011119346897,0.247998,0.4121887683868408,4
chessBig_tx,50,50,5,10,0.1352751580558813,0.252206,0.4121887683868408,5
chessBig_tx,50,50,5,10,0.133930078764759,0.254469,0.4121887683868408,6
chessBig_tx,50,50,5,10,0.1362135627327156,0.239966,0.4121887683868408,7
chessBig_tx,50,50,5,10,0.1317809057162088,0.219568,0.4121887683868408,8
chessBig_tx,50,50,5,10,0.1322449077084162,0.23826,0.4121887683868408,9
chessBig_tx,50,50,5,10,0.1354181618600581,0.265013,0.4121887683868408,10
chessBig_tx,50,50,5,10,0.1342011119346897,0.247998,0.4121887683868408,median
chessBig_tx,100,50,5,10,0.1408729611490735,0.394318,0.4121887683868408,1
chessBig_tx,100,50,5,10,0.1386620436344044,0.387132,0.4121887683868408,2
chessBig_tx,100,50,5,10,0.1398512844825596,0.36621,0.4121887683868408,3
chessBig_tx,100,50,5,10,0.140364123042682,0.380785,0.4121887683868408,4
chessBig_tx,100,50,5,10,0.1403897050139141,0.367404,0.4121887683868408,5
chessBig_tx,100,50,5,10,0.1393212597254337,0.38343,0.4121887683868408,6
chessBig_tx,100,50,5,10,0.1387638642568061,0.365228,0.4121887683868408,7
chessBig_tx,100,50,5,10,0.1392591614881582,0.390389,0.4121887683868408,8
chessBig_tx,100,50,5,10,0.1400719606852854,0.409698,0.4121887683868408,9
chessBig_tx,100,50,5,10,0.1383201701059999,0.397922,0.4121887683868408,10
chessBig_tx,100,50,5,10,0.1393212597254337,0.38343,0.4121887683868408,median
chessBig_tx,2,50,5,20,0.0179017479237047,0.112143,0.9038467407226562,1
chessBig_tx,2,50,5,20,0.0069510154731122,0.103367,0.9038467407226562,2
chessBig_tx,2,50,5,20,0.0179161369970686,0.120073,0.9038467407226562,3
chessBig_tx,2,50,5,20,0.0179508439215983,0.121143,0.9038467407226562,4
chessBig_tx,2,50,5,20,0.0179508439215983,0.124488,0.9038467407226562,5
chessBig_tx,2,50,5,20,0.0179161369970686,0.120994,0.9038467407226562,6
chessBig_tx,2,50,5,20,0.0179508439215983,0.128998,0.9038467407226562,7
chessBig_tx,2,50,5,20,0.0069510154731121,0.12625,0.9038467407226562,8
chessBig_tx,2,50,5,20,0.0179508439215983,0.123935,0.9038467407226562,9
chessBig_tx,2,50,5,20,0.0179653018196572,0.124328,0.9038467407226562,10
chessBig_tx,2,50,5,20,0.0179161369970686,0.120073,0.9038467407226562,median
chessBig_tx,4,50,5,20,0.0444021924343961,0.157321,0.9038467407226562,1
chessBig_tx,4,50,5,20,0.0265269349772689,0.155876,0.9038467407226562,2
chessBig_tx,4,50,5,20,0.0265269349772689,0.126338,0.9038467407226562,3
chessBig_tx,4,50,5,20,0.0265269349772689,0.128067,0.9038467407226562,4
chessBig_tx,4,50,5,20,0.0444021924343961,0.16126,0.9038467407226562,5
chessBig_tx,4,50,5,20,0.0444021924343961,0.189191,0.9038467407226562,6
chessBig_tx,4,50,5,20,0.0444021924343961,0.154159,0.9038467407226562,7
chessBig_tx,4,50,5,20,0.0444021924343961,0.147361,0.9038467407226562,8
chessBig_tx,4,50,5,20,0.0265269349772689,0.130549,0.9038467407226562,9
chessBig_tx,4,50,5,20,0.0444021924343961,0.159056,0.9038467407226562,10
chessBig_tx,4,50,5,20,0.0444021924343961,0.157321,0.9038467407226562,median
chessBig_tx,8,50,5,20,0.0698152373781588,0.149345,0.9038467407226562,1
chessBig_tx,8,50,5,20,0.0698152373781588,0.149854,0.9038467407226562,2
chessBig_tx,8,50,5,20,0.0754209826859288,0.151849,0.9038467407226562,3
chessBig_tx,8,50,5,20,0.0741268302790748,0.151225,0.9038467407226562,4
chessBig_tx,8,50,5,20,0.0691196121770535,0.140334,0.9038467407226562,5
chessBig_tx,8,50,5,20,0.0754490613553566,0.14556,0.9038467407226562,6
chessBig_tx,8,50,5,20,0.0686552446619091,0.159973,0.9038467407226562,7
chessBig_tx,8,50,5,20,0.0630432711132016,0.18974,0.9038467407226562,8
chessBig_tx,8,50,5,20,0.0755695519345027,0.168786,0.9038467407226562,9
chessBig_tx,8,50,5,20,0.0754737446440653,0.143108,0.9038467407226562,10
chessBig_tx,8,50,5,20,0.0698152373781588,0.149345,0.9038467407226562,median
chessBig_tx,10,50,5,20,0.0807473344621064,0.156324,0.9038467407226562,1
chessBig_tx,10,50,5,20,0.0825798601643035,0.165823,0.9038467407226562,2
chessBig_tx,10,50,5,20,0.0828727504195115,0.151065,0.9038467407226562,3
chessBig_tx,10,50,5,20,0.0814438096593822,0.168609,0.9038467407226562,4
chessBig_tx,10,50,5,20,0.0694220566485839,0.147211,0.9038467407226562,5
chessBig_tx,10,50,5,20,0.0804778930760281,0.148434,0.9038467407226562,6
chessBig_tx,10,50,5,20,0.0804778930760281,0.176576,0.9038467407226562,7
chessBig_tx,10,50,5,20,0.0716248422594926,0.172325,0.9038467407226562,8
chessBig_tx,10,50,5,20,0.075403740797236,0.183323,0.9038467407226562,9
chessBig_tx,10,50,5,20,0.0733661264646552,0.149617,0.9038467407226562,10
chessBig_tx,10,50,5,20,0.0804778930760281,0.176576,0.9038467407226562,median
chessBig_tx,16,50,5,20,0.113092811535983,0.160955,0.9038467407226562,1
chessBig_tx,16,50,5,20,0.0908323211254992,0.160131,0.9038467407226562,2
chessBig_tx,16,50,5,20,0.0927676529307569,0.176349,0.9038467407226562,3
chessBig_tx,16,50,5,20,0.1050090307939398,0.170872,0.9038467407226562,4
chessBig_tx,16,50,5,20,0.1063306911472946,0.162042,0.9038467407226562,5
chessBig_tx,16,50,5,20,0.093847157157779,0.176152,0.9038467407226562,6
chessBig_tx,16,50,5,20,0.1032644347781157,0.178787,0.9038467407226562,7
chessBig_tx,16,50,5,20,0.1067920010297637,0.156145,0.9038467407226562,8
chessBig_tx,16,50,5,20,0.107754519576689,0.156835,0.9038467407226562,9
chessBig_tx,16,50,5,20,0.1012904103184814,0.193741,0.9038467407226562,10
chessBig_tx,16,50,5,20,0.1050090307939398,0.170872,0.9038467407226562,median
chessBig_tx,20,50,5,20,0.1158462375468983,0.185343,0.9038467407226562,1
chessBig_tx,20,50,5,20,0.1130145704541983,0.178186,0.9038467407226562,2
chessBig_tx,20,50,5,20,0.1134821927052987,0.162652,0.9038467407226562,3
chessBig_tx,20,50,5,20,0.1163153892824909,0.166216,0.9038467407226562,4
chessBig_tx,20,50,5,20,0.1137045429182694,0.175964,0.9038467407226562,5
chessBig_tx,20,50,5,20,0.1127577560155992,0.186569,0.9038467407226562,6
chessBig_tx,20,50,5,20,0.1072036108623147,0.180833,0.9038467407226562,7
chessBig_tx,20,50,5,20,0.1162525135448316,0.166856,0.9038467407226562,8
chessBig_tx,20,50,5,20,0.1181852925225828,0.17368,0.9038467407226562,9
chessBig_tx,20,50,5,20,0.1048595812990977,0.167851,0.9038467407226562,10
chessBig_tx,20,50,5,20,0.1137045429182694,0.175964,0.9038467407226562,median
chessBig_tx,50,50,5,20,0.1356056470281902,0.219009,0.9038467407226562,1
chessBig_tx,50,50,5,20,0.1361287083427891,0.264611,0.9038467407226562,2
chessBig_tx,50,50,5,20,0.1328908770532023,0.230493,0.9038467407226562,3
chessBig_tx,50,50,5,20,0.1337552099901992,0.215747,0.9038467407226562,4
chessBig_tx,50,50,5,20,0.1357465999974701,0.250252,0.9038467407226562,5
chessBig_tx,50,50,5,20,0.1357538639670171,0.22837,0.9038467407226562,6
chessBig_tx,50,50,5,20,0.135254129554936,0.231255,0.9038467407226562,7
chessBig_tx,50,50,5,20,0.1358784095159661,0.230875,0.9038467407226562,8
chessBig_tx,50,50,5,20,0.136268345144389,0.220355,0.9038467407226562,9
chessBig_tx,50,50,5,20,0.1374202251010531,0.240658,0.9038467407226562,10
chessBig_tx,50,50,5,20,0.1357465999974701,0.250252,0.9038467407226562,median
chessBig_tx,100,50,5,20,0.1399408500910813,0.344463,0.9038467407226562,1
chessBig_tx,100,50,5,20,0.1391103799069519,0.355178,0.9038467407226562,2
chessBig_tx,100,50,5,20,0.138783684680526,0.376788,0.9038467407226562,3
chessBig_tx,100,50,5,20,0.1399333434926254,0.377564,0.9038467407226562,4
chessBig_tx,100,50,5,20,0.1387233270668316,0.403281,0.9038467407226562,5
chessBig_tx,100,50,5,20,0.1383981560329603,0.362709,0.9038467407226562,6
chessBig_tx,100,50,5,20,0.1400004932401376,0.394587,0.9038467407226562,7
chessBig_tx,100,50,5,20,0.1394462871408859,0.384252,0.9038467407226562,8
chessBig_tx,100,50,5,20,0.137702362808654,0.353895,0.9038467407226562,9
chessBig_tx,100,50,5,20,0.1396144117805781,0.383295,0.9038467407226562,10
chessBig_tx,100,50,5,20,0.1394462871408859,0.384252,0.9038467407226562,median
chessBig_tx,2,100,5,5,0.0165759298982096,0.137325,0.2169234752655029,1
chessBig_tx,2,100,5,5,0.0069510154731122,0.083142,0.2169234752655029,2
chessBig_tx,2,100,5,5,0.0165759298982096,0.132957,0.2169234752655029,3
chessBig_tx,2,100,5,5,0.0069510154731121,0.113474,0.2169234752655029,4
chessBig_tx,2,100,5,5,0.0165528504728031,0.159707,0.2169234752655029,5
chessBig_tx,2,100,5,5,0.0165528504728031,0.139438,0.2169234752655029,6
chessBig_tx,2,100,5,5,0.0165787162071728,0.136498,0.2169234752655029,7
chessBig_tx,2,100,5,5,0.0165787162071728,0.141913,0.2169234752655029,8
chessBig_tx,2,100,5,5,0.0166105823779201,0.149799,0.2169234752655029,9
chessBig_tx,2,100,5,5,0.0165759298982096,0.147141,0.2169234752655029,10
chessBig_tx,2,100,5,5,0.0165759298982096,0.137325,0.2169234752655029,median
chessBig_tx,4,100,5,5,0.0256843517384941,0.14051,0.2169234752655029,1
chessBig_tx,4,100,5,5,0.0256376871611875,0.163538,0.2169234752655029,2
chessBig_tx,4,100,5,5,0.0325221133821307,0.147563,0.2169234752655029,3
chessBig_tx,4,100,5,5,0.0323910827635829,0.169908,0.2169234752655029,4
chessBig_tx,4,100,5,5,0.0495995212268314,0.155856,0.2169234752655029,5
chessBig_tx,4,100,5,5,0.0323910827635829,0.160179,0.2169234752655029,6
chessBig_tx,4,100,5,5,0.0256843517384941,0.14406,0.2169234752655029,7
chessBig_tx,4,100,5,5,0.0323910827635829,0.160829,0.2169234752655029,8
chessBig_tx,4,100,5,5,0.0256843517384941,0.144933,0.2169234752655029,9
chessBig_tx,4,100,5,5,0.0323910827635829,0.152492,0.2169234752655029,10
chessBig_tx,4,100,5,5,0.0323910827635829,0.169908,0.2169234752655029,median
chessBig_tx,8,100,5,5,0.0844672648176267,0.183174,0.2169234752655029,1
chessBig_tx,8,100,5,5,0.0791361915402888,0.174486,0.2169234752655029,2
chessBig_tx,8,100,5,5,0.097003572330791,0.1753,0.2169234752655029,3
chessBig_tx,8,100,5,5,0.0831192721822852,0.160007,0.2169234752655029,4
chessBig_tx,8,100,5,5,0.0780283898950391,0.193903,0.2169234752655029,5
chessBig_tx,8,100,5,5,0.0776961609127875,0.158958,0.2169234752655029,6
chessBig_tx,8,100,5,5,0.0776961609127875,0.191049,0.2169234752655029,7
chessBig_tx,8,100,5,5,0.0917934555895489,0.16653,0.2169234752655029,8
chessBig_tx,8,100,5,5,0.0788114738786071,0.181811,0.2169234752655029,9
chessBig_tx,8,100,5,5,0.0799369819955535,0.174983,0.2169234752655029,10
chessBig_tx,8,100,5,5,0.0791361915402888,0.174486,0.2169234752655029,median
chessBig_tx,10,100,5,5,0.1033602165563565,0.165136,0.2169234752655029,1
chessBig_tx,10,100,5,5,0.1034451073540387,0.168936,0.2169234752655029,2
chessBig_tx,10,100,5,5,0.096737755441812,0.202182,0.2169234752655029,3
chessBig_tx,10,100,5,5,0.0780664527841095,0.162949,0.2169234752655029,4
chessBig_tx,10,100,5,5,0.1047483686904216,0.193079,0.2169234752655029,5
chessBig_tx,10,100,5,5,0.1070079186072248,0.191334,0.2169234752655029,6
chessBig_tx,10,100,5,5,0.098797272687424,0.18358,0.2169234752655029,7
chessBig_tx,10,100,5,5,0.1011697148852363,0.173375,0.2169234752655029,8
chessBig_tx,10,100,5,5,0.1034123871405255,0.178853,0.2169234752655029,9
chessBig_tx,10,100,5,5,0.0978411478061859,0.185657,0.2169234752655029,10
chessBig_tx,10,100,5,5,0.1033602165563565,0.165136,0.2169234752655029,median
chessBig_tx,16,100,5,5,0.1146796307707831,0.197809,0.2169234752655029,1
chessBig_tx,16,100,5,5,0.1102217893699223,0.222449,0.2169234752655029,2
chessBig_tx,16,100,5,5,0.1141062360391623,0.218068,0.2169234752655029,3
chessBig_tx,16,100,5,5,0.1078102034067786,0.187692,0.2169234752655029,4
chessBig_tx,16,100,5,5,0.1112594409533622,0.2249,0.2169234752655029,5
chessBig_tx,16,100,5,5,0.1187784545205191,0.214856,0.2169234752655029,6
chessBig_tx,16,100,5,5,0.1172717528762577,0.233077,0.2169234752655029,7
chessBig_tx,16,100,5,5,0.1098070090343906,0.203636,0.2169234752655029,8
chessBig_tx,16,100,5,5,0.1201294875238981,0.202123,0.2169234752655029,9
chessBig_tx,16,100,5,5,0.1184006927241979,0.208408,0.2169234752655029,10
chessBig_tx,16,100,5,5,0.1146796307707831,0.197809,0.2169234752655029,median
chessBig_tx,20,100,5,5,0.121224608458574,0.239309,0.2169234752655029,1
chessBig_tx,20,100,5,5,0.1250382962076635,0.222389,0.2169234752655029,2
chessBig_tx,20,100,5,5,0.1198271673038792,0.212882,0.2169234752655029,3
chessBig_tx,20,100,5,5,0.121104253945385,0.189382,0.2169234752655029,4
chessBig_tx,20,100,5,5,0.1229407147704438,0.208554,0.2169234752655029,5
chessBig_tx,20,100,5,5,0.1205242770651634,0.218424,0.2169234752655029,6
chessBig_tx,20,100,5,5,0.118414052003163,0.216312,0.2169234752655029,7
chessBig_tx,20,100,5,5,0.1230362043368631,0.228125,0.2169234752655029,8
chessBig_tx,20,100,5,5,0.1230512027172736,0.275047,0.2169234752655029,9
chessBig_tx,20,100,5,5,0.1191146768428949,0.206127,0.2169234752655029,10
chessBig_tx,20,100,5,5,0.121104253945385,0.189382,0.2169234752655029,median
chessBig_tx,50,100,5,5,0.1362037838414067,0.327222,0.2169234752655029,1
chessBig_tx,50,100,5,5,0.1346642840647003,0.305422,0.2169234752655029,2
chessBig_tx,50,100,5,5,0.1362420008274933,0.354958,0.2169234752655029,3
chessBig_tx,50,100,5,5,0.1331288607243023,0.335665,0.2169234752655029,4
chessBig_tx,50,100,5,5,0.1333025650090464,0.33332,0.2169234752655029,5
chessBig_tx,50,100,5,5,0.1355359895351293,0.331986,0.2169234752655029,6
chessBig_tx,50,100,5,5,0.1385426439091565,0.347848,0.2169234752655029,7
chessBig_tx,50,100,5,5,0.1336227113173068,0.423647,0.2169234752655029,8
chessBig_tx,50,100,5,5,0.1331793815693814,0.327502,0.2169234752655029,9
chessBig_tx,50,100,5,5,0.1305612503598447,0.37814,0.2169234752655029,10
chessBig_tx,50,100,5,5,0.1346642840647003,0.305422,0.2169234752655029,median
chessBig_tx,100,100,5,5,0.1413193968307459,0.596365,0.2169234752655029,1
chessBig_tx,100,100,5,5,0.1375558492364554,0.532472,0.2169234752655029,2
chessBig_tx,100,100,5,5,0.1391609974582636,0.624349,0.2169234752655029,3
chessBig_tx,100,100,5,5,0.1400371509041052,0.598026,0.2169234752655029,4
chessBig_tx,100,100,5,5,0.1400287124647514,0.592938,0.2169234752655029,5
chessBig_tx,100,100,5,5,0.138764241311183,0.598686,0.2169234752655029,6
chessBig_tx,100,100,5,5,0.1393123008049045,0.552911,0.2169234752655029,7
chessBig_tx,100,100,5,5,0.1382287081523399,0.658851,0.2169234752655029,8
chessBig_tx,100,100,5,5,0.1389042377104568,0.646589,0.2169234752655029,9
chessBig_tx,100,100,5,5,0.138492038565287,0.561952,0.2169234752655029,10
chessBig_tx,100,100,5,5,0.1391609974582636,0.624349,0.2169234752655029,median
chessBig_tx,2,100,5,10,0.0069510154731122,0.100238,0.42132568359375,1
chessBig_tx,2,100,5,10,0.017954731055348,0.135705,0.42132568359375,2
chessBig_tx,2,100,5,10,0.0178881049451206,0.135539,0.42132568359375,3
chessBig_tx,2,100,5,10,0.0178881049451206,0.15778,0.42132568359375,4
chessBig_tx,2,100,5,10,0.017954731055348,0.130862,0.42132568359375,5
chessBig_tx,2,100,5,10,0.0069510154731122,0.132175,0.42132568359375,6
chessBig_tx,2,100,5,10,0.0069510154731121,0.089205,0.42132568359375,7
chessBig_tx,2,100,5,10,0.017954731055348,0.141963,0.42132568359375,8
chessBig_tx,2,100,5,10,0.0179657765798689,0.144229,0.42132568359375,9
chessBig_tx,2,100,5,10,0.017954731055348,0.149033,0.42132568359375,10
chessBig_tx,2,100,5,10,0.017954731055348,0.135705,0.42132568359375,median
chessBig_tx,4,100,5,10,0.0428894827603408,0.153028,0.42132568359375,1
chessBig_tx,4,100,5,10,0.0329154231468366,0.142582,0.42132568359375,2
chessBig_tx,4,100,5,10,0.0269258608795773,0.135651,0.42132568359375,3
chessBig_tx,4,100,5,10,0.0428894827603408,0.163898,0.42132568359375,4
chessBig_tx,4,100,5,10,0.0428894827603408,0.178594,0.42132568359375,5
chessBig_tx,4,100,5,10,0.0429710552275459,0.175762,0.42132568359375,6
chessBig_tx,4,100,5,10,0.0429710552275459,0.167119,0.42132568359375,7
chessBig_tx,4,100,5,10,0.0429710552275459,0.151024,0.42132568359375,8
chessBig_tx,4,100,5,10,0.0428894827603408,0.153822,0.42132568359375,9
chessBig_tx,4,100,5,10,0.0269258608795773,0.138006,0.42132568359375,10
chessBig_tx,4,100,5,10,0.0428894827603408,0.163898,0.42132568359375,median
chessBig_tx,8,100,5,10,0.0661388504016822,0.196203,0.42132568359375,1
chessBig_tx,8,100,5,10,0.0683482754958489,0.186023,0.42132568359375,2
chessBig_tx,8,100,5,10,0.0693565304790134,0.191815,0.42132568359375,3
chessBig_tx,8,100,5,10,0.0897908107389636,0.181704,0.42132568359375,4
chessBig_tx,8,100,5,10,0.0660864259254293,0.217583,0.42132568359375,5
chessBig_tx,8,100,5,10,0.0715399056380498,0.186157,0.42132568359375,6
chessBig_tx,8,100,5,10,0.0780160846935095,0.18134,0.42132568359375,7
chessBig_tx,8,100,5,10,0.070192905319474,0.182595,0.42132568359375,8
chessBig_tx,8,100,5,10,0.0660864259254294,0.174016,0.42132568359375,9
chessBig_tx,8,100,5,10,0.0730269124610237,0.178749,0.42132568359375,10
chessBig_tx,8,100,5,10,0.0693565304790134,0.191815,0.42132568359375,median
chessBig_tx,10,100,5,10,0.0994069801891287,0.169617,0.42132568359375,1
chessBig_tx,10,100,5,10,0.0747966663703372,0.184297,0.42132568359375,2
chessBig_tx,10,100,5,10,0.0821743883631099,0.192489,0.42132568359375,3
chessBig_tx,10,100,5,10,0.0679288223829159,0.165383,0.42132568359375,4
chessBig_tx,10,100,5,10,0.076261631278791,0.192593,0.42132568359375,5
chessBig_tx,10,100,5,10,0.0736074974127052,0.198796,0.42132568359375,6
chessBig_tx,10,100,5,10,0.0773949924273825,0.181432,0.42132568359375,7
chessBig_tx,10,100,5,10,0.0776409436403486,0.184023,0.42132568359375,8
chessBig_tx,10,100,5,10,0.0721698073866922,0.17517,0.42132568359375,9
chessBig_tx,10,100,5,10,0.0743266928608741,0.185237,0.42132568359375,10
chessBig_tx,10,100,5,10,0.076261631278791,0.192593,0.42132568359375,median
chessBig_tx,16,100,5,10,0.1034422160209535,0.229716,0.42132568359375,1
chessBig_tx,16,100,5,10,0.1044295598937702,0.19586,0.42132568359375,2
chessBig_tx,16,100,5,10,0.1063494191459474,0.181299,0.42132568359375,3
chessBig_tx,16,100,5,10,0.0986302178932251,0.197623,0.42132568359375,4
chessBig_tx,16,100,5,10,0.098466043698304,0.189528,0.42132568359375,5
chessBig_tx,16,100,5,10,0.0951214471343051,0.221367,0.42132568359375,6
chessBig_tx,16,100,5,10,0.1039708172459257,0.194837,0.42132568359375,7
chessBig_tx,16,100,5,10,0.1038380337689877,0.184064,0.42132568359375,8
chessBig_tx,16,100,5,10,0.1053636272685698,0.184438,0.42132568359375,9
chessBig_tx,16,100,5,10,0.1028160557890041,0.215246,0.42132568359375,10
chessBig_tx,16,100,5,10,0.1034422160209535,0.229716,0.42132568359375,median
chessBig_tx,20,100,5,10,0.1134099322119258,0.264254,0.42132568359375,1
chessBig_tx,20,100,5,10,0.1105922590335688,0.21519,0.42132568359375,2
chessBig_tx,20,100,5,10,0.1135992731181518,0.203954,0.42132568359375,3
chessBig_tx,20,100,5,10,0.1140035880059064,0.204822,0.42132568359375,4
chessBig_tx,20,100,5,10,0.1090655056637392,0.201245,0.42132568359375,5
chessBig_tx,20,100,5,10,0.1181532542242226,0.198071,0.42132568359375,6
chessBig_tx,20,100,5,10,0.1085788355530858,0.188433,0.42132568359375,7
chessBig_tx,20,100,5,10,0.0975545514864998,0.201958,0.42132568359375,8
chessBig_tx,20,100,5,10,0.1067041113457448,0.19069,0.42132568359375,9
chessBig_tx,20,100,5,10,0.1125551175558638,0.270114,0.42132568359375,10
chessBig_tx,20,100,5,10,0.1105922590335688,0.21519,0.42132568359375,median
chessBig_tx,50,100,5,10,0.1346835608702217,0.321418,0.42132568359375,1
chessBig_tx,50,100,5,10,0.1363883278076821,0.289226,0.42132568359375,2
chessBig_tx,50,100,5,10,0.1378317487897808,0.299076,0.42132568359375,3
chessBig_tx,50,100,5,10,0.1369506072844211,0.36679,0.42132568359375,4
chessBig_tx,50,100,5,10,0.1353412355877348,0.27658,0.42132568359375,5
chessBig_tx,50,100,5,10,0.1350622540430824,0.303024,0.42132568359375,6
chessBig_tx,50,100,5,10,0.1354888688871469,0.307479,0.42132568359375,7
chessBig_tx,50,100,5,10,0.1339995304087117,0.277166,0.42132568359375,8
chessBig_tx,50,100,5,10,0.1345050907644503,0.319325,0.42132568359375,9
chessBig_tx,50,100,5,10,0.130615506809601,0.323981,0.42132568359375,10
chessBig_tx,50,100,5,10,0.1353412355877348,0.27658,0.42132568359375,median
chessBig_tx,100,100,5,10,0.1376872969492316,0.525936,0.42132568359375,1
chessBig_tx,100,100,5,10,0.1394067761639432,0.485264,0.42132568359375,2
chessBig_tx,100,100,5,10,0.1389708262687209,0.536494,0.42132568359375,3
chessBig_tx,100,100,5,10,0.1391424610050538,0.538613,0.42132568359375,4
chessBig_tx,100,100,5,10,0.1394954361532668,0.539453,0.42132568359375,5
chessBig_tx,100,100,5,10,0.137277650278323,0.505461,0.42132568359375,6
chessBig_tx,100,100,5,10,0.1381080129384067,0.517762,0.42132568359375,7
chessBig_tx,100,100,5,10,0.1383477835302163,0.620991,0.42132568359375,8
chessBig_tx,100,100,5,10,0.1403760108329644,0.502489,0.42132568359375,9
chessBig_tx,100,100,5,10,0.1395908824944055,0.573547,0.42132568359375,10
chessBig_tx,100,100,5,10,0.1389708262687209,0.536494,0.42132568359375,median
chessBig_tx,2,100,5,20,0.0176402745647184,0.131798,0.9407172203063964,1
chessBig_tx,2,100,5,20,0.0176402745647184,0.13212,0.9407172203063964,2
chessBig_tx,2,100,5,20,0.0069510154731121,0.120985,0.9407172203063964,3
chessBig_tx,2,100,5,20,0.0069510154731121,0.133497,0.9407172203063964,4
chessBig_tx,2,100,5,20,0.0069510154731121,0.078071,0.9407172203063964,5
chessBig_tx,2,100,5,20,0.0176402745647184,0.150681,0.9407172203063964,6
chessBig_tx,2,100,5,20,0.0176402745647184,0.135318,0.9407172203063964,7
chessBig_tx,2,100,5,20,0.0176402745647184,0.181382,0.9407172203063964,8
chessBig_tx,2,100,5,20,0.0176402745647184,0.142805,0.9407172203063964,9
chessBig_tx,2,100,5,20,0.0176402745647184,0.148279,0.9407172203063964,10
chessBig_tx,2,100,5,20,0.0176402745647184,0.131798,0.9407172203063964,median
chessBig_tx,4,100,5,20,0.0405054922263034,0.171883,0.9407172203063964,1
chessBig_tx,4,100,5,20,0.0341093429939239,0.159242,0.9407172203063964,2
chessBig_tx,4,100,5,20,0.0322195932707223,0.156089,0.9407172203063964,3
chessBig_tx,4,100,5,20,0.0299203066406056,0.154673,0.9407172203063964,4
chessBig_tx,4,100,5,20,0.0341093429939239,0.162075,0.9407172203063964,5
chessBig_tx,4,100,5,20,0.0266940177911327,0.147551,0.9407172203063964,6
chessBig_tx,4,100,5,20,0.0299203066406056,0.164759,0.9407172203063964,7
chessBig_tx,4,100,5,20,0.0405339872686508,0.175156,0.9407172203063964,8
chessBig_tx,4,100,5,20,0.0299203066406056,0.178186,0.9407172203063964,9
chessBig_tx,4,100,5,20,0.0266940177911327,0.14234,0.9407172203063964,10
chessBig_tx,4,100,5,20,0.0299203066406056,0.154673,0.9407172203063964,median
chessBig_tx,8,100,5,20,0.0782949271460482,0.174984,0.9407172203063964,1
chessBig_tx,8,100,5,20,0.0860925847095809,0.17256,0.9407172203063964,2
chessBig_tx,8,100,5,20,0.0750041066658913,0.155169,0.9407172203063964,3
chessBig_tx,8,100,5,20,0.0646861734393451,0.153491,0.9407172203063964,4
chessBig_tx,8,100,5,20,0.0751732231115878,0.151544,0.9407172203063964,5
chessBig_tx,8,100,5,20,0.0679604446683495,0.165253,0.9407172203063964,6
chessBig_tx,8,100,5,20,0.0683102065274173,0.214284,0.9407172203063964,7
chessBig_tx,8,100,5,20,0.0861076248605748,0.175865,0.9407172203063964,8
chessBig_tx,8,100,5,20,0.0684667225585914,0.159615,0.9407172203063964,9
chessBig_tx,8,100,5,20,0.0748979760588649,0.168384,0.9407172203063964,10
chessBig_tx,8,100,5,20,0.0750041066658913,0.155169,0.9407172203063964,median
chessBig_tx,10,100,5,20,0.0769512084996376,0.19463,0.9407172203063964,1
chessBig_tx,10,100,5,20,0.0838714159756278,0.169806,0.9407172203063964,2
chessBig_tx,10,100,5,20,0.0850020860143197,0.19418,0.9407172203063964,3
chessBig_tx,10,100,5,20,0.0782396767709595,0.169397,0.9407172203063964,4
chessBig_tx,10,100,5,20,0.0850984779883981,0.235296,0.9407172203063964,5
chessBig_tx,10,100,5,20,0.0849076152681099,0.174186,0.9407172203063964,6
chessBig_tx,10,100,5,20,0.0853085958323149,0.185853,0.9407172203063964,7
chessBig_tx,10,100,5,20,0.0752608914370338,0.227696,0.9407172203063964,8
chessBig_tx,10,100,5,20,0.0683218188773937,0.167373,0.9407172203063964,9
chessBig_tx,10,100,5,20,0.085124131594117,0.290126,0.9407172203063964,10
chessBig_tx,10,100,5,20,0.0849076152681099,0.174186,0.9407172203063964,median
chessBig_tx,16,100,5,20,0.1020594044795683,0.184432,0.9407172203063964,1
chessBig_tx,16,100,5,20,0.0973240757830491,0.194336,0.9407172203063964,2
chessBig_tx,16,100,5,20,0.0910493525977215,0.209366,0.9407172203063964,3
chessBig_tx,16,100,5,20,0.0912647851192265,0.250348,0.9407172203063964,4
chessBig_tx,16,100,5,20,0.0989837449487425,0.185027,0.9407172203063964,5
chessBig_tx,16,100,5,20,0.0919298540055779,0.221137,0.9407172203063964,6
chessBig_tx,16,100,5,20,0.0983134222802796,0.207465,0.9407172203063964,7
chessBig_tx,16,100,5,20,0.098046407762558,0.23918,0.9407172203063964,8
chessBig_tx,16,100,5,20,0.1054425955234232,0.22253,0.9407172203063964,9
chessBig_tx,16,100,5,20,0.0945446731578517,0.193812,0.9407172203063964,10
chessBig_tx,16,100,5,20,0.0973240757830491,0.194336,0.9407172203063964,median
chessBig_tx,20,100,5,20,0.1080493131272225,0.192763,0.9407172203063964,1
chessBig_tx,20,100,5,20,0.1006515515468048,0.248846,0.9407172203063964,2
chessBig_tx,20,100,5,20,0.1160382935023839,0.212722,0.9407172203063964,3
chessBig_tx,20,100,5,20,0.1044039160746916,0.23854,0.9407172203063964,4
chessBig_tx,20,100,5,20,0.0968205741503816,0.240704,0.9407172203063964,5
chessBig_tx,20,100,5,20,0.1020060122678278,0.21307,0.9407172203063964,6
chessBig_tx,20,100,5,20,0.0998439141268598,0.193309,0.9407172203063964,7
chessBig_tx,20,100,5,20,0.1107722465836114,0.257401,0.9407172203063964,8
chessBig_tx,20,100,5,20,0.1063210298940305,0.217028,0.9407172203063964,9
chessBig_tx,20,100,5,20,0.1036449077711134,0.238031,0.9407172203063964,10
chessBig_tx,20,100,5,20,0.1036449077711134,0.238031,0.9407172203063964,median
chessBig_tx,50,100,5,20,0.1356802141753259,0.389901,0.9407172203063964,1
chessBig_tx,50,100,5,20,0.1275301851427309,0.321105,0.9407172203063964,2
chessBig_tx,50,100,5,20,0.1326836670928109,0.281052,0.9407172203063964,3
chessBig_tx,50,100,5,20,0.1296216196369645,0.32202,0.9407172203063964,4
chessBig_tx,50,100,5,20,0.1258844226225069,0.317646,0.9407172203063964,5
chessBig_tx,50,100,5,20,0.1335637713730484,0.346987,0.9407172203063964,6
chessBig_tx,50,100,5,20,0.1313597060483507,0.328831,0.9407172203063964,7
chessBig_tx,50,100,5,20,0.1305514867498606,0.322783,0.9407172203063964,8
chessBig_tx,50,100,5,20,0.1329808243263155,0.280537,0.9407172203063964,9
chessBig_tx,50,100,5,20,0.1311285704050296,0.31332,0.9407172203063964,10
chessBig_tx,50,100,5,20,0.1313597060483507,0.328831,0.9407172203063964,median
chessBig_tx,100,100,5,20,0.1384558342823251,0.529596,0.9407172203063964,1
chessBig_tx,100,100,5,20,0.1383820280287412,0.488654,0.9407172203063964,2
chessBig_tx,100,100,5,20,0.1374797554243703,0.586918,0.9407172203063964,3
chessBig_tx,100,100,5,20,0.137566463898364,0.552912,0.9407172203063964,4
chessBig_tx,100,100,5,20,0.1381128177743373,0.516332,0.9407172203063964,5
chessBig_tx,100,100,5,20,0.1380654994650748,0.512688,0.9407172203063964,6
chessBig_tx,100,100,5,20,0.1378287079666661,0.508113,0.9407172203063964,7
chessBig_tx,100,100,5,20,0.1388744929738945,0.531236,0.9407172203063964,8
chessBig_tx,100,100,5,20,0.13724624862523,0.595486,0.9407172203063964,9
chessBig_tx,100,100,5,20,0.1369979238442487,0.503491,0.9407172203063964,10
chessBig_tx,100,100,5,20,0.1380654994650748,0.512688,0.9407172203063964,median
chessBig_tx,2,200,5,5,0.0164513641959418,0.141869,0.2284338474273681,1
chessBig_tx,2,200,5,5,0.0164513641959418,0.163094,0.2284338474273681,2
chessBig_tx,2,200,5,5,0.0158211135912486,0.137464,0.2284338474273681,3
chessBig_tx,2,200,5,5,0.0163592806719826,0.16762,0.2284338474273681,4
chessBig_tx,2,200,5,5,0.0069510154731121,0.165933,0.2284338474273681,5
chessBig_tx,2,200,5,5,0.0069510154731121,0.150111,0.2284338474273681,6
chessBig_tx,2,200,5,5,0.0069510154731121,0.165294,0.2284338474273681,7
chessBig_tx,2,200,5,5,0.0164513641959418,0.188692,0.2284338474273681,8
chessBig_tx,2,200,5,5,0.0069510154731121,0.173387,0.2284338474273681,9
chessBig_tx,2,200,5,5,0.0164513641959418,0.181633,0.2284338474273681,10
chessBig_tx,2,200,5,5,0.0158211135912486,0.137464,0.2284338474273681,median
chessBig_tx,4,200,5,5,0.0247578592419928,0.213382,0.2284338474273681,1
chessBig_tx,4,200,5,5,0.0247578592419928,0.19007,0.2284338474273681,2
chessBig_tx,4,200,5,5,0.0362799280780868,0.2071,0.2284338474273681,3
chessBig_tx,4,200,5,5,0.0247578592419928,0.187554,0.2284338474273681,4
chessBig_tx,4,200,5,5,0.0247578592419928,0.187346,0.2284338474273681,5
chessBig_tx,4,200,5,5,0.0247578592419928,0.193057,0.2284338474273681,6
chessBig_tx,4,200,5,5,0.0355825421417562,0.217957,0.2284338474273681,7
chessBig_tx,4,200,5,5,0.0247578592419928,0.185418,0.2284338474273681,8
chessBig_tx,4,200,5,5,0.0362799280780868,0.208193,0.2284338474273681,9
chessBig_tx,4,200,5,5,0.0247578592419928,0.186192,0.2284338474273681,10
chessBig_tx,4,200,5,5,0.0247578592419928,0.187554,0.2284338474273681,median
chessBig_tx,8,200,5,5,0.0865678551969763,0.230195,0.2284338474273681,1
chessBig_tx,8,200,5,5,0.0580460023215518,0.236436,0.2284338474273681,2
chessBig_tx,8,200,5,5,0.061396033212574,0.278593,0.2284338474273681,3
chessBig_tx,8,200,5,5,0.077187098286317,0.241511,0.2284338474273681,4
chessBig_tx,8,200,5,5,0.0607280717739663,0.249392,0.2284338474273681,5
chessBig_tx,8,200,5,5,0.061396033212574,0.283468,0.2284338474273681,6
chessBig_tx,8,200,5,5,0.0614976360349192,0.231417,0.2284338474273681,7
chessBig_tx,8,200,5,5,0.0830913871423362,0.218944,0.2284338474273681,8
chessBig_tx,8,200,5,5,0.0692922125349566,0.258419,0.2284338474273681,9
chessBig_tx,8,200,5,5,0.0738257034478265,0.269295,0.2284338474273681,10
chessBig_tx,8,200,5,5,0.0692922125349566,0.258419,0.2284338474273681,median
chessBig_tx,10,200,5,5,0.0798385854186159,0.287263,0.2284338474273681,1
chessBig_tx,10,200,5,5,0.0843387270540008,0.322744,0.2284338474273681,2
chessBig_tx,10,200,5,5,0.0898468791383084,0.248754,0.2284338474273681,3
chessBig_tx,10,200,5,5,0.1027487345757712,0.285036,0.2284338474273681,4
chessBig_tx,10,200,5,5,0.0951505986911714,0.219592,0.2284338474273681,5
chessBig_tx,10,200,5,5,0.1004830761312539,0.236183,0.2284338474273681,6
chessBig_tx,10,200,5,5,0.1025613998084649,0.352531,0.2284338474273681,7
chessBig_tx,10,200,5,5,0.0884693083739802,0.333069,0.2284338474273681,8
chessBig_tx,10,200,5,5,0.1034113248436987,0.267293,0.2284338474273681,9
chessBig_tx,10,200,5,5,0.077720993181251,0.238729,0.2284338474273681,10
chessBig_tx,10,200,5,5,0.0898468791383084,0.248754,0.2284338474273681,median
chessBig_tx,16,200,5,5,0.1069000614712649,0.263016,0.2284338474273681,1
chessBig_tx,16,200,5,5,0.1097439151593872,0.303566,0.2284338474273681,2
chessBig_tx,16,200,5,5,0.1134847476061539,0.268394,0.2284338474273681,3
chessBig_tx,16,200,5,5,0.1217946866593012,0.272216,0.2284338474273681,4
chessBig_tx,16,200,5,5,0.1159383103599395,0.283579,0.2284338474273681,5
chessBig_tx,16,200,5,5,0.1175573942144737,0.349946,0.2284338474273681,6
chessBig_tx,16,200,5,5,0.1131066556182734,0.268211,0.2284338474273681,7
chessBig_tx,16,200,5,5,0.1014191434714026,0.265131,0.2284338474273681,8
chessBig_tx,16,200,5,5,0.1123856092485202,0.287716,0.2284338474273681,9
chessBig_tx,16,200,5,5,0.1137289783355262,0.257133,0.2284338474273681,10
chessBig_tx,16,200,5,5,0.1131066556182734,0.268211,0.2284338474273681,median
chessBig_tx,20,200,5,5,0.1219776060005114,0.359503,0.2284338474273681,1
chessBig_tx,20,200,5,5,0.1226967209626671,0.279011,0.2284338474273681,2
chessBig_tx,20,200,5,5,0.1143522457123632,0.372062,0.2284338474273681,3
chessBig_tx,20,200,5,5,0.1257262343430851,0.291367,0.2284338474273681,4
chessBig_tx,20,200,5,5,0.11563023435475,0.353307,0.2284338474273681,5
chessBig_tx,20,200,5,5,0.125719796693239,0.331676,0.2284338474273681,6
chessBig_tx,20,200,5,5,0.1152788182010119,0.322678,0.2284338474273681,7
chessBig_tx,20,200,5,5,0.1198378186241798,0.301757,0.2284338474273681,8
chessBig_tx,20,200,5,5,0.1320200820561531,0.299989,0.2284338474273681,9
chessBig_tx,20,200,5,5,0.1248431229528359,0.380835,0.2284338474273681,10
chessBig_tx,20,200,5,5,0.1226967209626671,0.279011,0.2284338474273681,median
chessBig_tx,50,200,5,5,0.1365097655356167,0.487657,0.2284338474273681,1
chessBig_tx,50,200,5,5,0.1371211767986798,0.560855,0.2284338474273681,2
chessBig_tx,50,200,5,5,0.1374794766927154,0.581789,0.2284338474273681,3
chessBig_tx,50,200,5,5,0.1331868272017961,0.563718,0.2284338474273681,4
chessBig_tx,50,200,5,5,0.1348698784007679,0.553237,0.2284338474273681,5
chessBig_tx,50,200,5,5,0.1380121773673316,0.686538,0.2284338474273681,6
chessBig_tx,50,200,5,5,0.1375518437988442,0.532707,0.2284338474273681,7
chessBig_tx,50,200,5,5,0.1371394902394055,0.525327,0.2284338474273681,8
chessBig_tx,50,200,5,5,0.1375448113387429,0.571431,0.2284338474273681,9
chessBig_tx,50,200,5,5,0.1400370476476906,0.563212,0.2284338474273681,10
chessBig_tx,50,200,5,5,0.1374794766927154,0.581789,0.2284338474273681,median
chessBig_tx,100,200,5,5,0.1378926689193196,1.069362,0.2284338474273681,1
chessBig_tx,100,200,5,5,0.1364709671272565,1.238453,0.2284338474273681,2
chessBig_tx,100,200,5,5,0.1401105939064113,1.072047,0.2284338474273681,3
chessBig_tx,100,200,5,5,0.1387491678818466,1.082138,0.2284338474273681,4
chessBig_tx,100,200,5,5,0.1404060476565808,1.074899,0.2284338474273681,5
chessBig_tx,100,200,5,5,0.1380919217248463,1.111377,0.2284338474273681,6
chessBig_tx,100,200,5,5,0.1381826010188404,1.061576,0.2284338474273681,7
chessBig_tx,100,200,5,5,0.1384735394444745,1.032392,0.2284338474273681,8
chessBig_tx,100,200,5,5,0.1398829491611351,1.118094,0.2284338474273681,9
chessBig_tx,100,200,5,5,0.1397293751422417,0.976125,0.2284338474273681,10
chessBig_tx,100,200,5,5,0.1384735394444745,1.032392,0.2284338474273681,median
chessBig_tx,2,200,5,10,0.0189020439164098,0.153686,0.4333691596984863,1
chessBig_tx,2,200,5,10,0.0189020439164098,0.167793,0.4333691596984863,2
chessBig_tx,2,200,5,10,0.0189020439164098,0.162618,0.4333691596984863,3
chessBig_tx,2,200,5,10,0.0189020439164098,0.184871,0.4333691596984863,4
chessBig_tx,2,200,5,10,0.0189112088851518,0.168847,0.4333691596984863,5
chessBig_tx,2,200,5,10,0.0069510154731121,0.172159,0.4333691596984863,6
chessBig_tx,2,200,5,10,0.0189020439164098,0.188548,0.4333691596984863,7
chessBig_tx,2,200,5,10,0.0069510154731121,0.17189,0.4333691596984863,8
chessBig_tx,2,200,5,10,0.0189020439164098,0.185423,0.4333691596984863,9
chessBig_tx,2,200,5,10,0.0189112088851518,0.189546,0.4333691596984863,10
chessBig_tx,2,200,5,10,0.0189020439164098,0.153686,0.4333691596984863,median
chessBig_tx,4,200,5,10,0.0424071395883282,0.217253,0.4333691596984863,1
chessBig_tx,4,200,5,10,0.0279781427986347,0.18282,0.4333691596984863,2
chessBig_tx,4,200,5,10,0.0279781427986347,0.205812,0.4333691596984863,3
chessBig_tx,4,200,5,10,0.0395464841918542,0.224069,0.4333691596984863,4
chessBig_tx,4,200,5,10,0.0279397093475533,0.18243,0.4333691596984863,5
chessBig_tx,4,200,5,10,0.0395464841918542,0.233298,0.4333691596984863,6
chessBig_tx,4,200,5,10,0.0424071395883282,0.220234,0.4333691596984863,7
chessBig_tx,4,200,5,10,0.0279781427986347,0.193386,0.4333691596984863,8
chessBig_tx,4,200,5,10,0.0279781427986347,0.186558,0.4333691596984863,9
chessBig_tx,4,200,5,10,0.0279397093475533,0.179324,0.4333691596984863,10
chessBig_tx,4,200,5,10,0.0279781427986347,0.205812,0.4333691596984863,median
chessBig_tx,8,200,5,10,0.0642082624517069,0.227305,0.4333691596984863,1
chessBig_tx,8,200,5,10,0.0640971501719179,0.254656,0.4333691596984863,2
chessBig_tx,8,200,5,10,0.0671759070858947,0.334292,0.4333691596984863,3
chessBig_tx,8,200,5,10,0.067029417007459,0.294028,0.4333691596984863,4
chessBig_tx,8,200,5,10,0.0627843761779525,0.283511,0.4333691596984863,5
chessBig_tx,8,200,5,10,0.0642082624517069,0.226405,0.4333691596984863,6
chessBig_tx,8,200,5,10,0.0670165852480599,0.239383,0.4333691596984863,7
chessBig_tx,8,200,5,10,0.065706875907115,0.262207,0.4333691596984863,8
chessBig_tx,8,200,5,10,0.0648705775075676,0.239733,0.4333691596984863,9
chessBig_tx,8,200,5,10,0.0641767682815573,0.321835,0.4333691596984863,10
chessBig_tx,8,200,5,10,0.0642082624517069,0.226405,0.4333691596984863,median
chessBig_tx,10,200,5,10,0.0775449428739964,0.243311,0.4333691596984863,1
chessBig_tx,10,200,5,10,0.0678389318922135,0.235383,0.4333691596984863,2
chessBig_tx,10,200,5,10,0.0750857655752896,0.30036,0.4333691596984863,3
chessBig_tx,10,200,5,10,0.0832313159445315,0.278756,0.4333691596984863,4
chessBig_tx,10,200,5,10,0.0712132460615313,0.247621,0.4333691596984863,5
chessBig_tx,10,200,5,10,0.0883866658640866,0.24727,0.4333691596984863,6
chessBig_tx,10,200,5,10,0.0807080333403175,0.252031,0.4333691596984863,7
chessBig_tx,10,200,5,10,0.0863957790325429,0.243513,0.4333691596984863,8
chessBig_tx,10,200,5,10,0.0669137899493724,0.235309,0.4333691596984863,9
chessBig_tx,10,200,5,10,0.0656350301796597,0.252866,0.4333691596984863,10
chessBig_tx,10,200,5,10,0.0775449428739964,0.243311,0.4333691596984863,median
chessBig_tx,16,200,5,10,0.1192664056236857,0.290669,0.4333691596984863,1
chessBig_tx,16,200,5,10,0.1040789378742328,0.248791,0.4333691596984863,2
chessBig_tx,16,200,5,10,0.0956025744483065,0.271525,0.4333691596984863,3
chessBig_tx,16,200,5,10,0.1050396033858571,0.256698,0.4333691596984863,4
chessBig_tx,16,200,5,10,0.1005609434761228,0.301154,0.4333691596984863,5
chessBig_tx,16,200,5,10,0.101106972543016,0.304286,0.4333691596984863,6
chessBig_tx,16,200,5,10,0.1036150628465667,0.297541,0.4333691596984863,7
chessBig_tx,16,200,5,10,0.095733559080236,0.284067,0.4333691596984863,8
chessBig_tx,16,200,5,10,0.0881995654894064,0.298884,0.4333691596984863,9
chessBig_tx,16,200,5,10,0.0990382886823171,0.323004,0.4333691596984863,10
chessBig_tx,16,200,5,10,0.1005609434761228,0.301154,0.4333691596984863,median
chessBig_tx,20,200,5,10,0.1145360641241574,0.31514,0.4333691596984863,1
chessBig_tx,20,200,5,10,0.1195896386303067,0.333103,0.4333691596984863,2
chessBig_tx,20,200,5,10,0.1200081257779646,0.290063,0.4333691596984863,3
chessBig_tx,20,200,5,10,0.1072572348915277,0.275544,0.4333691596984863,4
chessBig_tx,20,200,5,10,0.1129137612367439,0.306866,0.4333691596984863,5
chessBig_tx,20,200,5,10,0.1122767596634193,0.34918,0.4333691596984863,6
chessBig_tx,20,200,5,10,0.1133752664646689,0.340352,0.4333691596984863,7
chessBig_tx,20,200,5,10,0.1128777900467655,0.378203,0.4333691596984863,8
chessBig_tx,20,200,5,10,0.1229773202195765,0.311174,0.4333691596984863,9
chessBig_tx,20,200,5,10,0.1031201884646128,0.318857,0.4333691596984863,10
chessBig_tx,20,200,5,10,0.1129137612367439,0.306866,0.4333691596984863,median
chessBig_tx,50,200,5,10,0.1304744021061868,0.509625,0.4333691596984863,1
chessBig_tx,50,200,5,10,0.1323548583525154,0.584511,0.4333691596984863,2
chessBig_tx,50,200,5,10,0.1329475430153167,0.484791,0.4333691596984863,3
chessBig_tx,50,200,5,10,0.1329174533377481,0.513343,0.4333691596984863,4
chessBig_tx,50,200,5,10,0.1320112147975221,0.664378,0.4333691596984863,5
chessBig_tx,50,200,5,10,0.1329639520819978,0.504801,0.4333691596984863,6
chessBig_tx,50,200,5,10,0.1303393178217881,0.626385,0.4333691596984863,7
chessBig_tx,50,200,5,10,0.1310104061758233,0.575964,0.4333691596984863,8
chessBig_tx,50,200,5,10,0.1317585399026536,0.537682,0.4333691596984863,9
chessBig_tx,50,200,5,10,0.1329750514420186,0.526074,0.4333691596984863,10
chessBig_tx,50,200,5,10,0.1320112147975221,0.664378,0.4333691596984863,median
chessBig_tx,100,200,5,10,0.1379363902727974,0.932807,0.4333691596984863,1
chessBig_tx,100,200,5,10,0.1389271853385992,1.039909,0.4333691596984863,2
chessBig_tx,100,200,5,10,0.1377465422705452,1.008768,0.4333691596984863,3
chessBig_tx,100,200,5,10,0.1384762696478565,1.065424,0.4333691596984863,4
chessBig_tx,100,200,5,10,0.1379681687807181,0.904761,0.4333691596984863,5
chessBig_tx,100,200,5,10,0.1373994939273554,0.94315,0.4333691596984863,6
chessBig_tx,100,200,5,10,0.1379179395593278,1.005397,0.4333691596984863,7
chessBig_tx,100,200,5,10,0.1359621758091294,0.956898,0.4333691596984863,8
chessBig_tx,100,200,5,10,0.1361330224276722,0.989932,0.4333691596984863,9
chessBig_tx,100,200,5,10,0.1374125432986551,1.021387,0.4333691596984863,10
chessBig_tx,100,200,5,10,0.1377465422705452,1.008768,0.4333691596984863,median
chessBig_tx,2,200,5,20,0.0181955265649928,0.142701,0.9489123821258544,1
chessBig_tx,2,200,5,20,0.0069510154731122,0.161876,0.9489123821258544,2
chessBig_tx,2,200,5,20,0.0181955265649928,0.186413,0.9489123821258544,3
chessBig_tx,2,200,5,20,0.0181955265649928,0.192341,0.9489123821258544,4
chessBig_tx,2,200,5,20,0.0181955265649928,0.181199,0.9489123821258544,5
chessBig_tx,2,200,5,20,0.0181955265649928,0.175901,0.9489123821258544,6
chessBig_tx,2,200,5,20,0.0181955265649928,0.1899,0.9489123821258544,7
chessBig_tx,2,200,5,20,0.0069510154731122,0.127238,0.9489123821258544,8
chessBig_tx,2,200,5,20,0.0181955265649928,0.174578,0.9489123821258544,9
chessBig_tx,2,200,5,20,0.0181955265649928,0.175538,0.9489123821258544,10
chessBig_tx,2,200,5,20,0.0181955265649928,0.142701,0.9489123821258544,median
chessBig_tx,4,200,5,20,0.045433901177973,0.283419,0.9489123821258544,1
chessBig_tx,4,200,5,20,0.0265798191444608,0.205513,0.9489123821258544,2
chessBig_tx,4,200,5,20,0.0265798191444608,0.20561,0.9489123821258544,3
chessBig_tx,4,200,5,20,0.045433901177973,0.284705,0.9489123821258544,4
chessBig_tx,4,200,5,20,0.045433901177973,0.283438,0.9489123821258544,5
chessBig_tx,4,200,5,20,0.045433901177973,0.265756,0.9489123821258544,6
chessBig_tx,4,200,5,20,0.045433901177973,0.241974,0.9489123821258544,7
chessBig_tx,4,200,5,20,0.0265798191444608,0.191572,0.9489123821258544,8
chessBig_tx,4,200,5,20,0.045433901177973,0.235712,0.9489123821258544,9
chessBig_tx,4,200,5,20,0.0333248755260874,0.189244,0.9489123821258544,10
chessBig_tx,4,200,5,20,0.045433901177973,0.284705,0.9489123821258544,median
chessBig_tx,8,200,5,20,0.0628042421534847,0.308032,0.9489123821258544,1
chessBig_tx,8,200,5,20,0.0681952128058893,0.242603,0.9489123821258544,2
chessBig_tx,8,200,5,20,0.0613823273836226,0.284281,0.9489123821258544,3
chessBig_tx,8,200,5,20,0.0611930216149527,0.2844,0.9489123821258544,4
chessBig_tx,8,200,5,20,0.0721797530292676,0.232973,0.9489123821258544,5
chessBig_tx,8,200,5,20,0.0722164735316143,0.245113,0.9489123821258544,6
chessBig_tx,8,200,5,20,0.0721797530292676,0.22247,0.9489123821258544,7
chessBig_tx,8,200,5,20,0.0722164735316143,0.242015,0.9489123821258544,8
chessBig_tx,8,200,5,20,0.083761360387358,0.271763,0.9489123821258544,9
chessBig_tx,8,200,5,20,0.0631533765944179,0.29061,0.9489123821258544,10
chessBig_tx,8,200,5,20,0.0681952128058893,0.242603,0.9489123821258544,median
chessBig_tx,10,200,5,20,0.0878273867578513,0.238347,0.9489123821258544,1
chessBig_tx,10,200,5,20,0.0863591808165482,0.246017,0.9489123821258544,2
chessBig_tx,10,200,5,20,0.0795971861110969,0.292217,0.9489123821258544,3
chessBig_tx,10,200,5,20,0.0740705977633731,0.284248,0.9489123821258544,4
chessBig_tx,10,200,5,20,0.0795465159350802,0.324074,0.9489123821258544,5
chessBig_tx,10,200,5,20,0.0780723839565549,0.301572,0.9489123821258544,6
chessBig_tx,10,200,5,20,0.0761462892330599,0.267878,0.9489123821258544,7
chessBig_tx,10,200,5,20,0.0605154328427295,0.254149,0.9489123821258544,8
chessBig_tx,10,200,5,20,0.081245734497695,0.247539,0.9489123821258544,9
chessBig_tx,10,200,5,20,0.0745315341017225,0.24439,0.9489123821258544,10
chessBig_tx,10,200,5,20,0.0795465159350802,0.324074,0.9489123821258544,median
chessBig_tx,16,200,5,20,0.0959092431934698,0.475937,0.9489123821258544,1
chessBig_tx,16,200,5,20,0.1077135456610393,0.321854,0.9489123821258544,2
chessBig_tx,16,200,5,20,0.0947394707076635,0.338284,0.9489123821258544,3
chessBig_tx,16,200,5,20,0.1047953147874254,0.356683,0.9489123821258544,4
chessBig_tx,16,200,5,20,0.1075477150444572,0.267724,0.9489123821258544,5
chessBig_tx,16,200,5,20,0.0956172024994765,0.273386,0.9489123821258544,6
chessBig_tx,16,200,5,20,0.1022277900566218,0.298497,0.9489123821258544,7
chessBig_tx,16,200,5,20,0.0977639094865907,0.372993,0.9489123821258544,8
chessBig_tx,16,200,5,20,0.097922648962219,0.304423,0.9489123821258544,9
chessBig_tx,16,200,5,20,0.0996875667398667,0.274815,0.9489123821258544,10
chessBig_tx,16,200,5,20,0.0996875667398667,0.274815,0.9489123821258544,median
chessBig_tx,20,200,5,20,0.1198907392312391,0.302012,0.9489123821258544,1
chessBig_tx,20,200,5,20,0.1045903856418948,0.330245,0.9489123821258544,2
chessBig_tx,20,200,5,20,0.1180770555449424,0.365967,0.9489123821258544,3
chessBig_tx,20,200,5,20,0.1049433071185735,0.315889,0.9489123821258544,4
chessBig_tx,20,200,5,20,0.1009113083004204,0.325674,0.9489123821258544,5
chessBig_tx,20,200,5,20,0.1123178930371738,0.292233,0.9489123821258544,6
chessBig_tx,20,200,5,20,0.1073204801208397,0.348186,0.9489123821258544,7
chessBig_tx,20,200,5,20,0.0999087785266771,0.297756,0.9489123821258544,8
chessBig_tx,20,200,5,20,0.0993905919604506,0.322279,0.9489123821258544,9
chessBig_tx,20,200,5,20,0.1135472219983106,0.442,0.9489123821258544,10
chessBig_tx,20,200,5,20,0.1073204801208397,0.348186,0.9489123821258544,median
chessBig_tx,50,200,5,20,0.1372039179807178,0.592347,0.9489123821258544,1
chessBig_tx,50,200,5,20,0.1345272388901551,0.608454,0.9489123821258544,2
chessBig_tx,50,200,5,20,0.1363010155456891,0.533675,0.9489123821258544,3
chessBig_tx,50,200,5,20,0.1300074964970884,0.600904,0.9489123821258544,4
chessBig_tx,50,200,5,20,0.1319281593868217,0.551873,0.9489123821258544,5
chessBig_tx,50,200,5,20,0.1308176240319441,0.502742,0.9489123821258544,6
chessBig_tx,50,200,5,20,0.1362260029484106,0.545426,0.9489123821258544,7
chessBig_tx,50,200,5,20,0.1309999945946891,0.48478,0.9489123821258544,8
chessBig_tx,50,200,5,20,0.1346506149026854,0.548606,0.9489123821258544,9
chessBig_tx,50,200,5,20,0.1375649207732099,0.541716,0.9489123821258544,10
chessBig_tx,50,200,5,20,0.1345272388901551,0.608454,0.9489123821258544,median
chessBig_tx,100,200,5,20,0.1394018675774565,0.983187,0.9489123821258544,1
chessBig_tx,100,200,5,20,0.1395247262764624,0.908597,0.9489123821258544,2
chessBig_tx,100,200,5,20,0.139034289276335,1.003689,0.9489123821258544,3
chessBig_tx,100,200,5,20,0.1402808942113826,1.123558,0.9489123821258544,4
chessBig_tx,100,200,5,20,0.1398912082936186,1.009645,0.9489123821258544,5
chessBig_tx,100,200,5,20,0.1391239629806681,0.944759,0.9489123821258544,6
chessBig_tx,100,200,5,20,0.1392479946558271,0.942904,0.9489123821258544,7
chessBig_tx,100,200,5,20,0.1394196243362742,0.964718,0.9489123821258544,8
chessBig_tx,100,200,5,20,0.1390595455511187,0.937178,0.9489123821258544,9
chessBig_tx,100,200,5,20,0.1378053788226853,0.970607,0.9489123821258544,10
chessBig_tx,100,200,5,20,0.1394018675774565,0.983187,0.9489123821258544,median
chessBig_tx,2,500,5,5,0.0155895537916893,0.229278,0.2648861408233642,1
chessBig_tx,2,500,5,5,0.0155895537916893,0.225497,0.2648861408233642,2
chessBig_tx,2,500,5,5,0.0155895537916893,0.285247,0.2648861408233642,3
chessBig_tx,2,500,5,5,0.0155895537916893,0.289465,0.2648861408233642,4
chessBig_tx,2,500,5,5,0.0155895537916893,0.267697,0.2648861408233642,5
chessBig_tx,2,500,5,5,0.0069510154731121,0.237035,0.2648861408233642,6
chessBig_tx,2,500,5,5,0.0069510154731121,0.221951,0.2648861408233642,7
chessBig_tx,2,500,5,5,0.0155895537916893,0.293365,0.2648861408233642,8
chessBig_tx,2,500,5,5,0.0155895537916893,0.277938,0.2648861408233642,9
chessBig_tx,2,500,5,5,0.0155895537916893,0.28876,0.2648861408233642,10
chessBig_tx,2,500,5,5,0.0155895537916893,0.229278,0.2648861408233642,median
chessBig_tx,4,500,5,5,0.0312431919706874,0.401465,0.2648861408233642,1
chessBig_tx,4,500,5,5,0.0248915744430026,0.311314,0.2648861408233642,2
chessBig_tx,4,500,5,5,0.0312431919706874,0.401263,0.2648861408233642,3
chessBig_tx,4,500,5,5,0.0311673166162308,0.418795,0.2648861408233642,4
chessBig_tx,4,500,5,5,0.0311673166162308,0.434932,0.2648861408233642,5
chessBig_tx,4,500,5,5,0.0248915744430026,0.334631,0.2648861408233642,6
chessBig_tx,4,500,5,5,0.0312431919706874,0.322487,0.2648861408233642,7
chessBig_tx,4,500,5,5,0.0311673166162308,0.431053,0.2648861408233642,8
chessBig_tx,4,500,5,5,0.0312431919706874,0.460542,0.2648861408233642,9
chessBig_tx,4,500,5,5,0.0311673166162308,0.427609,0.2648861408233642,10
chessBig_tx,4,500,5,5,0.0311673166162308,0.418795,0.2648861408233642,median
chessBig_tx,8,500,5,5,0.0558419525308474,0.541176,0.2648861408233642,1
chessBig_tx,8,500,5,5,0.0584941663691306,0.443196,0.2648861408233642,2
chessBig_tx,8,500,5,5,0.0497257527189999,0.434574,0.2648861408233642,3
chessBig_tx,8,500,5,5,0.0570308507418765,0.472938,0.2648861408233642,4
chessBig_tx,8,500,5,5,0.0520385490586268,0.523442,0.2648861408233642,5
chessBig_tx,8,500,5,5,0.0441197299148513,0.40686,0.2648861408233642,6
chessBig_tx,8,500,5,5,0.0588871331908621,0.501622,0.2648861408233642,7
chessBig_tx,8,500,5,5,0.059154343830213,0.446915,0.2648861408233642,8
chessBig_tx,8,500,5,5,0.0545674457869647,0.493328,0.2648861408233642,9
chessBig_tx,8,500,5,5,0.050793794499018,0.44202,0.2648861408233642,10
chessBig_tx,8,500,5,5,0.0558419525308474,0.541176,0.2648861408233642,median
chessBig_tx,10,500,5,5,0.0587808095320594,0.551273,0.2648861408233642,1
chessBig_tx,10,500,5,5,0.0587623822122528,0.476949,0.2648861408233642,2
chessBig_tx,10,500,5,5,0.0613154324856254,0.527387,0.2648861408233642,3
chessBig_tx,10,500,5,5,0.073405943266855,0.530628,0.2648861408233642,4
chessBig_tx,10,500,5,5,0.0621275746612225,0.493602,0.2648861408233642,5
chessBig_tx,10,500,5,5,0.0647440799960216,0.495701,0.2648861408233642,6
chessBig_tx,10,500,5,5,0.0554423177298022,0.621925,0.2648861408233642,7
chessBig_tx,10,500,5,5,0.0637418879742992,0.428161,0.2648861408233642,8
chessBig_tx,10,500,5,5,0.0744762804062776,1.035206,0.2648861408233642,9
chessBig_tx,10,500,5,5,0.0720389064105613,0.521196,0.2648861408233642,10
chessBig_tx,10,500,5,5,0.0637418879742992,0.428161,0.2648861408233642,median
chessBig_tx,16,500,5,5,0.0947175386477226,0.859132,0.2648861408233642,1
chessBig_tx,16,500,5,5,0.0823021861993714,0.571781,0.2648861408233642,2
chessBig_tx,16,500,5,5,0.0936982857603765,0.561714,0.2648861408233642,3
chessBig_tx,16,500,5,5,0.089645670977955,0.827785,0.2648861408233642,4
chessBig_tx,16,500,5,5,0.0912939477266773,0.900519,0.2648861408233642,5
chessBig_tx,16,500,5,5,0.0800079172370594,0.964785,0.2648861408233642,6
chessBig_tx,16,500,5,5,0.0913200954135245,0.542262,0.2648861408233642,7
chessBig_tx,16,500,5,5,0.0695151576824395,0.840502,0.2648861408233642,8
chessBig_tx,16,500,5,5,0.0811563536649756,0.578183,0.2648861408233642,9
chessBig_tx,16,500,5,5,0.0836556441925941,0.575123,0.2648861408233642,10
chessBig_tx,16,500,5,5,0.089645670977955,0.827785,0.2648861408233642,median
chessBig_tx,20,500,5,5,0.1023959996022562,0.700297,0.2648861408233642,1
chessBig_tx,20,500,5,5,0.1006728108413892,0.794018,0.2648861408233642,2
chessBig_tx,20,500,5,5,0.0959419255202357,0.70605,0.2648861408233642,3
chessBig_tx,20,500,5,5,0.102785615942899,0.658892,0.2648861408233642,4
chessBig_tx,20,500,5,5,0.1074849463354859,0.837815,0.2648861408233642,5
chessBig_tx,20,500,5,5,0.0887582325343271,0.763828,0.2648861408233642,6
chessBig_tx,20,500,5,5,0.0881802380613225,0.630973,0.2648861408233642,7
chessBig_tx,20,500,5,5,0.1051041251232057,0.741716,0.2648861408233642,8
chessBig_tx,20,500,5,5,0.0899997889187572,0.627649,0.2648861408233642,9
chessBig_tx,20,500,5,5,0.1057129478067552,0.635853,0.2648861408233642,10
chessBig_tx,20,500,5,5,0.1023959996022562,0.700297,0.2648861408233642,median
chessBig_tx,50,500,5,5,0.1236068263813095,1.209551,0.2648861408233642,1
chessBig_tx,50,500,5,5,0.1279668547768939,1.398402,0.2648861408233642,2
chessBig_tx,50,500,5,5,0.1285809411097583,1.215145,0.2648861408233642,3
chessBig_tx,50,500,5,5,0.1261090808672442,1.183308,0.2648861408233642,4
chessBig_tx,50,500,5,5,0.1258734379850093,1.283153,0.2648861408233642,5
chessBig_tx,50,500,5,5,0.1256947464017073,1.112073,0.2648861408233642,6
chessBig_tx,50,500,5,5,0.125612400008805,1.284834,0.2648861408233642,7
chessBig_tx,50,500,5,5,0.1281384392844404,1.174781,0.2648861408233642,8
chessBig_tx,50,500,5,5,0.1252971294257529,1.460113,0.2648861408233642,9
chessBig_tx,50,500,5,5,0.1250388879538965,1.476017,0.2648861408233642,10
chessBig_tx,50,500,5,5,0.1258734379850093,1.283153,0.2648861408233642,median
chessBig_tx,100,500,5,5,0.1339220123690379,2.342131,0.2648861408233642,1
chessBig_tx,100,500,5,5,0.1332740100648327,3.470483,0.2648861408233642,2
chessBig_tx,100,500,5,5,0.1358954559485551,2.362673,0.2648861408233642,3
chessBig_tx,100,500,5,5,0.1337181451033054,2.549938,0.2648861408233642,4
chessBig_tx,100,500,5,5,0.1357360429547529,2.377438,0.2648861408233642,5
chessBig_tx,100,500,5,5,0.1361733769709517,2.46259,0.2648861408233642,6
chessBig_tx,100,500,5,5,0.1346362721154071,2.586881,0.2648861408233642,7
chessBig_tx,100,500,5,5,0.1333342591825225,2.918809,0.2648861408233642,8
chessBig_tx,100,500,5,5,0.1329856944240112,2.493544,0.2648861408233642,9
chessBig_tx,100,500,5,5,0.1333006297447198,2.523961,0.2648861408233642,10
chessBig_tx,100,500,5,5,0.1339220123690379,2.342131,0.2648861408233642,median
chessBig_tx,2,500,5,10,0.0069510154731122,0.132869,0.5540111064910889,1
chessBig_tx,2,500,5,10,0.0191098468489796,0.259635,0.5540111064910889,2
chessBig_tx,2,500,5,10,0.0069510154731121,0.237104,0.5540111064910889,3
chessBig_tx,2,500,5,10,0.0069510154731122,0.251398,0.5540111064910889,4
chessBig_tx,2,500,5,10,0.0191098468489796,0.308486,0.5540111064910889,5
chessBig_tx,2,500,5,10,0.0069510154731122,0.216951,0.5540111064910889,6
chessBig_tx,2,500,5,10,0.0069510154731121,0.240876,0.5540111064910889,7
chessBig_tx,2,500,5,10,0.019120024046875,0.263667,0.5540111064910889,8
chessBig_tx,2,500,5,10,0.0191284313029691,0.25368,0.5540111064910889,9
chessBig_tx,2,500,5,10,0.0069510154731121,0.255937,0.5540111064910889,10
chessBig_tx,2,500,5,10,0.0069510154731122,0.132869,0.5540111064910889,median
chessBig_tx,4,500,5,10,0.0442038147861834,0.429842,0.5540111064910889,1
chessBig_tx,4,500,5,10,0.0442906635281828,0.419628,0.5540111064910889,2
chessBig_tx,4,500,5,10,0.0442906635281828,0.409506,0.5540111064910889,3
chessBig_tx,4,500,5,10,0.0442906635281828,0.422262,0.5540111064910889,4
chessBig_tx,4,500,5,10,0.0442038147861834,0.335631,0.5540111064910889,5
chessBig_tx,4,500,5,10,0.0442906635281828,0.344071,0.5540111064910889,6
chessBig_tx,4,500,5,10,0.0276664763416154,0.310033,0.5540111064910889,7
chessBig_tx,4,500,5,10,0.0276664763416154,0.264607,0.5540111064910889,8
chessBig_tx,4,500,5,10,0.0442038147861834,0.289711,0.5540111064910889,9
chessBig_tx,4,500,5,10,0.0276664763416154,0.266671,0.5540111064910889,10
chessBig_tx,4,500,5,10,0.0442038147861834,0.429842,0.5540111064910889,median
chessBig_tx,8,500,5,10,0.0752867745798935,0.604538,0.5540111064910889,1
chessBig_tx,8,500,5,10,0.075020788226757,0.74599,0.5540111064910889,2
chessBig_tx,8,500,5,10,0.0744000439886704,0.601348,0.5540111064910889,3
chessBig_tx,8,500,5,10,0.0817638815981981,0.391081,0.5540111064910889,4
chessBig_tx,8,500,5,10,0.0717492669455302,0.491282,0.5540111064910889,5
chessBig_tx,8,500,5,10,0.0789135644476576,0.434166,0.5540111064910889,6
chessBig_tx,8,500,5,10,0.0816275763454252,0.415094,0.5540111064910889,7
chessBig_tx,8,500,5,10,0.054710573173103,0.37852,0.5540111064910889,8
chessBig_tx,8,500,5,10,0.0755115469742386,0.461754,0.5540111064910889,9
chessBig_tx,8,500,5,10,0.0729406095114561,0.446303,0.5540111064910889,10
chessBig_tx,8,500,5,10,0.0752867745798935,0.604538,0.5540111064910889,median
chessBig_tx,10,500,5,10,0.0728722317913185,0.479681,0.5540111064910889,1
chessBig_tx,10,500,5,10,0.0786795875559451,0.48197,0.5540111064910889,2
chessBig_tx,10,500,5,10,0.083633901688183,0.449518,0.5540111064910889,3
chessBig_tx,10,500,5,10,0.0790724296876392,0.547721,0.5540111064910889,4
chessBig_tx,10,500,5,10,0.1081148302401312,0.561828,0.5540111064910889,5
chessBig_tx,10,500,5,10,0.0848540603574063,0.479003,0.5540111064910889,6
chessBig_tx,10,500,5,10,0.0804036211147945,0.414427,0.5540111064910889,7
chessBig_tx,10,500,5,10,0.080459126925993,0.43423,0.5540111064910889,8
chessBig_tx,10,500,5,10,0.0892166576107686,0.661277,0.5540111064910889,9
chessBig_tx,10,500,5,10,0.079805895262402,0.570064,0.5540111064910889,10
chessBig_tx,10,500,5,10,0.0804036211147945,0.414427,0.5540111064910889,median
chessBig_tx,16,500,5,10,0.1103005600950394,0.819749,0.5540111064910889,1
chessBig_tx,16,500,5,10,0.1168747028567386,0.569413,0.5540111064910889,2
chessBig_tx,16,500,5,10,0.1056388738732144,0.565756,0.5540111064910889,3
chessBig_tx,16,500,5,10,0.1104516491297296,0.712377,0.5540111064910889,4
chessBig_tx,16,500,5,10,0.1075397875188026,0.554551,0.5540111064910889,5
chessBig_tx,16,500,5,10,0.1265373196713051,0.95158,0.5540111064910889,6
chessBig_tx,16,500,5,10,0.1232281549467353,0.925196,0.5540111064910889,7
chessBig_tx,16,500,5,10,0.1177499640730119,0.725418,0.5540111064910889,8
chessBig_tx,16,500,5,10,0.1092012443646014,0.567933,0.5540111064910889,9
chessBig_tx,16,500,5,10,0.1179003437257942,0.557235,0.5540111064910889,10
chessBig_tx,16,500,5,10,0.1168747028567386,0.569413,0.5540111064910889,median
chessBig_tx,20,500,5,10,0.1245216808564734,1.316658,0.5540111064910889,1
chessBig_tx,20,500,5,10,0.1248059998675037,0.795905,0.5540111064910889,2
chessBig_tx,20,500,5,10,0.1222520658930634,0.941087,0.5540111064910889,3
chessBig_tx,20,500,5,10,0.1255692484548819,0.833424,0.5540111064910889,4
chessBig_tx,20,500,5,10,0.1223069808377529,0.73136,0.5540111064910889,5
chessBig_tx,20,500,5,10,0.1174405626326958,1.030794,0.5540111064910889,6
chessBig_tx,20,500,5,10,0.1300194192291217,0.849187,0.5540111064910889,7
chessBig_tx,20,500,5,10,0.1215203403879034,1.10424,0.5540111064910889,8
chessBig_tx,20,500,5,10,0.1116339519309638,1.132894,0.5540111064910889,9
chessBig_tx,20,500,5,10,0.116531386887309,0.865082,0.5540111064910889,10
chessBig_tx,20,500,5,10,0.1222520658930634,0.941087,0.5540111064910889,median
chessBig_tx,50,500,5,10,0.1352279186871708,1.328901,0.5540111064910889,1
chessBig_tx,50,500,5,10,0.1334612932907317,0.987981,0.5540111064910889,2
chessBig_tx,50,500,5,10,0.1351551745033152,1.210621,0.5540111064910889,3
chessBig_tx,50,500,5,10,0.133399255842813,1.155118,0.5540111064910889,4
chessBig_tx,50,500,5,10,0.1340748541565078,1.25172,0.5540111064910889,5
chessBig_tx,50,500,5,10,0.1323773605577363,1.169002,0.5540111064910889,6
chessBig_tx,50,500,5,10,0.1346412155022278,1.035003,0.5540111064910889,7
chessBig_tx,50,500,5,10,0.1350912999659087,1.125778,0.5540111064910889,8
chessBig_tx,50,500,5,10,0.1294243836940942,1.068102,0.5540111064910889,9
chessBig_tx,50,500,5,10,0.1336178141432199,1.1704,0.5540111064910889,10
chessBig_tx,50,500,5,10,0.1340748541565078,1.25172,0.5540111064910889,median
chessBig_tx,100,500,5,10,0.1392938567760669,2.285253,0.5540111064910889,1
chessBig_tx,100,500,5,10,0.1391931266642333,2.557876,0.5540111064910889,2
chessBig_tx,100,500,5,10,0.1407033922065247,2.240811,0.5540111064910889,3
chessBig_tx,100,500,5,10,0.1395278853684498,2.218183,0.5540111064910889,4
chessBig_tx,100,500,5,10,0.141609636771033,2.183707,0.5540111064910889,5
chessBig_tx,100,500,5,10,0.1403235721177047,2.223806,0.5540111064910889,6
chessBig_tx,100,500,5,10,0.139883039291317,2.634794,0.5540111064910889,7
chessBig_tx,100,500,5,10,0.1397423515096735,2.198026,0.5540111064910889,8
chessBig_tx,100,500,5,10,0.1392348485050171,2.14191,0.5540111064910889,9
chessBig_tx,100,500,5,10,0.1398804079159918,2.302363,0.5540111064910889,10
chessBig_tx,100,500,5,10,0.1398804079159918,2.302363,0.5540111064910889,median
chessBig_tx,2,500,5,20,0.017988003541088,0.229266,1.0633842945098877,1
chessBig_tx,2,500,5,20,0.0069510154731122,0.177801,1.0633842945098877,2
chessBig_tx,2,500,5,20,0.0069510154731122,0.262516,1.0633842945098877,3
chessBig_tx,2,500,5,20,0.0069510154731122,0.233957,1.0633842945098877,4
chessBig_tx,2,500,5,20,0.0069510154731122,0.225767,1.0633842945098877,5
chessBig_tx,2,500,5,20,0.0178079928624112,0.265598,1.0633842945098877,6
chessBig_tx,2,500,5,20,0.017988003541088,0.292853,1.0633842945098877,7
chessBig_tx,2,500,5,20,0.017988003541088,0.283536,1.0633842945098877,8
chessBig_tx,2,500,5,20,0.017988003541088,0.282008,1.0633842945098877,9
chessBig_tx,2,500,5,20,0.0069510154731121,0.259271,1.0633842945098877,10
chessBig_tx,2,500,5,20,0.0069510154731122,0.177801,1.0633842945098877,median
chessBig_tx,4,500,5,20,0.0273036940036682,0.294205,1.0633842945098877,1
chessBig_tx,4,500,5,20,0.046202918360419,0.330344,1.0633842945098877,2
chessBig_tx,4,500,5,20,0.0273036940036682,0.285222,1.0633842945098877,3
chessBig_tx,4,500,5,20,0.046202918360419,0.369586,1.0633842945098877,4
chessBig_tx,4,500,5,20,0.0461816414601795,0.330962,1.0633842945098877,5
chessBig_tx,4,500,5,20,0.0434151764383224,0.346767,1.0633842945098877,6
chessBig_tx,4,500,5,20,0.046202918360419,0.387175,1.0633842945098877,7
chessBig_tx,4,500,5,20,0.0273036940036682,0.295139,1.0633842945098877,8
chessBig_tx,4,500,5,20,0.0424945302986392,0.348348,1.0633842945098877,9
chessBig_tx,4,500,5,20,0.0461816414601795,0.349064,1.0633842945098877,10
chessBig_tx,4,500,5,20,0.0434151764383224,0.346767,1.0633842945098877,median
chessBig_tx,8,500,5,20,0.0948817612610362,0.352872,1.0633842945098877,1
chessBig_tx,8,500,5,20,0.0769647775813324,0.347229,1.0633842945098877,2
chessBig_tx,8,500,5,20,0.064796404849033,0.338994,1.0633842945098877,3
chessBig_tx,8,500,5,20,0.0739619410859088,0.403185,1.0633842945098877,4
chessBig_tx,8,500,5,20,0.0740358799241278,0.414587,1.0633842945098877,5
chessBig_tx,8,500,5,20,0.0732778495125859,0.640325,1.0633842945098877,6
chessBig_tx,8,500,5,20,0.0732061328530771,0.412748,1.0633842945098877,7
chessBig_tx,8,500,5,20,0.0749948806653747,0.483071,1.0633842945098877,8
chessBig_tx,8,500,5,20,0.077037379008029,0.418568,1.0633842945098877,9
chessBig_tx,8,500,5,20,0.0765527711327305,0.416272,1.0633842945098877,10
chessBig_tx,8,500,5,20,0.0740358799241278,0.414587,1.0633842945098877,median
chessBig_tx,10,500,5,20,0.0897605014046592,0.595209,1.0633842945098877,1
chessBig_tx,10,500,5,20,0.0877672841104289,0.434718,1.0633842945098877,2
chessBig_tx,10,500,5,20,0.0852019900278735,0.392342,1.0633842945098877,3
chessBig_tx,10,500,5,20,0.0934171753263489,0.398403,1.0633842945098877,4
chessBig_tx,10,500,5,20,0.0854159399372748,0.670532,1.0633842945098877,5
chessBig_tx,10,500,5,20,0.0901287297474475,0.456094,1.0633842945098877,6
chessBig_tx,10,500,5,20,0.0768867385253578,0.738331,1.0633842945098877,7
chessBig_tx,10,500,5,20,0.0764094473427847,0.379315,1.0633842945098877,8
chessBig_tx,10,500,5,20,0.0846032032074812,0.493464,1.0633842945098877,9
chessBig_tx,10,500,5,20,0.0837161290172289,0.397405,1.0633842945098877,10
chessBig_tx,10,500,5,20,0.0854159399372748,0.670532,1.0633842945098877,median
chessBig_tx,16,500,5,20,0.1120194248092462,0.681448,1.0633842945098877,1
chessBig_tx,16,500,5,20,0.1128567935982777,0.530307,1.0633842945098877,2
chessBig_tx,16,500,5,20,0.1000619348240837,0.536708,1.0633842945098877,3
chessBig_tx,16,500,5,20,0.0997876157411763,0.432173,1.0633842945098877,4
chessBig_tx,16,500,5,20,0.0958926220238702,0.445109,1.0633842945098877,5
chessBig_tx,16,500,5,20,0.102609208954213,0.462044,1.0633842945098877,6
chessBig_tx,16,500,5,20,0.1065408990083806,0.696938,1.0633842945098877,7
chessBig_tx,16,500,5,20,0.1021202496074194,0.50379,1.0633842945098877,8
chessBig_tx,16,500,5,20,0.1056461904693163,0.536338,1.0633842945098877,9
chessBig_tx,16,500,5,20,0.1080685955318804,0.592677,1.0633842945098877,10
chessBig_tx,16,500,5,20,0.102609208954213,0.462044,1.0633842945098877,median
chessBig_tx,20,500,5,20,0.1177382998342466,0.549752,1.0633842945098877,1
chessBig_tx,20,500,5,20,0.1174007591660974,0.534345,1.0633842945098877,2
chessBig_tx,20,500,5,20,0.1085107577227103,0.637422,1.0633842945098877,3
chessBig_tx,20,500,5,20,0.1118964660412691,0.65349,1.0633842945098877,4
chessBig_tx,20,500,5,20,0.1054608114215869,0.623313,1.0633842945098877,5
chessBig_tx,20,500,5,20,0.1237115654382108,0.517189,1.0633842945098877,6
chessBig_tx,20,500,5,20,0.1074876907821088,0.587561,1.0633842945098877,7
chessBig_tx,20,500,5,20,0.1103707083920219,0.516288,1.0633842945098877,8
chessBig_tx,20,500,5,20,0.11197390710161,0.550444,1.0633842945098877,9
chessBig_tx,20,500,5,20,0.1148689440421548,0.649365,1.0633842945098877,10
chessBig_tx,20,500,5,20,0.1118964660412691,0.65349,1.0633842945098877,median
chessBig_tx,50,500,5,20,0.1355805314453093,1.193919,1.0633842945098877,1
chessBig_tx,50,500,5,20,0.1364531720451016,1.071609,1.0633842945098877,2
chessBig_tx,50,500,5,20,0.1339701513179159,1.218312,1.0633842945098877,3
chessBig_tx,50,500,5,20,0.1337328703314119,1.0567,1.0633842945098877,4
chessBig_tx,50,500,5,20,0.1371285569664927,1.03651,1.0633842945098877,5
chessBig_tx,50,500,5,20,0.1378991098056089,1.040045,1.0633842945098877,6
chessBig_tx,50,500,5,20,0.1355079410714957,1.540111,1.0633842945098877,7
chessBig_tx,50,500,5,20,0.1378357369698246,1.202777,1.0633842945098877,8
chessBig_tx,50,500,5,20,0.136154511666411,1.180102,1.0633842945098877,9
chessBig_tx,50,500,5,20,0.1348085536144703,1.026463,1.0633842945098877,10
chessBig_tx,50,500,5,20,0.1355805314453093,1.193919,1.0633842945098877,median
chessBig_tx,100,500,5,20,0.1381125429844063,2.213103,1.0633842945098877,1
chessBig_tx,100,500,5,20,0.1399031934523216,2.112647,1.0633842945098877,2
chessBig_tx,100,500,5,20,0.1406591703581756,2.44818,1.0633842945098877,3
chessBig_tx,100,500,5,20,0.1379262968274816,2.242057,1.0633842945098877,4
chessBig_tx,100,500,5,20,0.1408125244368141,2.209653,1.0633842945098877,5
chessBig_tx,100,500,5,20,0.1392259490437424,2.172936,1.0633842945098877,6
chessBig_tx,100,500,5,20,0.1400546188279888,2.553926,1.0633842945098877,7
chessBig_tx,100,500,5,20,0.1386982520984198,2.074973,1.0633842945098877,8
chessBig_tx,100,500,5,20,0.1381184720931541,2.079448,1.0633842945098877,9
chessBig_tx,100,500,5,20,0.1389437246659577,2.314924,1.0633842945098877,10
chessBig_tx,100,500,5,20,0.1392259490437424,2.172936,1.0633842945098877,median
chessBig_tx,2,50,10,5,0.0069510154731122,0.056546,0.2232217788696289,1
chessBig_tx,2,50,10,5,0.0174137766000522,0.131841,0.2232217788696289,2
chessBig_tx,2,50,10,5,0.0172268394805476,0.11665,0.2232217788696289,3
chessBig_tx,2,50,10,5,0.0069510154731121,0.1063,0.2232217788696289,4
chessBig_tx,2,50,10,5,0.0173133944799212,0.12629,0.2232217788696289,5
chessBig_tx,2,50,10,5,0.0172268394805476,0.116135,0.2232217788696289,6
chessBig_tx,2,50,10,5,0.0173133944799212,0.129122,0.2232217788696289,7
chessBig_tx,2,50,10,5,0.0171536738150238,0.129222,0.2232217788696289,8
chessBig_tx,2,50,10,5,0.0069510154731121,0.101233,0.2232217788696289,9
chessBig_tx,2,50,10,5,0.0069510154731121,0.123942,0.2232217788696289,10
chessBig_tx,2,50,10,5,0.0172268394805476,0.11665,0.2232217788696289,median
chessBig_tx,4,50,10,5,0.0387592028313058,0.134913,0.2232217788696289,1
chessBig_tx,4,50,10,5,0.0421535773285924,0.15268,0.2232217788696289,2
chessBig_tx,4,50,10,5,0.0270963326587521,0.132645,0.2232217788696289,3
chessBig_tx,4,50,10,5,0.0421084172627536,0.13397,0.2232217788696289,4
chessBig_tx,4,50,10,5,0.0270963326587521,0.105427,0.2232217788696289,5
chessBig_tx,4,50,10,5,0.039254476911664,0.137047,0.2232217788696289,6
chessBig_tx,4,50,10,5,0.0270963326587521,0.123596,0.2232217788696289,7
chessBig_tx,4,50,10,5,0.0421535773285924,0.131477,0.2232217788696289,8
chessBig_tx,4,50,10,5,0.0421535773285924,0.167497,0.2232217788696289,9
chessBig_tx,4,50,10,5,0.0270579435666172,0.130924,0.2232217788696289,10
chessBig_tx,4,50,10,5,0.0387592028313058,0.134913,0.2232217788696289,median
chessBig_tx,8,50,10,5,0.0913679413484672,0.153854,0.2232217788696289,1
chessBig_tx,8,50,10,5,0.0702134514894497,0.1485,0.2232217788696289,2
chessBig_tx,8,50,10,5,0.0903091728485062,0.160839,0.2232217788696289,3
chessBig_tx,8,50,10,5,0.0690214739097265,0.153633,0.2232217788696289,4
chessBig_tx,8,50,10,5,0.0918153264591909,0.158016,0.2232217788696289,5
chessBig_tx,8,50,10,5,0.0903124818925797,0.153021,0.2232217788696289,6
chessBig_tx,8,50,10,5,0.0711641138189707,0.144988,0.2232217788696289,7
chessBig_tx,8,50,10,5,0.0693099615581983,0.16834,0.2232217788696289,8
chessBig_tx,8,50,10,5,0.0903193249256608,0.140754,0.2232217788696289,9
chessBig_tx,8,50,10,5,0.0690431248978612,0.143662,0.2232217788696289,10
chessBig_tx,8,50,10,5,0.0903091728485062,0.160839,0.2232217788696289,median
chessBig_tx,10,50,10,5,0.0938113186046396,0.153614,0.2232217788696289,1
chessBig_tx,10,50,10,5,0.0985627183757396,0.144159,0.2232217788696289,2
chessBig_tx,10,50,10,5,0.0968196258760011,0.159841,0.2232217788696289,3
chessBig_tx,10,50,10,5,0.0785973386092882,0.154788,0.2232217788696289,4
chessBig_tx,10,50,10,5,0.0721170697096098,0.150859,0.2232217788696289,5
chessBig_tx,10,50,10,5,0.0940540140086386,0.154162,0.2232217788696289,6
chessBig_tx,10,50,10,5,0.0967653719138374,0.154198,0.2232217788696289,7
chessBig_tx,10,50,10,5,0.0932313335523941,0.149812,0.2232217788696289,8
chessBig_tx,10,50,10,5,0.0931895378546759,0.147302,0.2232217788696289,9
chessBig_tx,10,50,10,5,0.0986731314968884,0.144568,0.2232217788696289,10
chessBig_tx,10,50,10,5,0.0938113186046396,0.153614,0.2232217788696289,median
chessBig_tx,16,50,10,5,0.1152962637178231,0.19831,0.2232217788696289,1
chessBig_tx,16,50,10,5,0.1030664555803096,0.251913,0.2232217788696289,2
chessBig_tx,16,50,10,5,0.1083811745556171,0.175526,0.2232217788696289,3
chessBig_tx,16,50,10,5,0.1139397111184808,0.160863,0.2232217788696289,4
chessBig_tx,16,50,10,5,0.1149801616834082,0.205055,0.2232217788696289,5
chessBig_tx,16,50,10,5,0.1116446419965773,0.173781,0.2232217788696289,6
chessBig_tx,16,50,10,5,0.113482129970853,0.169612,0.2232217788696289,7
chessBig_tx,16,50,10,5,0.1141761633281677,0.166246,0.2232217788696289,8
chessBig_tx,16,50,10,5,0.1082539730012785,0.159803,0.2232217788696289,9
chessBig_tx,16,50,10,5,0.1125792289863446,0.157753,0.2232217788696289,10
chessBig_tx,16,50,10,5,0.113482129970853,0.169612,0.2232217788696289,median
chessBig_tx,20,50,10,5,0.1195855177193318,0.179132,0.2232217788696289,1
chessBig_tx,20,50,10,5,0.1156784827634173,0.193852,0.2232217788696289,2
chessBig_tx,20,50,10,5,0.1170244983498488,0.181964,0.2232217788696289,3
chessBig_tx,20,50,10,5,0.1124857992541494,0.21484,0.2232217788696289,4
chessBig_tx,20,50,10,5,0.1200462043357313,0.18204,0.2232217788696289,5
chessBig_tx,20,50,10,5,0.123311663212585,0.177829,0.2232217788696289,6
chessBig_tx,20,50,10,5,0.1199163355807831,0.225745,0.2232217788696289,7
chessBig_tx,20,50,10,5,0.1184423535288081,0.174094,0.2232217788696289,8
chessBig_tx,20,50,10,5,0.1219185881811728,0.170591,0.2232217788696289,9
chessBig_tx,20,50,10,5,0.1177135052215072,0.182109,0.2232217788696289,10
chessBig_tx,20,50,10,5,0.1195855177193318,0.179132,0.2232217788696289,median
chessBig_tx,50,50,10,5,0.1296073488141176,0.225932,0.2232217788696289,1
chessBig_tx,50,50,10,5,0.1303961628864662,0.247664,0.2232217788696289,2
chessBig_tx,50,50,10,5,0.1293818422065438,0.23641,0.2232217788696289,3
chessBig_tx,50,50,10,5,0.1314427721342579,0.229346,0.2232217788696289,4
chessBig_tx,50,50,10,5,0.1315507849791585,0.275081,0.2232217788696289,5
chessBig_tx,50,50,10,5,0.1312583929459761,0.237514,0.2232217788696289,6
chessBig_tx,50,50,10,5,0.1308822320631793,0.239098,0.2232217788696289,7
chessBig_tx,50,50,10,5,0.1312878088574427,0.250295,0.2232217788696289,8
chessBig_tx,50,50,10,5,0.1317144998508289,0.238749,0.2232217788696289,9
chessBig_tx,50,50,10,5,0.1336068335154654,0.259264,0.2232217788696289,10
chessBig_tx,50,50,10,5,0.1312583929459761,0.237514,0.2232217788696289,median
chessBig_tx,100,50,10,5,0.1362953074850492,0.380775,0.2232217788696289,1
chessBig_tx,100,50,10,5,0.137489025905088,0.381414,0.2232217788696289,2
chessBig_tx,100,50,10,5,0.137201047249704,0.370614,0.2232217788696289,3
chessBig_tx,100,50,10,5,0.137505729255964,0.365528,0.2232217788696289,4
chessBig_tx,100,50,10,5,0.136288824459437,0.379307,0.2232217788696289,5
chessBig_tx,100,50,10,5,0.137132829041561,0.393147,0.2232217788696289,6
chessBig_tx,100,50,10,5,0.1384101000120859,0.397729,0.2232217788696289,7
chessBig_tx,100,50,10,5,0.1388264939737039,0.402816,0.2232217788696289,8
chessBig_tx,100,50,10,5,0.1381250856460592,0.359507,0.2232217788696289,9
chessBig_tx,100,50,10,5,0.1374671048580316,0.398389,0.2232217788696289,10
chessBig_tx,100,50,10,5,0.137489025905088,0.381414,0.2232217788696289,median
chessBig_tx,2,50,10,10,0.0185925497079808,0.120158,0.4216337203979492,1
chessBig_tx,2,50,10,10,0.0185925497079808,0.122215,0.4216337203979492,2
chessBig_tx,2,50,10,10,0.0185925497079808,0.107325,0.4216337203979492,3
chessBig_tx,2,50,10,10,0.0185925497079808,0.12044,0.4216337203979492,4
chessBig_tx,2,50,10,10,0.0185281627952615,0.123499,0.4216337203979492,5
chessBig_tx,2,50,10,10,0.0185925497079808,0.121824,0.4216337203979492,6
chessBig_tx,2,50,10,10,0.0069510154731122,0.102567,0.4216337203979492,7
chessBig_tx,2,50,10,10,0.0185925497079808,0.136367,0.4216337203979492,8
chessBig_tx,2,50,10,10,0.0185925497079808,0.127049,0.4216337203979492,9
chessBig_tx,2,50,10,10,0.0185281627952615,0.127738,0.4216337203979492,10
chessBig_tx,2,50,10,10,0.0185925497079808,0.107325,0.4216337203979492,median
chessBig_tx,4,50,10,10,0.0380974119335847,0.144526,0.4216337203979492,1
chessBig_tx,4,50,10,10,0.0380974119335846,0.140181,0.4216337203979492,2
chessBig_tx,4,50,10,10,0.0416956205019752,0.123022,0.4216337203979492,3
chessBig_tx,4,50,10,10,0.0380124870602754,0.126921,0.4216337203979492,4
chessBig_tx,4,50,10,10,0.0380124870602754,0.131576,0.4216337203979492,5
chessBig_tx,4,50,10,10,0.0380974119335846,0.135259,0.4216337203979492,6
chessBig_tx,4,50,10,10,0.0381134956059397,0.132791,0.4216337203979492,7
chessBig_tx,4,50,10,10,0.0381134956059397,0.133583,0.4216337203979492,8
chessBig_tx,4,50,10,10,0.0268111566914447,0.128955,0.4216337203979492,9
chessBig_tx,4,50,10,10,0.0381134956059397,0.130283,0.4216337203979492,10
chessBig_tx,4,50,10,10,0.0380974119335847,0.144526,0.4216337203979492,median
chessBig_tx,8,50,10,10,0.0670167060159881,0.13523,0.4216337203979492,1
chessBig_tx,8,50,10,10,0.068521204108024,0.144946,0.4216337203979492,2
chessBig_tx,8,50,10,10,0.0697564441280694,0.152938,0.4216337203979492,3
chessBig_tx,8,50,10,10,0.0573453135487014,0.1485,0.4216337203979492,4
chessBig_tx,8,50,10,10,0.0738781975333049,0.144731,0.4216337203979492,5
chessBig_tx,8,50,10,10,0.0724686686344698,0.159273,0.4216337203979492,6
chessBig_tx,8,50,10,10,0.0738781975333049,0.158076,0.4216337203979492,7
chessBig_tx,8,50,10,10,0.0951685455816113,0.139933,0.4216337203979492,8
chessBig_tx,8,50,10,10,0.0723740152651399,0.162732,0.4216337203979492,9
chessBig_tx,8,50,10,10,0.0697564441280695,0.156884,0.4216337203979492,10
chessBig_tx,8,50,10,10,0.0723740152651399,0.162732,0.4216337203979492,median
chessBig_tx,10,50,10,10,0.0955814104846135,0.151014,0.4216337203979492,1
chessBig_tx,10,50,10,10,0.0741350007995261,0.152204,0.4216337203979492,2
chessBig_tx,10,50,10,10,0.0773908518227875,0.15284,0.4216337203979492,3
chessBig_tx,10,50,10,10,0.0847881903592988,0.17308,0.4216337203979492,4
chessBig_tx,10,50,10,10,0.0821481059061747,0.155057,0.4216337203979492,5
chessBig_tx,10,50,10,10,0.0760223627353065,0.174067,0.4216337203979492,6
chessBig_tx,10,50,10,10,0.0993140684461057,0.16904,0.4216337203979492,7
chessBig_tx,10,50,10,10,0.0810799327177556,0.160833,0.4216337203979492,8
chessBig_tx,10,50,10,10,0.0852068994564063,0.156281,0.4216337203979492,9
chessBig_tx,10,50,10,10,0.0784501012331406,0.148029,0.4216337203979492,10
chessBig_tx,10,50,10,10,0.0821481059061747,0.155057,0.4216337203979492,median
chessBig_tx,16,50,10,10,0.1053181791296149,0.189127,0.4216337203979492,1
chessBig_tx,16,50,10,10,0.1046587674421399,0.160714,0.4216337203979492,2
chessBig_tx,16,50,10,10,0.1084866877106643,0.163583,0.4216337203979492,3
chessBig_tx,16,50,10,10,0.1105720800086718,0.190677,0.4216337203979492,4
chessBig_tx,16,50,10,10,0.0984573113151141,0.199586,0.4216337203979492,5
chessBig_tx,16,50,10,10,0.0986603724953571,0.179998,0.4216337203979492,6
chessBig_tx,16,50,10,10,0.1090210474874169,0.193605,0.4216337203979492,7
chessBig_tx,16,50,10,10,0.0938976522655616,0.172059,0.4216337203979492,8
chessBig_tx,16,50,10,10,0.1060188901784497,0.216367,0.4216337203979492,9
chessBig_tx,16,50,10,10,0.0992797697683714,0.192133,0.4216337203979492,10
chessBig_tx,16,50,10,10,0.1046587674421399,0.160714,0.4216337203979492,median
chessBig_tx,20,50,10,10,0.1182777401059772,0.174072,0.4216337203979492,1
chessBig_tx,20,50,10,10,0.1119664538537617,0.204247,0.4216337203979492,2
chessBig_tx,20,50,10,10,0.1091629849421084,0.181105,0.4216337203979492,3
chessBig_tx,20,50,10,10,0.1176534865061665,0.183758,0.4216337203979492,4
chessBig_tx,20,50,10,10,0.1209502307985717,0.1879,0.4216337203979492,5
chessBig_tx,20,50,10,10,0.111147646655231,0.17614,0.4216337203979492,6
chessBig_tx,20,50,10,10,0.1165815941833546,0.189981,0.4216337203979492,7
chessBig_tx,20,50,10,10,0.1085736960017961,0.190219,0.4216337203979492,8
chessBig_tx,20,50,10,10,0.1114005916598749,0.177549,0.4216337203979492,9
chessBig_tx,20,50,10,10,0.1142277569467704,0.18641,0.4216337203979492,10
chessBig_tx,20,50,10,10,0.1119664538537617,0.204247,0.4216337203979492,median
chessBig_tx,50,50,10,10,0.1372476885793907,0.239791,0.4216337203979492,1
chessBig_tx,50,50,10,10,0.1372260691548722,0.25038,0.4216337203979492,2
chessBig_tx,50,50,10,10,0.1367611754700622,0.229194,0.4216337203979492,3
chessBig_tx,50,50,10,10,0.1396256532836431,0.236775,0.4216337203979492,4
chessBig_tx,50,50,10,10,0.1382843770096863,0.253192,0.4216337203979492,5
chessBig_tx,50,50,10,10,0.1368025711330109,0.233725,0.4216337203979492,6
chessBig_tx,50,50,10,10,0.1376710871142766,0.253537,0.4216337203979492,7
chessBig_tx,50,50,10,10,0.1362746704891957,0.220871,0.4216337203979492,8
chessBig_tx,50,50,10,10,0.1354894326359804,0.221179,0.4216337203979492,9
chessBig_tx,50,50,10,10,0.1390035736611679,0.238064,0.4216337203979492,10
chessBig_tx,50,50,10,10,0.1372476885793907,0.239791,0.4216337203979492,median
chessBig_tx,100,50,10,10,0.1405214084929536,0.416936,0.4216337203979492,1
chessBig_tx,100,50,10,10,0.1412957747164285,0.373486,0.4216337203979492,2
chessBig_tx,100,50,10,10,0.139161395303221,0.373687,0.4216337203979492,3
chessBig_tx,100,50,10,10,0.1396315703733223,0.361433,0.4216337203979492,4
chessBig_tx,100,50,10,10,0.1399094297875317,0.384179,0.4216337203979492,5
chessBig_tx,100,50,10,10,0.1400082023800299,0.355695,0.4216337203979492,6
chessBig_tx,100,50,10,10,0.1396731312282034,0.357172,0.4216337203979492,7
chessBig_tx,100,50,10,10,0.1404818395555507,0.390925,0.4216337203979492,8
chessBig_tx,100,50,10,10,0.1399380742803006,0.395926,0.4216337203979492,9
chessBig_tx,100,50,10,10,0.139786780532943,0.392929,0.4216337203979492,10
chessBig_tx,100,50,10,10,0.1399094297875317,0.384179,0.4216337203979492,median
chessBig_tx,2,50,10,20,0.0187350331764336,0.124602,0.8256561756134033,1
chessBig_tx,2,50,10,20,0.0069510154731122,0.11881,0.8256561756134033,2
chessBig_tx,2,50,10,20,0.0187350331764336,0.124962,0.8256561756134033,3
chessBig_tx,2,50,10,20,0.0069510154731122,0.101033,0.8256561756134033,4
chessBig_tx,2,50,10,20,0.0069510154731122,0.124972,0.8256561756134033,5
chessBig_tx,2,50,10,20,0.0187350331764336,0.125741,0.8256561756134033,6
chessBig_tx,2,50,10,20,0.0187350331764336,0.131598,0.8256561756134033,7
chessBig_tx,2,50,10,20,0.0069510154731122,0.104214,0.8256561756134033,8
chessBig_tx,2,50,10,20,0.0069510154731122,0.079486,0.8256561756134033,9
chessBig_tx,2,50,10,20,0.0069510154731121,0.088029,0.8256561756134033,10
chessBig_tx,2,50,10,20,0.0069510154731122,0.11881,0.8256561756134033,median
chessBig_tx,4,50,10,20,0.0458376619260106,0.139529,0.8256561756134033,1
chessBig_tx,4,50,10,20,0.045810922627679,0.150169,0.8256561756134033,2
chessBig_tx,4,50,10,20,0.0459503572773049,0.139097,0.8256561756134033,3
chessBig_tx,4,50,10,20,0.0459503572773049,0.145527,0.8256561756134033,4
chessBig_tx,4,50,10,20,0.0469652547429594,0.146299,0.8256561756134033,5
chessBig_tx,4,50,10,20,0.045810922627679,0.167067,0.8256561756134033,6
chessBig_tx,4,50,10,20,0.0459503572773049,0.161452,0.8256561756134033,7
chessBig_tx,4,50,10,20,0.0277826000106596,0.141229,0.8256561756134033,8
chessBig_tx,4,50,10,20,0.0277826000106596,0.134245,0.8256561756134033,9
chessBig_tx,4,50,10,20,0.0459503572773049,0.140387,0.8256561756134033,10
chessBig_tx,4,50,10,20,0.0458376619260106,0.139529,0.8256561756134033,median
chessBig_tx,8,50,10,20,0.1077227257847374,0.147716,0.8256561756134033,1
chessBig_tx,8,50,10,20,0.0789349123113215,0.14885,0.8256561756134033,2
chessBig_tx,8,50,10,20,0.1077227257847374,0.148218,0.8256561756134033,3
chessBig_tx,8,50,10,20,0.0734044206102857,0.169585,0.8256561756134033,4
chessBig_tx,8,50,10,20,0.0759081362677215,0.143414,0.8256561756134033,5
chessBig_tx,8,50,10,20,0.0697510258394125,0.149822,0.8256561756134033,6
chessBig_tx,8,50,10,20,0.078436615277119,0.16263,0.8256561756134033,7
chessBig_tx,8,50,10,20,0.1058303725871326,0.140036,0.8256561756134033,8
chessBig_tx,8,50,10,20,0.078436615277119,0.161283,0.8256561756134033,9
chessBig_tx,8,50,10,20,0.078436615277119,0.153506,0.8256561756134033,10
chessBig_tx,8,50,10,20,0.078436615277119,0.161283,0.8256561756134033,median
chessBig_tx,10,50,10,20,0.1066817869092539,0.153936,0.8256561756134033,1
chessBig_tx,10,50,10,20,0.0864095934129656,0.152542,0.8256561756134033,2
chessBig_tx,10,50,10,20,0.1066215835980307,0.157203,0.8256561756134033,3
chessBig_tx,10,50,10,20,0.072922698807737,0.153038,0.8256561756134033,4
chessBig_tx,10,50,10,20,0.0973191325189522,0.148141,0.8256561756134033,5
chessBig_tx,10,50,10,20,0.0890018948498097,0.146958,0.8256561756134033,6
chessBig_tx,10,50,10,20,0.1108222087539155,0.145727,0.8256561756134033,7
chessBig_tx,10,50,10,20,0.1066925588013574,0.166933,0.8256561756134033,8
chessBig_tx,10,50,10,20,0.1024151604772536,0.156278,0.8256561756134033,9
chessBig_tx,10,50,10,20,0.109216065053273,0.157343,0.8256561756134033,10
chessBig_tx,10,50,10,20,0.1066215835980307,0.157203,0.8256561756134033,median
chessBig_tx,16,50,10,20,0.1165090806467685,0.172388,0.8256561756134033,1
chessBig_tx,16,50,10,20,0.1097446933785454,0.162983,0.8256561756134033,2
chessBig_tx,16,50,10,20,0.1061827367079411,0.17504,0.8256561756134033,3
chessBig_tx,16,50,10,20,0.1239001115068956,0.205478,0.8256561756134033,4
chessBig_tx,16,50,10,20,0.1073672767948852,0.195544,0.8256561756134033,5
chessBig_tx,16,50,10,20,0.1148723544170733,0.172206,0.8256561756134033,6
chessBig_tx,16,50,10,20,0.1128939535203081,0.166952,0.8256561756134033,7
chessBig_tx,16,50,10,20,0.1087444696125139,0.174825,0.8256561756134033,8
chessBig_tx,16,50,10,20,0.1106928632480161,0.174301,0.8256561756134033,9
chessBig_tx,16,50,10,20,0.1122753155175906,0.210169,0.8256561756134033,10
chessBig_tx,16,50,10,20,0.1106928632480161,0.174301,0.8256561756134033,median
chessBig_tx,20,50,10,20,0.1258578785093801,0.182441,0.8256561756134033,1
chessBig_tx,20,50,10,20,0.1263789498550163,0.195444,0.8256561756134033,2
chessBig_tx,20,50,10,20,0.1258054009398545,0.181529,0.8256561756134033,3
chessBig_tx,20,50,10,20,0.1189222013695599,0.191303,0.8256561756134033,4
chessBig_tx,20,50,10,20,0.1297939954770573,0.157855,0.8256561756134033,5
chessBig_tx,20,50,10,20,0.1301430382889364,0.194494,0.8256561756134033,6
chessBig_tx,20,50,10,20,0.1338936914658206,0.181248,0.8256561756134033,7
chessBig_tx,20,50,10,20,0.1180074965381619,0.1554,0.8256561756134033,8
chessBig_tx,20,50,10,20,0.1299941470047625,0.167099,0.8256561756134033,9
chessBig_tx,20,50,10,20,0.1281069518158698,0.190616,0.8256561756134033,10
chessBig_tx,20,50,10,20,0.1263789498550163,0.195444,0.8256561756134033,median
chessBig_tx,50,50,10,20,0.1382167833401122,0.22929,0.8256561756134033,1
chessBig_tx,50,50,10,20,0.1385240315214432,0.22804,0.8256561756134033,2
chessBig_tx,50,50,10,20,0.1391232602156912,0.259399,0.8256561756134033,3
chessBig_tx,50,50,10,20,0.139882281093509,0.233688,0.8256561756134033,4
chessBig_tx,50,50,10,20,0.1353398133391778,0.238797,0.8256561756134033,5
chessBig_tx,50,50,10,20,0.1349157578712995,0.24492,0.8256561756134033,6
chessBig_tx,50,50,10,20,0.1378861647269592,0.237028,0.8256561756134033,7
chessBig_tx,50,50,10,20,0.1399843280449624,0.231506,0.8256561756134033,8
chessBig_tx,50,50,10,20,0.1395198961820059,0.249133,0.8256561756134033,9
chessBig_tx,50,50,10,20,0.1375049735347565,0.230488,0.8256561756134033,10
chessBig_tx,50,50,10,20,0.1382167833401122,0.22929,0.8256561756134033,median
chessBig_tx,100,50,10,20,0.1391489574997081,0.38864,0.8256561756134033,1
chessBig_tx,100,50,10,20,0.1387413326824098,0.384491,0.8256561756134033,2
chessBig_tx,100,50,10,20,0.1409110743983169,0.712409,0.8256561756134033,3
chessBig_tx,100,50,10,20,0.1403953760516343,0.40617,0.8256561756134033,4
chessBig_tx,100,50,10,20,0.139207678610502,0.355265,0.8256561756134033,5
chessBig_tx,100,50,10,20,0.1396752833770971,0.387105,0.8256561756134033,6
chessBig_tx,100,50,10,20,0.1408048405718684,0.650595,0.8256561756134033,7
chessBig_tx,100,50,10,20,0.1400313684978582,0.68539,0.8256561756134033,8
chessBig_tx,100,50,10,20,0.1396336273288615,0.378847,0.8256561756134033,9
chessBig_tx,100,50,10,20,0.1397232910535961,0.41554,0.8256561756134033,10
chessBig_tx,100,50,10,20,0.1396752833770971,0.387105,0.8256561756134033,median
chessBig_tx,2,100,10,5,0.0069510154731121,0.078566,0.2492141723632812,1
chessBig_tx,2,100,10,5,0.0157590187621466,0.135478,0.2492141723632812,2
chessBig_tx,2,100,10,5,0.0157590187621466,0.132923,0.2492141723632812,3
chessBig_tx,2,100,10,5,0.0069510154731121,0.124392,0.2492141723632812,4
chessBig_tx,2,100,10,5,0.0069510154731121,0.144293,0.2492141723632812,5
chessBig_tx,2,100,10,5,0.015693152969269,0.143138,0.2492141723632812,6
chessBig_tx,2,100,10,5,0.0157926911323023,0.1498,0.2492141723632812,7
chessBig_tx,2,100,10,5,0.0069510154731122,0.087567,0.2492141723632812,8
chessBig_tx,2,100,10,5,0.0069510154731121,0.107193,0.2492141723632812,9
chessBig_tx,2,100,10,5,0.015693152969269,0.147956,0.2492141723632812,10
chessBig_tx,2,100,10,5,0.0069510154731122,0.087567,0.2492141723632812,median
chessBig_tx,4,100,10,5,0.0504093627687549,0.152939,0.2492141723632812,1
chessBig_tx,4,100,10,5,0.0251599273275075,0.14417,0.2492141723632812,2
chessBig_tx,4,100,10,5,0.0311268314960687,0.214506,0.2492141723632812,3
chessBig_tx,4,100,10,5,0.0328009589608623,0.161858,0.2492141723632812,4
chessBig_tx,4,100,10,5,0.0251599273275075,0.14728,0.2492141723632812,5
chessBig_tx,4,100,10,5,0.0311268314960687,0.205849,0.2492141723632812,6
chessBig_tx,4,100,10,5,0.0328009589608623,0.165957,0.2492141723632812,7
chessBig_tx,4,100,10,5,0.0328009589608623,0.170037,0.2492141723632812,8
chessBig_tx,4,100,10,5,0.0322734600518431,0.175704,0.2492141723632812,9
chessBig_tx,4,100,10,5,0.0251599273275075,0.152875,0.2492141723632812,10
chessBig_tx,4,100,10,5,0.0322734600518431,0.175704,0.2492141723632812,median
chessBig_tx,8,100,10,5,0.0810370042089119,0.158716,0.2492141723632812,1
chessBig_tx,8,100,10,5,0.0778268363274232,0.163593,0.2492141723632812,2
chessBig_tx,8,100,10,5,0.078088959137334,0.161248,0.2492141723632812,3
chessBig_tx,8,100,10,5,0.0813890430509676,0.163807,0.2492141723632812,4
chessBig_tx,8,100,10,5,0.0662414512694496,0.2613,0.2492141723632812,5
chessBig_tx,8,100,10,5,0.102511985348905,0.196724,0.2492141723632812,6
chessBig_tx,8,100,10,5,0.0832129556774265,0.168074,0.2492141723632812,7
chessBig_tx,8,100,10,5,0.0776623175586893,0.16556,0.2492141723632812,8
chessBig_tx,8,100,10,5,0.1024820060272799,0.199521,0.2492141723632812,9
chessBig_tx,8,100,10,5,0.0780678434088898,0.190537,0.2492141723632812,10
chessBig_tx,8,100,10,5,0.078088959137334,0.161248,0.2492141723632812,median
chessBig_tx,10,100,10,5,0.105475534577698,0.172838,0.2492141723632812,1
chessBig_tx,10,100,10,5,0.081828040279269,0.177358,0.2492141723632812,2
chessBig_tx,10,100,10,5,0.1042994160714894,0.166204,0.2492141723632812,3
chessBig_tx,10,100,10,5,0.1056646729352134,0.161972,0.2492141723632812,4
chessBig_tx,10,100,10,5,0.1094054844707184,0.201769,0.2492141723632812,5
chessBig_tx,10,100,10,5,0.103903281668955,0.21419,0.2492141723632812,6
chessBig_tx,10,100,10,5,0.1109275338315491,0.183973,0.2492141723632812,7
chessBig_tx,10,100,10,5,0.1100599578889304,0.207553,0.2492141723632812,8
chessBig_tx,10,100,10,5,0.1042656185714317,0.168338,0.2492141723632812,9
chessBig_tx,10,100,10,5,0.1038605955126514,0.224283,0.2492141723632812,10
chessBig_tx,10,100,10,5,0.105475534577698,0.172838,0.2492141723632812,median
chessBig_tx,16,100,10,5,0.1211447197035683,0.211518,0.2492141723632812,1
chessBig_tx,16,100,10,5,0.1234739365959035,0.182443,0.2492141723632812,2
chessBig_tx,16,100,10,5,0.1178389818997231,0.194012,0.2492141723632812,3
chessBig_tx,16,100,10,5,0.1236285375699911,0.189137,0.2492141723632812,4
chessBig_tx,16,100,10,5,0.1199338808421157,0.201312,0.2492141723632812,5
chessBig_tx,16,100,10,5,0.1208706057177879,0.211839,0.2492141723632812,6
chessBig_tx,16,100,10,5,0.1250691316009097,0.186006,0.2492141723632812,7
chessBig_tx,16,100,10,5,0.1179340283234828,0.200966,0.2492141723632812,8
chessBig_tx,16,100,10,5,0.1254929245416777,0.196016,0.2492141723632812,9
chessBig_tx,16,100,10,5,0.1163661097544518,0.241925,0.2492141723632812,10
chessBig_tx,16,100,10,5,0.1211447197035683,0.211518,0.2492141723632812,median
chessBig_tx,20,100,10,5,0.1228536893981155,0.198649,0.2492141723632812,1
chessBig_tx,20,100,10,5,0.121324710584646,0.207612,0.2492141723632812,2
chessBig_tx,20,100,10,5,0.1276451478073182,0.214109,0.2492141723632812,3
chessBig_tx,20,100,10,5,0.1249654677492012,0.191323,0.2492141723632812,4
chessBig_tx,20,100,10,5,0.1250128372629808,0.231827,0.2492141723632812,5
chessBig_tx,20,100,10,5,0.1272894653831605,0.223135,0.2492141723632812,6
chessBig_tx,20,100,10,5,0.1260292116939617,0.245746,0.2492141723632812,7
chessBig_tx,20,100,10,5,0.1301455698555716,0.216554,0.2492141723632812,8
chessBig_tx,20,100,10,5,0.1306294152812409,0.202091,0.2492141723632812,9
chessBig_tx,20,100,10,5,0.1225040559658074,0.211222,0.2492141723632812,10
chessBig_tx,20,100,10,5,0.1250128372629808,0.231827,0.2492141723632812,median
chessBig_tx,50,100,10,5,0.1357578890741063,0.430538,0.2492141723632812,1
chessBig_tx,50,100,10,5,0.1343027278152786,0.298341,0.2492141723632812,2
chessBig_tx,50,100,10,5,0.1356122324123957,0.329969,0.2492141723632812,3
chessBig_tx,50,100,10,5,0.1374379216104057,0.365146,0.2492141723632812,4
chessBig_tx,50,100,10,5,0.1341892244701296,0.36156,0.2492141723632812,5
chessBig_tx,50,100,10,5,0.1361227357657684,0.35626,0.2492141723632812,6
chessBig_tx,50,100,10,5,0.1358275646989764,0.34416,0.2492141723632812,7
chessBig_tx,50,100,10,5,0.1344826059312308,0.348278,0.2492141723632812,8
chessBig_tx,50,100,10,5,0.1376415327710675,0.351055,0.2492141723632812,9
chessBig_tx,50,100,10,5,0.1358027577881472,0.383601,0.2492141723632812,10
chessBig_tx,50,100,10,5,0.1358027577881472,0.383601,0.2492141723632812,median
chessBig_tx,100,100,10,5,0.1384360841105377,0.652437,0.2492141723632812,1
chessBig_tx,100,100,10,5,0.1387587775115978,0.568138,0.2492141723632812,2
chessBig_tx,100,100,10,5,0.1383543920247778,0.657967,0.2492141723632812,3
chessBig_tx,100,100,10,5,0.1374268001562263,0.574561,0.2492141723632812,4
chessBig_tx,100,100,10,5,0.139070138518629,0.628197,0.2492141723632812,5
chessBig_tx,100,100,10,5,0.1374999044046382,0.597307,0.2492141723632812,6
chessBig_tx,100,100,10,5,0.1374867881106516,0.573065,0.2492141723632812,7
chessBig_tx,100,100,10,5,0.1375725741568967,0.666988,0.2492141723632812,8
chessBig_tx,100,100,10,5,0.1376828965516254,0.55113,0.2492141723632812,9
chessBig_tx,100,100,10,5,0.1371393958539327,0.590028,0.2492141723632812,10
chessBig_tx,100,100,10,5,0.1375725741568967,0.666988,0.2492141723632812,median
chessBig_tx,2,100,10,10,0.0168883077180897,0.119638,0.4757018089294433,1
chessBig_tx,2,100,10,10,0.0069510154731121,0.083269,0.4757018089294433,2
chessBig_tx,2,100,10,10,0.0168883077180897,0.138384,0.4757018089294433,3
chessBig_tx,2,100,10,10,0.0069510154731122,0.076142,0.4757018089294433,4
chessBig_tx,2,100,10,10,0.0168883077180897,0.140682,0.4757018089294433,5
chessBig_tx,2,100,10,10,0.0168883077180897,0.150121,0.4757018089294433,6
chessBig_tx,2,100,10,10,0.0168883077180897,0.148719,0.4757018089294433,7
chessBig_tx,2,100,10,10,0.0168883077180897,0.140099,0.4757018089294433,8
chessBig_tx,2,100,10,10,0.0069510154731121,0.079474,0.4757018089294433,9
chessBig_tx,2,100,10,10,0.0069510154731122,0.13494,0.4757018089294433,10
chessBig_tx,2,100,10,10,0.0168883077180897,0.119638,0.4757018089294433,median
chessBig_tx,4,100,10,10,0.0374042957709265,0.184084,0.4757018089294433,1
chessBig_tx,4,100,10,10,0.0376066894849073,0.174731,0.4757018089294433,2
chessBig_tx,4,100,10,10,0.0376066894849073,0.166243,0.4757018089294433,3
chessBig_tx,4,100,10,10,0.0376066894849073,0.176598,0.4757018089294433,4
chessBig_tx,4,100,10,10,0.0258731641722373,0.190462,0.4757018089294433,5
chessBig_tx,4,100,10,10,0.0260650797175626,0.141201,0.4757018089294433,6
chessBig_tx,4,100,10,10,0.0258731641722373,0.174016,0.4757018089294433,7
chessBig_tx,4,100,10,10,0.0376066894849073,0.15558,0.4757018089294433,8
chessBig_tx,4,100,10,10,0.0251002693458136,0.145868,0.4757018089294433,9
chessBig_tx,4,100,10,10,0.0374042957709265,0.171803,0.4757018089294433,10
chessBig_tx,4,100,10,10,0.0374042957709265,0.184084,0.4757018089294433,median
chessBig_tx,8,100,10,10,0.0549746676075093,0.188339,0.4757018089294433,1
chessBig_tx,8,100,10,10,0.0527235168910564,0.196335,0.4757018089294433,2
chessBig_tx,8,100,10,10,0.0546582136374196,0.212327,0.4757018089294433,3
chessBig_tx,8,100,10,10,0.059629122225261,0.186662,0.4757018089294433,4
chessBig_tx,8,100,10,10,0.0548182042782746,0.187501,0.4757018089294433,5
chessBig_tx,8,100,10,10,0.0542434330617382,0.227164,0.4757018089294433,6
chessBig_tx,8,100,10,10,0.0652003347943734,0.191967,0.4757018089294433,7
chessBig_tx,8,100,10,10,0.065929073508468,0.200334,0.4757018089294433,8
chessBig_tx,8,100,10,10,0.0534652072246061,0.192421,0.4757018089294433,9
chessBig_tx,8,100,10,10,0.0549312538272942,0.194284,0.4757018089294433,10
chessBig_tx,8,100,10,10,0.0548182042782746,0.187501,0.4757018089294433,median
chessBig_tx,10,100,10,10,0.0585296413608226,0.176431,0.4757018089294433,1
chessBig_tx,10,100,10,10,0.0603206361222758,0.223241,0.4757018089294433,2
chessBig_tx,10,100,10,10,0.0611548260257752,0.176328,0.4757018089294433,3
chessBig_tx,10,100,10,10,0.0660009609776038,0.171188,0.4757018089294433,4
chessBig_tx,10,100,10,10,0.0669624954216768,0.171684,0.4757018089294433,5
chessBig_tx,10,100,10,10,0.0704663894770107,0.1743,0.4757018089294433,6
chessBig_tx,10,100,10,10,0.0562056558982118,0.20373,0.4757018089294433,7
chessBig_tx,10,100,10,10,0.0671105479356684,0.179223,0.4757018089294433,8
chessBig_tx,10,100,10,10,0.0672171231445964,0.182461,0.4757018089294433,9
chessBig_tx,10,100,10,10,0.0553241971324491,0.20102,0.4757018089294433,10
chessBig_tx,10,100,10,10,0.0611548260257752,0.176328,0.4757018089294433,median
chessBig_tx,16,100,10,10,0.07798306207007,0.201635,0.4757018089294433,1
chessBig_tx,16,100,10,10,0.0843985892592888,0.225198,0.4757018089294433,2
chessBig_tx,16,100,10,10,0.0833081511770898,0.200289,0.4757018089294433,3
chessBig_tx,16,100,10,10,0.0721068986738024,0.246395,0.4757018089294433,4
chessBig_tx,16,100,10,10,0.0752834845509691,0.210126,0.4757018089294433,5
chessBig_tx,16,100,10,10,0.0832277563771797,0.23826,0.4757018089294433,6
chessBig_tx,16,100,10,10,0.0818265759422239,0.214299,0.4757018089294433,7
chessBig_tx,16,100,10,10,0.0910284975322589,0.205687,0.4757018089294433,8
chessBig_tx,16,100,10,10,0.07407212856343,0.216805,0.4757018089294433,9
chessBig_tx,16,100,10,10,0.0916620152750658,0.245355,0.4757018089294433,10
chessBig_tx,16,100,10,10,0.0832277563771797,0.23826,0.4757018089294433,median
chessBig_tx,20,100,10,10,0.0976152565193917,0.221973,0.4757018089294433,1
chessBig_tx,20,100,10,10,0.0962155157138048,0.233228,0.4757018089294433,2
chessBig_tx,20,100,10,10,0.0788102536551777,0.203878,0.4757018089294433,3
chessBig_tx,20,100,10,10,0.0874598117510454,0.20865,0.4757018089294433,4
chessBig_tx,20,100,10,10,0.0787239172309185,0.214726,0.4757018089294433,5
chessBig_tx,20,100,10,10,0.0853575484905361,0.216651,0.4757018089294433,6
chessBig_tx,20,100,10,10,0.0874259398979123,0.220163,0.4757018089294433,7
chessBig_tx,20,100,10,10,0.0863731544172688,0.275515,0.4757018089294433,8
chessBig_tx,20,100,10,10,0.0900913557031659,0.227927,0.4757018089294433,9
chessBig_tx,20,100,10,10,0.087514168643158,0.225894,0.4757018089294433,10
chessBig_tx,20,100,10,10,0.0874259398979123,0.220163,0.4757018089294433,median
chessBig_tx,50,100,10,10,0.1291614721625677,0.329836,0.4757018089294433,1
chessBig_tx,50,100,10,10,0.128891890457488,0.350846,0.4757018089294433,2
chessBig_tx,50,100,10,10,0.1267481890469611,0.324727,0.4757018089294433,3
chessBig_tx,50,100,10,10,0.1281891869996674,0.312719,0.4757018089294433,4
chessBig_tx,50,100,10,10,0.1344438276918396,0.35651,0.4757018089294433,5
chessBig_tx,50,100,10,10,0.1280214002617704,0.31313,0.4757018089294433,6
chessBig_tx,50,100,10,10,0.1245083699128988,0.352972,0.4757018089294433,7
chessBig_tx,50,100,10,10,0.1296003463793521,0.293771,0.4757018089294433,8
chessBig_tx,50,100,10,10,0.124352209787004,0.314555,0.4757018089294433,9
chessBig_tx,50,100,10,10,0.1302000089845653,0.343958,0.4757018089294433,10
chessBig_tx,50,100,10,10,0.1281891869996674,0.312719,0.4757018089294433,median
chessBig_tx,100,100,10,10,0.1378198168579044,0.573884,0.4757018089294433,1
chessBig_tx,100,100,10,10,0.1378400012849601,0.586109,0.4757018089294433,2
chessBig_tx,100,100,10,10,0.1361230351395863,0.549653,0.4757018089294433,3
chessBig_tx,100,100,10,10,0.1383955038051131,0.535962,0.4757018089294433,4
chessBig_tx,100,100,10,10,0.1376102307549024,0.533732,0.4757018089294433,5
chessBig_tx,100,100,10,10,0.1384447156758485,0.57737,0.4757018089294433,6
chessBig_tx,100,100,10,10,0.1381900035987595,0.551061,0.4757018089294433,7
chessBig_tx,100,100,10,10,0.136557623496612,0.533595,0.4757018089294433,8
chessBig_tx,100,100,10,10,0.1373666386788969,0.587481,0.4757018089294433,9
chessBig_tx,100,100,10,10,0.1372821621442304,0.511847,0.4757018089294433,10
chessBig_tx,100,100,10,10,0.1378198168579044,0.573884,0.4757018089294433,median
chessBig_tx,2,100,10,20,0.0180341911986552,0.124567,0.8664126396179199,1
chessBig_tx,2,100,10,20,0.0180341911986552,0.141533,0.8664126396179199,2
chessBig_tx,2,100,10,20,0.0069510154731121,0.107295,0.8664126396179199,3
chessBig_tx,2,100,10,20,0.0180341911986552,0.127494,0.8664126396179199,4
chessBig_tx,2,100,10,20,0.0180341911986552,0.148345,0.8664126396179199,5
chessBig_tx,2,100,10,20,0.0180341911986552,0.145667,0.8664126396179199,6
chessBig_tx,2,100,10,20,0.0069510154731121,0.094297,0.8664126396179199,7
chessBig_tx,2,100,10,20,0.0180341911986552,0.139206,0.8664126396179199,8
chessBig_tx,2,100,10,20,0.0180341911986552,0.14454,0.8664126396179199,9
chessBig_tx,2,100,10,20,0.0069510154731122,0.129977,0.8664126396179199,10
chessBig_tx,2,100,10,20,0.0180341911986552,0.124567,0.8664126396179199,median
chessBig_tx,4,100,10,20,0.0273084277450983,0.162527,0.8664126396179199,1
chessBig_tx,4,100,10,20,0.0429597713055495,0.146383,0.8664126396179199,2
chessBig_tx,4,100,10,20,0.0273084277450983,0.142161,0.8664126396179199,3
chessBig_tx,4,100,10,20,0.0429597713055495,0.180377,0.8664126396179199,4
chessBig_tx,4,100,10,20,0.0273402357825378,0.141081,0.8664126396179199,5
chessBig_tx,4,100,10,20,0.0433260184426775,0.226447,0.8664126396179199,6
chessBig_tx,4,100,10,20,0.0273084277450983,0.152431,0.8664126396179199,7
chessBig_tx,4,100,10,20,0.0429597713055495,0.1759,0.8664126396179199,8
chessBig_tx,4,100,10,20,0.0433260184426775,0.177713,0.8664126396179199,9
chessBig_tx,4,100,10,20,0.0429597713055495,0.160962,0.8664126396179199,10
chessBig_tx,4,100,10,20,0.0429597713055495,0.180377,0.8664126396179199,median
chessBig_tx,8,100,10,20,0.0657577268153934,0.158746,0.8664126396179199,1
chessBig_tx,8,100,10,20,0.0646303999692172,0.179414,0.8664126396179199,2
chessBig_tx,8,100,10,20,0.0671689009278344,0.187356,0.8664126396179199,3
chessBig_tx,8,100,10,20,0.0608378910574899,0.170556,0.8664126396179199,4
chessBig_tx,8,100,10,20,0.0619966613870811,0.173105,0.8664126396179199,5
chessBig_tx,8,100,10,20,0.0671236806068457,0.167227,0.8664126396179199,6
chessBig_tx,8,100,10,20,0.0609931873945768,0.161226,0.8664126396179199,7
chessBig_tx,8,100,10,20,0.0656405844447184,0.165792,0.8664126396179199,8
chessBig_tx,8,100,10,20,0.0747935449398472,0.167908,0.8664126396179199,9
chessBig_tx,8,100,10,20,0.066054128314891,0.18574,0.8664126396179199,10
chessBig_tx,8,100,10,20,0.0656405844447184,0.165792,0.8664126396179199,median
chessBig_tx,10,100,10,20,0.0617165669041815,0.186921,0.8664126396179199,1
chessBig_tx,10,100,10,20,0.065693064514534,0.206928,0.8664126396179199,2
chessBig_tx,10,100,10,20,0.0689809403587795,0.164708,0.8664126396179199,3
chessBig_tx,10,100,10,20,0.0871739255109629,0.209406,0.8664126396179199,4
chessBig_tx,10,100,10,20,0.0745927805009736,0.171683,0.8664126396179199,5
chessBig_tx,10,100,10,20,0.0636823410522363,0.169744,0.8664126396179199,6
chessBig_tx,10,100,10,20,0.0733223987943167,0.17515,0.8664126396179199,7
chessBig_tx,10,100,10,20,0.0756972852835885,0.227467,0.8664126396179199,8
chessBig_tx,10,100,10,20,0.0702279711253055,0.168402,0.8664126396179199,9
chessBig_tx,10,100,10,20,0.0683977538860705,0.190086,0.8664126396179199,10
chessBig_tx,10,100,10,20,0.0689809403587795,0.164708,0.8664126396179199,median
chessBig_tx,16,100,10,20,0.0969111475967467,0.198304,0.8664126396179199,1
chessBig_tx,16,100,10,20,0.0902108087309519,0.1985,0.8664126396179199,2
chessBig_tx,16,100,10,20,0.0859961402186586,0.21109,0.8664126396179199,3
chessBig_tx,16,100,10,20,0.1051610570993643,0.217967,0.8664126396179199,4
chessBig_tx,16,100,10,20,0.1024848313818367,0.20102,0.8664126396179199,5
chessBig_tx,16,100,10,20,0.0887631472736031,0.291212,0.8664126396179199,6
chessBig_tx,16,100,10,20,0.0780013929997026,0.243457,0.8664126396179199,7
chessBig_tx,16,100,10,20,0.0941680057097838,0.202981,0.8664126396179199,8
chessBig_tx,16,100,10,20,0.0894553879259141,0.215174,0.8664126396179199,9
chessBig_tx,16,100,10,20,0.1006585819652298,0.197653,0.8664126396179199,10
chessBig_tx,16,100,10,20,0.0902108087309519,0.1985,0.8664126396179199,median
chessBig_tx,20,100,10,20,0.1110584944296154,0.18685,0.8664126396179199,1
chessBig_tx,20,100,10,20,0.1108703996976258,0.215466,0.8664126396179199,2
chessBig_tx,20,100,10,20,0.1192998914416343,0.211551,0.8664126396179199,3
chessBig_tx,20,100,10,20,0.1146336879466415,0.230105,0.8664126396179199,4
chessBig_tx,20,100,10,20,0.1060249377180588,0.227241,0.8664126396179199,5
chessBig_tx,20,100,10,20,0.1116532231293351,0.275412,0.8664126396179199,6
chessBig_tx,20,100,10,20,0.1081716362383929,0.230433,0.8664126396179199,7
chessBig_tx,20,100,10,20,0.1133475499469556,0.195155,0.8664126396179199,8
chessBig_tx,20,100,10,20,0.0985171110113575,0.179576,0.8664126396179199,9
chessBig_tx,20,100,10,20,0.1140518277093062,0.191549,0.8664126396179199,10
chessBig_tx,20,100,10,20,0.1116532231293351,0.275412,0.8664126396179199,median
chessBig_tx,50,100,10,20,0.1335977744904261,0.299561,0.8664126396179199,1
chessBig_tx,50,100,10,20,0.1324172627751164,0.369547,0.8664126396179199,2
chessBig_tx,50,100,10,20,0.1340676372668472,0.342362,0.8664126396179199,3
chessBig_tx,50,100,10,20,0.1343969689211401,0.314444,0.8664126396179199,4
chessBig_tx,50,100,10,20,0.133337268851547,0.302547,0.8664126396179199,5
chessBig_tx,50,100,10,20,0.1379534392487044,0.28184,0.8664126396179199,6
chessBig_tx,50,100,10,20,0.1311181100964678,0.300742,0.8664126396179199,7
chessBig_tx,50,100,10,20,0.1345368446959116,0.335477,0.8664126396179199,8
chessBig_tx,50,100,10,20,0.1383059170043623,0.305431,0.8664126396179199,9
chessBig_tx,50,100,10,20,0.1340953583600942,0.328906,0.8664126396179199,10
chessBig_tx,50,100,10,20,0.1340953583600942,0.328906,0.8664126396179199,median
chessBig_tx,100,100,10,20,0.1405237064469674,0.503817,0.8664126396179199,1
chessBig_tx,100,100,10,20,0.1387461866062002,0.563383,0.8664126396179199,2
chessBig_tx,100,100,10,20,0.1391794407386368,0.518541,0.8664126396179199,3
chessBig_tx,100,100,10,20,0.1387105668012074,0.551646,0.8664126396179199,4
chessBig_tx,100,100,10,20,0.1398650924379896,0.547216,0.8664126396179199,5
chessBig_tx,100,100,10,20,0.1391567714806943,0.522572,0.8664126396179199,6
chessBig_tx,100,100,10,20,0.1390515824187594,0.528876,0.8664126396179199,7
chessBig_tx,100,100,10,20,0.1397800655690396,0.536597,0.8664126396179199,8
chessBig_tx,100,100,10,20,0.1380325641600176,0.532228,0.8664126396179199,9
chessBig_tx,100,100,10,20,0.1390340271434373,0.538606,0.8664126396179199,10
chessBig_tx,100,100,10,20,0.1391567714806943,0.522572,0.8664126396179199,median
chessBig_tx,2,200,10,5,0.0159653254425806,0.150086,0.2624297142028808,1
chessBig_tx,2,200,10,5,0.0159653254425806,0.175856,0.2624297142028808,2
chessBig_tx,2,200,10,5,0.0159653254425806,0.169889,0.2624297142028808,3
chessBig_tx,2,200,10,5,0.0069510154731122,0.169763,0.2624297142028808,4
chessBig_tx,2,200,10,5,0.0159609722607046,0.212617,0.2624297142028808,5
chessBig_tx,2,200,10,5,0.0159609722607046,0.192016,0.2624297142028808,6
chessBig_tx,2,200,10,5,0.0069510154731122,0.168853,0.2624297142028808,7
chessBig_tx,2,200,10,5,0.0159609722607046,0.215004,0.2624297142028808,8
chessBig_tx,2,200,10,5,0.0159609722607046,0.196476,0.2624297142028808,9
chessBig_tx,2,200,10,5,0.0159653254425806,0.198391,0.2624297142028808,10
chessBig_tx,2,200,10,5,0.0159609722607046,0.212617,0.2624297142028808,median
chessBig_tx,4,200,10,5,0.0272724780111084,0.192907,0.2624297142028808,1
chessBig_tx,4,200,10,5,0.0261794671150384,0.185086,0.2624297142028808,2
chessBig_tx,4,200,10,5,0.0415960186201265,0.203893,0.2624297142028808,3
chessBig_tx,4,200,10,5,0.0261794671150384,0.190097,0.2624297142028808,4
chessBig_tx,4,200,10,5,0.0272724780111084,0.217103,0.2624297142028808,5
chessBig_tx,4,200,10,5,0.0415960186201265,0.1985,0.2624297142028808,6
chessBig_tx,4,200,10,5,0.0426055853655862,0.208129,0.2624297142028808,7
chessBig_tx,4,200,10,5,0.0426818294736796,0.28034,0.2624297142028808,8
chessBig_tx,4,200,10,5,0.0261794671150384,0.18669,0.2624297142028808,9
chessBig_tx,4,200,10,5,0.0414787825512222,0.224038,0.2624297142028808,10
chessBig_tx,4,200,10,5,0.0272724780111084,0.192907,0.2624297142028808,median
chessBig_tx,8,200,10,5,0.0751161087346632,0.231168,0.2624297142028808,1
chessBig_tx,8,200,10,5,0.053404760582126,0.236166,0.2624297142028808,2
chessBig_tx,8,200,10,5,0.0481737271944926,0.455153,0.2624297142028808,3
chessBig_tx,8,200,10,5,0.0665848501225918,0.268494,0.2624297142028808,4
chessBig_tx,8,200,10,5,0.0893346811963545,0.218018,0.2624297142028808,5
chessBig_tx,8,200,10,5,0.0748679416071521,0.222817,0.2624297142028808,6
chessBig_tx,8,200,10,5,0.0742784057992932,0.254564,0.2624297142028808,7
chessBig_tx,8,200,10,5,0.074604661715173,0.256011,0.2624297142028808,8
chessBig_tx,8,200,10,5,0.0747790168293296,0.254519,0.2624297142028808,9
chessBig_tx,8,200,10,5,0.0745492774180937,0.227193,0.2624297142028808,10
chessBig_tx,8,200,10,5,0.0745492774180937,0.227193,0.2624297142028808,median
chessBig_tx,10,200,10,5,0.0779498874379468,0.24199,0.2624297142028808,1
chessBig_tx,10,200,10,5,0.0821919810196438,0.315719,0.2624297142028808,2
chessBig_tx,10,200,10,5,0.0847929096873555,0.238295,0.2624297142028808,3
chessBig_tx,10,200,10,5,0.0910019023239791,0.2425,0.2624297142028808,4
chessBig_tx,10,200,10,5,0.0834189875950088,0.287643,0.2624297142028808,5
chessBig_tx,10,200,10,5,0.0967024090459361,0.230685,0.2624297142028808,6
chessBig_tx,10,200,10,5,0.0919514311458566,0.233137,0.2624297142028808,7
chessBig_tx,10,200,10,5,0.0906333994677882,0.289701,0.2624297142028808,8
chessBig_tx,10,200,10,5,0.1010424141792939,0.284137,0.2624297142028808,9
chessBig_tx,10,200,10,5,0.081149505217701,0.339488,0.2624297142028808,10
chessBig_tx,10,200,10,5,0.0847929096873555,0.238295,0.2624297142028808,median
chessBig_tx,16,200,10,5,0.1111423728415441,0.442188,0.2624297142028808,1
chessBig_tx,16,200,10,5,0.1111232195655484,0.347667,0.2624297142028808,2
chessBig_tx,16,200,10,5,0.107271483658301,0.296802,0.2624297142028808,3
chessBig_tx,16,200,10,5,0.1083741941745243,0.403314,0.2624297142028808,4
chessBig_tx,16,200,10,5,0.1183013625372015,0.396988,0.2624297142028808,5
chessBig_tx,16,200,10,5,0.1034677534519804,0.266106,0.2624297142028808,6
chessBig_tx,16,200,10,5,0.1119900999149975,0.433659,0.2624297142028808,7
chessBig_tx,16,200,10,5,0.0984308420007087,0.312878,0.2624297142028808,8
chessBig_tx,16,200,10,5,0.1116911627104421,0.37209,0.2624297142028808,9
chessBig_tx,16,200,10,5,0.1115276629675346,0.330917,0.2624297142028808,10
chessBig_tx,16,200,10,5,0.1111423728415441,0.442188,0.2624297142028808,median
chessBig_tx,20,200,10,5,0.118497015014935,0.376246,0.2624297142028808,1
chessBig_tx,20,200,10,5,0.1149428138920177,0.323521,0.2624297142028808,2
chessBig_tx,20,200,10,5,0.1177972723950105,0.317087,0.2624297142028808,3
chessBig_tx,20,200,10,5,0.1172683273896444,0.310645,0.2624297142028808,4
chessBig_tx,20,200,10,5,0.1147183070981691,0.34115,0.2624297142028808,5
chessBig_tx,20,200,10,5,0.1110627203091965,0.389691,0.2624297142028808,6
chessBig_tx,20,200,10,5,0.1150441162898747,0.346476,0.2624297142028808,7
chessBig_tx,20,200,10,5,0.1227883072114149,0.388339,0.2624297142028808,8
chessBig_tx,20,200,10,5,0.1237522893759991,0.38785,0.2624297142028808,9
chessBig_tx,20,200,10,5,0.1100960626341278,0.320035,0.2624297142028808,10
chessBig_tx,20,200,10,5,0.1172683273896444,0.310645,0.2624297142028808,median
chessBig_tx,50,200,10,5,0.1375185146445746,0.514124,0.2624297142028808,1
chessBig_tx,50,200,10,5,0.1337907131205206,0.589172,0.2624297142028808,2
chessBig_tx,50,200,10,5,0.1350673726535932,0.648895,0.2624297142028808,3
chessBig_tx,50,200,10,5,0.1360570674517264,0.555664,0.2624297142028808,4
chessBig_tx,50,200,10,5,0.1365782205827364,0.611564,0.2624297142028808,5
chessBig_tx,50,200,10,5,0.1336498984972451,0.587253,0.2624297142028808,6
chessBig_tx,50,200,10,5,0.1366072287129121,0.543247,0.2624297142028808,7
chessBig_tx,50,200,10,5,0.1355316826599095,0.502685,0.2624297142028808,8
chessBig_tx,50,200,10,5,0.1357142339814627,0.552509,0.2624297142028808,9
chessBig_tx,50,200,10,5,0.1361969725095492,0.530143,0.2624297142028808,10
chessBig_tx,50,200,10,5,0.1360570674517264,0.555664,0.2624297142028808,median
chessBig_tx,100,200,10,5,0.1416748957702817,0.959572,0.2624297142028808,1
chessBig_tx,100,200,10,5,0.1392514860309553,1.057878,0.2624297142028808,2
chessBig_tx,100,200,10,5,0.1413982552272346,0.932618,0.2624297142028808,3
chessBig_tx,100,200,10,5,0.1404024224233296,0.960208,0.2624297142028808,4
chessBig_tx,100,200,10,5,0.1429569079193626,1.136379,0.2624297142028808,5
chessBig_tx,100,200,10,5,0.1407980754273406,1.082219,0.2624297142028808,6
chessBig_tx,100,200,10,5,0.1403664219555064,0.99207,0.2624297142028808,7
chessBig_tx,100,200,10,5,0.1432182653754527,1.08517,0.2624297142028808,8
chessBig_tx,100,200,10,5,0.1425321386300192,0.948372,0.2624297142028808,9
chessBig_tx,100,200,10,5,0.1429709512660524,1.126304,0.2624297142028808,10
chessBig_tx,100,200,10,5,0.1413982552272346,0.932618,0.2624297142028808,median
chessBig_tx,2,200,10,10,0.0170880426519499,0.153417,0.483483076095581,1
chessBig_tx,2,200,10,10,0.0170880426519499,0.171857,0.483483076095581,2
chessBig_tx,2,200,10,10,0.0170693973476079,0.158737,0.483483076095581,3
chessBig_tx,2,200,10,10,0.0170693973476079,0.208301,0.483483076095581,4
chessBig_tx,2,200,10,10,0.0170880426519499,0.182499,0.483483076095581,5
chessBig_tx,2,200,10,10,0.0170693973476079,0.188526,0.483483076095581,6
chessBig_tx,2,200,10,10,0.0170693973476079,0.197831,0.483483076095581,7
chessBig_tx,2,200,10,10,0.0069510154731121,0.179595,0.483483076095581,8
chessBig_tx,2,200,10,10,0.0170693973476079,0.192115,0.483483076095581,9
chessBig_tx,2,200,10,10,0.0170693973476079,0.177819,0.483483076095581,10
chessBig_tx,2,200,10,10,0.0170693973476079,0.158737,0.483483076095581,median
chessBig_tx,4,200,10,10,0.0264110119440097,0.181183,0.483483076095581,1
chessBig_tx,4,200,10,10,0.0264110119440097,0.202103,0.483483076095581,2
chessBig_tx,4,200,10,10,0.0429403881384262,0.224504,0.483483076095581,3
chessBig_tx,4,200,10,10,0.0264110119440097,0.188952,0.483483076095581,4
chessBig_tx,4,200,10,10,0.0429403881384262,0.232517,0.483483076095581,5
chessBig_tx,4,200,10,10,0.0264110119440097,0.194459,0.483483076095581,6
chessBig_tx,4,200,10,10,0.0264110119440097,0.196299,0.483483076095581,7
chessBig_tx,4,200,10,10,0.0429403881384262,0.223062,0.483483076095581,8
chessBig_tx,4,200,10,10,0.0264110119440097,0.183314,0.483483076095581,9
chessBig_tx,4,200,10,10,0.0264110119440097,0.200339,0.483483076095581,10
chessBig_tx,4,200,10,10,0.0264110119440097,0.202103,0.483483076095581,median
chessBig_tx,8,200,10,10,0.062357965435688,0.244354,0.483483076095581,1
chessBig_tx,8,200,10,10,0.0750607433787471,0.255908,0.483483076095581,2
chessBig_tx,8,200,10,10,0.0872593507132756,0.253727,0.483483076095581,3
chessBig_tx,8,200,10,10,0.0643644341888878,0.274023,0.483483076095581,4
chessBig_tx,8,200,10,10,0.0733149180888106,0.256955,0.483483076095581,5
chessBig_tx,8,200,10,10,0.0750607433787471,0.250098,0.483483076095581,6
chessBig_tx,8,200,10,10,0.0598387780657547,0.25068,0.483483076095581,7
chessBig_tx,8,200,10,10,0.0598360703132216,0.245438,0.483483076095581,8
chessBig_tx,8,200,10,10,0.0611318164011301,0.241269,0.483483076095581,9
chessBig_tx,8,200,10,10,0.0599648616670565,0.305173,0.483483076095581,10
chessBig_tx,8,200,10,10,0.062357965435688,0.244354,0.483483076095581,median
chessBig_tx,10,200,10,10,0.0941846355545649,0.393389,0.483483076095581,1
chessBig_tx,10,200,10,10,0.0958999610393458,0.240836,0.483483076095581,2
chessBig_tx,10,200,10,10,0.0941109229472554,0.259573,0.483483076095581,3
chessBig_tx,10,200,10,10,0.0747848261608027,0.313167,0.483483076095581,4
chessBig_tx,10,200,10,10,0.076445599258397,0.2909,0.483483076095581,5
chessBig_tx,10,200,10,10,0.1027153030950745,0.293927,0.483483076095581,6
chessBig_tx,10,200,10,10,0.0648371281550965,0.312651,0.483483076095581,7
chessBig_tx,10,200,10,10,0.0844704132385849,0.284421,0.483483076095581,8
chessBig_tx,10,200,10,10,0.0643263875970342,0.28862,0.483483076095581,9
chessBig_tx,10,200,10,10,0.0825551489532034,0.283489,0.483483076095581,10
chessBig_tx,10,200,10,10,0.0844704132385849,0.284421,0.483483076095581,median
chessBig_tx,16,200,10,10,0.1078841348886819,0.314059,0.483483076095581,1
chessBig_tx,16,200,10,10,0.110236547704463,0.331935,0.483483076095581,2
chessBig_tx,16,200,10,10,0.0872573400749315,0.276777,0.483483076095581,3
chessBig_tx,16,200,10,10,0.1040624033918663,0.382493,0.483483076095581,4
chessBig_tx,16,200,10,10,0.0986628237202948,0.40174,0.483483076095581,5
chessBig_tx,16,200,10,10,0.1043698710154433,0.401924,0.483483076095581,6
chessBig_tx,16,200,10,10,0.1123615623832982,0.368591,0.483483076095581,7
chessBig_tx,16,200,10,10,0.1105197410276921,0.379231,0.483483076095581,8
chessBig_tx,16,200,10,10,0.1125764651400355,0.303166,0.483483076095581,9
chessBig_tx,16,200,10,10,0.1095138080877592,0.313154,0.483483076095581,10
chessBig_tx,16,200,10,10,0.1095138080877592,0.313154,0.483483076095581,median
chessBig_tx,20,200,10,10,0.1045005611966508,0.354555,0.483483076095581,1
chessBig_tx,20,200,10,10,0.1114139427982959,0.33152,0.483483076095581,2
chessBig_tx,20,200,10,10,0.1212263052949558,0.343283,0.483483076095581,3
chessBig_tx,20,200,10,10,0.1126817011518371,0.295549,0.483483076095581,4
chessBig_tx,20,200,10,10,0.1128889102645647,0.317781,0.483483076095581,5
chessBig_tx,20,200,10,10,0.1193714773683218,0.310707,0.483483076095581,6
chessBig_tx,20,200,10,10,0.1185806467493068,0.313407,0.483483076095581,7
chessBig_tx,20,200,10,10,0.110426879017894,0.293562,0.483483076095581,8
chessBig_tx,20,200,10,10,0.1172094719906932,0.3121,0.483483076095581,9
chessBig_tx,20,200,10,10,0.1145439861157923,0.327752,0.483483076095581,10
chessBig_tx,20,200,10,10,0.1128889102645647,0.317781,0.483483076095581,median
chessBig_tx,50,200,10,10,0.132562506365859,0.504815,0.483483076095581,1
chessBig_tx,50,200,10,10,0.1344483308553089,0.553918,0.483483076095581,2
chessBig_tx,50,200,10,10,0.1353544182582524,0.510066,0.483483076095581,3
chessBig_tx,50,200,10,10,0.135676584022782,0.600881,0.483483076095581,4
chessBig_tx,50,200,10,10,0.1374073790330138,0.524599,0.483483076095581,5
chessBig_tx,50,200,10,10,0.1342464525757233,0.617424,0.483483076095581,6
chessBig_tx,50,200,10,10,0.1357221140502082,0.507747,0.483483076095581,7
chessBig_tx,50,200,10,10,0.1350124170307421,0.501217,0.483483076095581,8
chessBig_tx,50,200,10,10,0.1344810985806775,0.509492,0.483483076095581,9
chessBig_tx,50,200,10,10,0.1353495097353326,0.552807,0.483483076095581,10
chessBig_tx,50,200,10,10,0.1350124170307421,0.501217,0.483483076095581,median
chessBig_tx,100,200,10,10,0.1378636548882711,1.006776,0.483483076095581,1
chessBig_tx,100,200,10,10,0.1389732025968851,0.912494,0.483483076095581,2
chessBig_tx,100,200,10,10,0.1382509499445377,0.941734,0.483483076095581,3
chessBig_tx,100,200,10,10,0.1385537249623405,1.052739,0.483483076095581,4
chessBig_tx,100,200,10,10,0.1377241168225322,0.933814,0.483483076095581,5
chessBig_tx,100,200,10,10,0.139184506994834,0.912062,0.483483076095581,6
chessBig_tx,100,200,10,10,0.1379994130223229,0.929099,0.483483076095581,7
chessBig_tx,100,200,10,10,0.1385210866979069,0.934758,0.483483076095581,8
chessBig_tx,100,200,10,10,0.1380153233573067,0.961671,0.483483076095581,9
chessBig_tx,100,200,10,10,0.1372053383157188,0.908918,0.483483076095581,10
chessBig_tx,100,200,10,10,0.1382509499445377,0.941734,0.483483076095581,median
chessBig_tx,2,200,10,20,0.0069510154731122,0.11774,0.9133567810058594,1
chessBig_tx,2,200,10,20,0.0179069459470624,0.156117,0.9133567810058594,2
chessBig_tx,2,200,10,20,0.0069510154731121,0.16175,0.9133567810058594,3
chessBig_tx,2,200,10,20,0.0179069459470624,0.169564,0.9133567810058594,4
chessBig_tx,2,200,10,20,0.0179069459470624,0.177285,0.9133567810058594,5
chessBig_tx,2,200,10,20,0.0069510154731121,0.138025,0.9133567810058594,6
chessBig_tx,2,200,10,20,0.0180080506753805,0.177817,0.9133567810058594,7
chessBig_tx,2,200,10,20,0.0180080506753805,0.194781,0.9133567810058594,8
chessBig_tx,2,200,10,20,0.0179069459470624,0.194402,0.9133567810058594,9
chessBig_tx,2,200,10,20,0.0180080506753805,0.204181,0.9133567810058594,10
chessBig_tx,2,200,10,20,0.0179069459470624,0.156117,0.9133567810058594,median
chessBig_tx,4,200,10,20,0.0465428313306714,0.202431,0.9133567810058594,1
chessBig_tx,4,200,10,20,0.0466063595925919,0.240615,0.9133567810058594,2
chessBig_tx,4,200,10,20,0.0267209040627135,0.178771,0.9133567810058594,3
chessBig_tx,4,200,10,20,0.0466063595925919,0.213625,0.9133567810058594,4
chessBig_tx,4,200,10,20,0.0466063595925919,0.203539,0.9133567810058594,5
chessBig_tx,4,200,10,20,0.038264495953044,0.188981,0.9133567810058594,6
chessBig_tx,4,200,10,20,0.0466063595925919,0.226121,0.9133567810058594,7
chessBig_tx,4,200,10,20,0.0382650882861437,0.265091,0.9133567810058594,8
chessBig_tx,4,200,10,20,0.0466063595925919,0.302889,0.9133567810058594,9
chessBig_tx,4,200,10,20,0.0466063595925919,0.203888,0.9133567810058594,10
chessBig_tx,4,200,10,20,0.0466063595925919,0.213625,0.9133567810058594,median
chessBig_tx,8,200,10,20,0.0746205942263952,0.24692,0.9133567810058594,1
chessBig_tx,8,200,10,20,0.0746205942263952,0.275073,0.9133567810058594,2
chessBig_tx,8,200,10,20,0.0759110336531117,0.301621,0.9133567810058594,3
chessBig_tx,8,200,10,20,0.0635903250837145,0.253099,0.9133567810058594,4
chessBig_tx,8,200,10,20,0.0880722497824864,0.263644,0.9133567810058594,5
chessBig_tx,8,200,10,20,0.0611627002618229,0.240308,0.9133567810058594,6
chessBig_tx,8,200,10,20,0.063139013017223,0.248611,0.9133567810058594,7
chessBig_tx,8,200,10,20,0.0851126645308996,0.229697,0.9133567810058594,8
chessBig_tx,8,200,10,20,0.0679786291872321,0.227345,0.9133567810058594,9
chessBig_tx,8,200,10,20,0.0589221906073102,0.275071,0.9133567810058594,10
chessBig_tx,8,200,10,20,0.0679786291872321,0.227345,0.9133567810058594,median
chessBig_tx,10,200,10,20,0.0848353807653338,0.318257,0.9133567810058594,1
chessBig_tx,10,200,10,20,0.0897818059419809,0.248297,0.9133567810058594,2
chessBig_tx,10,200,10,20,0.0697210258555012,0.271302,0.9133567810058594,3
chessBig_tx,10,200,10,20,0.0826783173144468,0.296971,0.9133567810058594,4
chessBig_tx,10,200,10,20,0.0845654150204457,0.285182,0.9133567810058594,5
chessBig_tx,10,200,10,20,0.0729436664503181,0.257808,0.9133567810058594,6
chessBig_tx,10,200,10,20,0.0860835966689801,0.260411,0.9133567810058594,7
chessBig_tx,10,200,10,20,0.0758187664381934,0.27986,0.9133567810058594,8
chessBig_tx,10,200,10,20,0.0625386958786554,0.2281,0.9133567810058594,9
chessBig_tx,10,200,10,20,0.0788326197598583,0.283148,0.9133567810058594,10
chessBig_tx,10,200,10,20,0.0826783173144468,0.296971,0.9133567810058594,median
chessBig_tx,16,200,10,20,0.0928887786806423,0.251369,0.9133567810058594,1
chessBig_tx,16,200,10,20,0.1100390060077036,0.2789,0.9133567810058594,2
chessBig_tx,16,200,10,20,0.1092843788327712,0.303271,0.9133567810058594,3
chessBig_tx,16,200,10,20,0.1101146296982419,0.251103,0.9133567810058594,4
chessBig_tx,16,200,10,20,0.0908511188415063,0.316029,0.9133567810058594,5
chessBig_tx,16,200,10,20,0.1009208105410282,0.272422,0.9133567810058594,6
chessBig_tx,16,200,10,20,0.1001689743582268,0.275732,0.9133567810058594,7
chessBig_tx,16,200,10,20,0.1020505815222496,0.320094,0.9133567810058594,8
chessBig_tx,16,200,10,20,0.1082592069542315,0.282432,0.9133567810058594,9
chessBig_tx,16,200,10,20,0.1070042582598145,0.278685,0.9133567810058594,10
chessBig_tx,16,200,10,20,0.1020505815222496,0.320094,0.9133567810058594,median
chessBig_tx,20,200,10,20,0.1036924837977373,0.310345,0.9133567810058594,1
chessBig_tx,20,200,10,20,0.0988909820566672,0.277011,0.9133567810058594,2
chessBig_tx,20,200,10,20,0.108539815593511,0.294368,0.9133567810058594,3
chessBig_tx,20,200,10,20,0.1132590897178172,0.301529,0.9133567810058594,4
chessBig_tx,20,200,10,20,0.1060437235560344,0.324177,0.9133567810058594,5
chessBig_tx,20,200,10,20,0.1086251618600405,0.313474,0.9133567810058594,6
chessBig_tx,20,200,10,20,0.1064026885149194,0.321543,0.9133567810058594,7
chessBig_tx,20,200,10,20,0.1033477972547464,0.302162,0.9133567810058594,8
chessBig_tx,20,200,10,20,0.1061121860287583,0.320689,0.9133567810058594,9
chessBig_tx,20,200,10,20,0.1009035548530444,0.289582,0.9133567810058594,10
chessBig_tx,20,200,10,20,0.1060437235560344,0.324177,0.9133567810058594,median
chessBig_tx,50,200,10,20,0.1327478912905511,0.496044,0.9133567810058594,1
chessBig_tx,50,200,10,20,0.1317728874224116,0.517739,0.9133567810058594,2
chessBig_tx,50,200,10,20,0.1326608642698276,0.512961,0.9133567810058594,3
chessBig_tx,50,200,10,20,0.1349360333101661,0.581647,0.9133567810058594,4
chessBig_tx,50,200,10,20,0.1355912088326266,0.632199,0.9133567810058594,5
chessBig_tx,50,200,10,20,0.1352324771455921,0.508376,0.9133567810058594,6
chessBig_tx,50,200,10,20,0.1352545491386916,0.447254,0.9133567810058594,7
chessBig_tx,50,200,10,20,0.13101640350076,0.551065,0.9133567810058594,8
chessBig_tx,50,200,10,20,0.135355882779417,0.478347,0.9133567810058594,9
chessBig_tx,50,200,10,20,0.1315120375754093,0.531466,0.9133567810058594,10
chessBig_tx,50,200,10,20,0.1327478912905511,0.496044,0.9133567810058594,median
chessBig_tx,100,200,10,20,0.1387176453243053,0.926236,0.9133567810058594,1
chessBig_tx,100,200,10,20,0.1372650968380824,0.913627,0.9133567810058594,2
chessBig_tx,100,200,10,20,0.139499796890627,1.142042,0.9133567810058594,3
chessBig_tx,100,200,10,20,0.1376295385395949,0.925574,0.9133567810058594,4
chessBig_tx,100,200,10,20,0.1392647876001615,0.924767,0.9133567810058594,5
chessBig_tx,100,200,10,20,0.1373296896194597,0.987773,0.9133567810058594,6
chessBig_tx,100,200,10,20,0.1374238174949358,0.895713,0.9133567810058594,7
chessBig_tx,100,200,10,20,0.1393634337856686,1.04383,0.9133567810058594,8
chessBig_tx,100,200,10,20,0.1376856065232509,0.939187,0.9133567810058594,9
chessBig_tx,100,200,10,20,0.1389759293467034,0.94813,0.9133567810058594,10
chessBig_tx,100,200,10,20,0.1376856065232509,0.939187,0.9133567810058594,median
chessBig_tx,2,500,10,5,0.0158217210369807,0.232308,0.2925758361816406,1
chessBig_tx,2,500,10,5,0.0158217210369807,0.285652,0.2925758361816406,2
chessBig_tx,2,500,10,5,0.0069510154731122,0.221522,0.2925758361816406,3
chessBig_tx,2,500,10,5,0.0158866095547799,0.316218,0.2925758361816406,4
chessBig_tx,2,500,10,5,0.0158064895865714,0.267908,0.2925758361816406,5
chessBig_tx,2,500,10,5,0.0158866095547799,0.413113,0.2925758361816406,6
chessBig_tx,2,500,10,5,0.0158866095547799,0.339133,0.2925758361816406,7
chessBig_tx,2,500,10,5,0.0158217210369807,0.312562,0.2925758361816406,8
chessBig_tx,2,500,10,5,0.015842574778143,0.288175,0.2925758361816406,9
chessBig_tx,2,500,10,5,0.0158217210369807,0.297637,0.2925758361816406,10
chessBig_tx,2,500,10,5,0.0158217210369807,0.232308,0.2925758361816406,median
chessBig_tx,4,500,10,5,0.0289900003886029,0.519773,0.2925758361816406,1
chessBig_tx,4,500,10,5,0.0251845449214625,0.307665,0.2925758361816406,2
chessBig_tx,4,500,10,5,0.0289900003886029,0.370759,0.2925758361816406,3
chessBig_tx,4,500,10,5,0.0289900003886029,0.474959,0.2925758361816406,4
chessBig_tx,4,500,10,5,0.0276412028170162,0.320124,0.2925758361816406,5
chessBig_tx,4,500,10,5,0.0469133458922808,0.297278,0.2925758361816406,6
chessBig_tx,4,500,10,5,0.0251845449214625,0.306503,0.2925758361816406,7
chessBig_tx,4,500,10,5,0.0248206544593697,0.315427,0.2925758361816406,8
chessBig_tx,4,500,10,5,0.0469133458922808,0.287745,0.2925758361816406,9
chessBig_tx,4,500,10,5,0.0289900003886029,0.434753,0.2925758361816406,10
chessBig_tx,4,500,10,5,0.0289900003886029,0.370759,0.2925758361816406,median
chessBig_tx,8,500,10,5,0.0722898540096856,0.38184,0.2925758361816406,1
chessBig_tx,8,500,10,5,0.0756963660672303,0.40835,0.2925758361816406,2
chessBig_tx,8,500,10,5,0.0764832068080482,0.439948,0.2925758361816406,3
chessBig_tx,8,500,10,5,0.0686383578205471,0.375477,0.2925758361816406,4
chessBig_tx,8,500,10,5,0.0606130983215723,0.619546,0.2925758361816406,5
chessBig_tx,8,500,10,5,0.0689677872036861,0.565736,0.2925758361816406,6
chessBig_tx,8,500,10,5,0.0878769548573968,0.525381,0.2925758361816406,7
chessBig_tx,8,500,10,5,0.0949156049103119,0.460894,0.2925758361816406,8
chessBig_tx,8,500,10,5,0.0727219461013217,0.518882,0.2925758361816406,9
chessBig_tx,8,500,10,5,0.0727219461013217,0.436716,0.2925758361816406,10
chessBig_tx,8,500,10,5,0.0727219461013217,0.436716,0.2925758361816406,median
chessBig_tx,10,500,10,5,0.0983408758438151,0.44397,0.2925758361816406,1
chessBig_tx,10,500,10,5,0.0892582802263691,0.551562,0.2925758361816406,2
chessBig_tx,10,500,10,5,0.093630390918162,0.480964,0.2925758361816406,3
chessBig_tx,10,500,10,5,0.10289583916468,0.573398,0.2925758361816406,4
chessBig_tx,10,500,10,5,0.0989930774395597,0.488031,0.2925758361816406,5
chessBig_tx,10,500,10,5,0.0989300888797242,0.553253,0.2925758361816406,6
chessBig_tx,10,500,10,5,0.1018152259333292,0.40954,0.2925758361816406,7
chessBig_tx,10,500,10,5,0.1023253087560065,0.452267,0.2925758361816406,8
chessBig_tx,10,500,10,5,0.0915632624391212,0.42998,0.2925758361816406,9
chessBig_tx,10,500,10,5,0.0987500769679673,0.409273,0.2925758361816406,10
chessBig_tx,10,500,10,5,0.0989300888797242,0.553253,0.2925758361816406,median
chessBig_tx,16,500,10,5,0.1063684141347393,0.717122,0.2925758361816406,1
chessBig_tx,16,500,10,5,0.1138619656493578,0.67613,0.2925758361816406,2
chessBig_tx,16,500,10,5,0.1092025370801332,0.667435,0.2925758361816406,3
chessBig_tx,16,500,10,5,0.1170706042470627,0.663376,0.2925758361816406,4
chessBig_tx,16,500,10,5,0.1178064365334994,0.560589,0.2925758361816406,5
chessBig_tx,16,500,10,5,0.117364611062065,0.796989,0.2925758361816406,6
chessBig_tx,16,500,10,5,0.1057265798633998,0.702799,0.2925758361816406,7
chessBig_tx,16,500,10,5,0.1054345952228724,0.59021,0.2925758361816406,8
chessBig_tx,16,500,10,5,0.1154867772607965,0.769065,0.2925758361816406,9
chessBig_tx,16,500,10,5,0.1012404196402332,0.532553,0.2925758361816406,10
chessBig_tx,16,500,10,5,0.1138619656493578,0.67613,0.2925758361816406,median
chessBig_tx,20,500,10,5,0.1176023739116999,0.799467,0.2925758361816406,1
chessBig_tx,20,500,10,5,0.12079287514656,0.563389,0.2925758361816406,2
chessBig_tx,20,500,10,5,0.1254552117075131,0.782608,0.2925758361816406,3
chessBig_tx,20,500,10,5,0.1178156283282686,0.79476,0.2925758361816406,4
chessBig_tx,20,500,10,5,0.1165209208022638,0.655774,0.2925758361816406,5
chessBig_tx,20,500,10,5,0.1211383681190415,0.774211,0.2925758361816406,6
chessBig_tx,20,500,10,5,0.1257314557817337,0.640681,0.2925758361816406,7
chessBig_tx,20,500,10,5,0.1180587515866912,0.620309,0.2925758361816406,8
chessBig_tx,20,500,10,5,0.1219324492097532,0.722904,0.2925758361816406,9
chessBig_tx,20,500,10,5,0.1260701301400379,0.744812,0.2925758361816406,10
chessBig_tx,20,500,10,5,0.12079287514656,0.563389,0.2925758361816406,median
chessBig_tx,50,500,10,5,0.1375042026679987,1.181643,0.2925758361816406,1
chessBig_tx,50,500,10,5,0.1368511372803134,1.336551,0.2925758361816406,2
chessBig_tx,50,500,10,5,0.1384974740294333,1.350681,0.2925758361816406,3
chessBig_tx,50,500,10,5,0.138529855225832,1.184795,0.2925758361816406,4
chessBig_tx,50,500,10,5,0.1364872411560387,1.176053,0.2925758361816406,5
chessBig_tx,50,500,10,5,0.1370995785949754,1.130911,0.2925758361816406,6
chessBig_tx,50,500,10,5,0.1367072639798927,1.074549,0.2925758361816406,7
chessBig_tx,50,500,10,5,0.1386349538778449,1.175233,0.2925758361816406,8
chessBig_tx,50,500,10,5,0.1399261473880094,1.132887,0.2925758361816406,9
chessBig_tx,50,500,10,5,0.1367062592435736,1.10693,0.2925758361816406,10
chessBig_tx,50,500,10,5,0.1375042026679987,1.181643,0.2925758361816406,median
chessBig_tx,100,500,10,5,0.1456121193948711,2.291557,0.2925758361816406,1
chessBig_tx,100,500,10,5,0.1435653047644037,2.405397,0.2925758361816406,2
chessBig_tx,100,500,10,5,0.1443891189633241,2.493253,0.2925758361816406,3
chessBig_tx,100,500,10,5,0.1459608576662586,2.16362,0.2925758361816406,4
chessBig_tx,100,500,10,5,0.1437391271599531,2.262635,0.2925758361816406,5
chessBig_tx,100,500,10,5,0.1429285273057434,2.176398,0.2925758361816406,6
chessBig_tx,100,500,10,5,0.145536725441475,2.063357,0.2925758361816406,7
chessBig_tx,100,500,10,5,0.1445362812558754,2.185556,0.2925758361816406,8
chessBig_tx,100,500,10,5,0.1456303432090334,2.232622,0.2925758361816406,9
chessBig_tx,100,500,10,5,0.1460806209575439,2.558868,0.2925758361816406,10
chessBig_tx,100,500,10,5,0.1445362812558754,2.185556,0.2925758361816406,median
chessBig_tx,2,500,10,10,0.0186607034404548,0.218048,0.5957210063934326,1
chessBig_tx,2,500,10,10,0.0069510154731121,0.167869,0.5957210063934326,2
chessBig_tx,2,500,10,10,0.0186607034404548,0.249583,0.5957210063934326,3
chessBig_tx,2,500,10,10,0.0186607034404548,0.269761,0.5957210063934326,4
chessBig_tx,2,500,10,10,0.0187694103063996,0.287221,0.5957210063934326,5
chessBig_tx,2,500,10,10,0.0069510154731121,0.216637,0.5957210063934326,6
chessBig_tx,2,500,10,10,0.0186607034404548,0.312104,0.5957210063934326,7
chessBig_tx,2,500,10,10,0.0186607034404548,0.247076,0.5957210063934326,8
chessBig_tx,2,500,10,10,0.0187694103063996,0.338756,0.5957210063934326,9
chessBig_tx,2,500,10,10,0.0187694103063996,0.320618,0.5957210063934326,10
chessBig_tx,2,500,10,10,0.0186607034404548,0.218048,0.5957210063934326,median
chessBig_tx,4,500,10,10,0.0278823525107026,0.290021,0.5957210063934326,1
chessBig_tx,4,500,10,10,0.0423098666833422,0.305494,0.5957210063934326,2
chessBig_tx,4,500,10,10,0.0416532387774468,0.328749,0.5957210063934326,3
chessBig_tx,4,500,10,10,0.0278823525107026,0.315588,0.5957210063934326,4
chessBig_tx,4,500,10,10,0.0278823525107026,0.302759,0.5957210063934326,5
chessBig_tx,4,500,10,10,0.0423098666833422,0.347333,0.5957210063934326,6
chessBig_tx,4,500,10,10,0.0278823525107026,0.300515,0.5957210063934326,7
chessBig_tx,4,500,10,10,0.0416532387774468,0.352139,0.5957210063934326,8
chessBig_tx,4,500,10,10,0.0453358702813848,0.547328,0.5957210063934326,9
chessBig_tx,4,500,10,10,0.0278823525107026,0.305562,0.5957210063934326,10
chessBig_tx,4,500,10,10,0.0278823525107026,0.290021,0.5957210063934326,median
chessBig_tx,8,500,10,10,0.0756223466768351,0.386787,0.5957210063934326,1
chessBig_tx,8,500,10,10,0.1108182768544062,0.434237,0.5957210063934326,2
chessBig_tx,8,500,10,10,0.0789395816612005,0.466102,0.5957210063934326,3
chessBig_tx,8,500,10,10,0.0755198724596243,0.407998,0.5957210063934326,4
chessBig_tx,8,500,10,10,0.0989376735361731,0.457801,0.5957210063934326,5
chessBig_tx,8,500,10,10,0.0782764709430409,0.516999,0.5957210063934326,6
chessBig_tx,8,500,10,10,0.0774929087497097,0.528669,0.5957210063934326,7
chessBig_tx,8,500,10,10,0.0769355808309907,0.418071,0.5957210063934326,8
chessBig_tx,8,500,10,10,0.0757294104847903,0.516871,0.5957210063934326,9
chessBig_tx,8,500,10,10,0.082817317842533,0.378893,0.5957210063934326,10
chessBig_tx,8,500,10,10,0.0774929087497097,0.528669,0.5957210063934326,median
chessBig_tx,10,500,10,10,0.1111652804881156,0.449371,0.5957210063934326,1
chessBig_tx,10,500,10,10,0.0932530150513035,0.557636,0.5957210063934326,2
chessBig_tx,10,500,10,10,0.1079668145569972,0.451808,0.5957210063934326,3
chessBig_tx,10,500,10,10,0.0837341506029619,0.524149,0.5957210063934326,4
chessBig_tx,10,500,10,10,0.1080323178724125,0.47964,0.5957210063934326,5
chessBig_tx,10,500,10,10,0.1046937029972223,0.433895,0.5957210063934326,6
chessBig_tx,10,500,10,10,0.1092198035075175,0.453194,0.5957210063934326,7
chessBig_tx,10,500,10,10,0.1049036059700107,0.477588,0.5957210063934326,8
chessBig_tx,10,500,10,10,0.0817469459079893,0.407893,0.5957210063934326,9
chessBig_tx,10,500,10,10,0.0820911009812949,0.518889,0.5957210063934326,10
chessBig_tx,10,500,10,10,0.1046937029972223,0.433895,0.5957210063934326,median
chessBig_tx,16,500,10,10,0.1172367238498222,0.480568,0.5957210063934326,1
chessBig_tx,16,500,10,10,0.119783940520881,0.432513,0.5957210063934326,2
chessBig_tx,16,500,10,10,0.1114269180485283,0.526844,0.5957210063934326,3
chessBig_tx,16,500,10,10,0.1209710678169316,0.771969,0.5957210063934326,4
chessBig_tx,16,500,10,10,0.118781509452924,0.489543,0.5957210063934326,5
chessBig_tx,16,500,10,10,0.1191710149494442,0.616989,0.5957210063934326,6
chessBig_tx,16,500,10,10,0.1242271613400192,0.601031,0.5957210063934326,7
chessBig_tx,16,500,10,10,0.1077150846686164,0.591979,0.5957210063934326,8
chessBig_tx,16,500,10,10,0.1248340428511708,0.593988,0.5957210063934326,9
chessBig_tx,16,500,10,10,0.1155885379409142,0.535215,0.5957210063934326,10
chessBig_tx,16,500,10,10,0.118781509452924,0.489543,0.5957210063934326,median
chessBig_tx,20,500,10,10,0.1256462787389029,0.638321,0.5957210063934326,1
chessBig_tx,20,500,10,10,0.1215437318782571,0.635888,0.5957210063934326,2
chessBig_tx,20,500,10,10,0.1265381721085937,0.637821,0.5957210063934326,3
chessBig_tx,20,500,10,10,0.1261303416188113,0.622177,0.5957210063934326,4
chessBig_tx,20,500,10,10,0.1240045080835951,0.542837,0.5957210063934326,5
chessBig_tx,20,500,10,10,0.1241656757143076,0.550316,0.5957210063934326,6
chessBig_tx,20,500,10,10,0.1228486263130317,0.578933,0.5957210063934326,7
chessBig_tx,20,500,10,10,0.1249431566968181,0.900633,0.5957210063934326,8
chessBig_tx,20,500,10,10,0.1275359011196487,0.511946,0.5957210063934326,9
chessBig_tx,20,500,10,10,0.1194896851361994,0.586802,0.5957210063934326,10
chessBig_tx,20,500,10,10,0.1241656757143076,0.550316,0.5957210063934326,median
chessBig_tx,50,500,10,10,0.137144317410193,1.074765,0.5957210063934326,1
chessBig_tx,50,500,10,10,0.138950553716581,1.084963,0.5957210063934326,2
chessBig_tx,50,500,10,10,0.1383624804163872,1.184995,0.5957210063934326,3
chessBig_tx,50,500,10,10,0.13870669704473,1.006368,0.5957210063934326,4
chessBig_tx,50,500,10,10,0.1368911261258491,1.058972,0.5957210063934326,5
chessBig_tx,50,500,10,10,0.1392312985062358,1.046723,0.5957210063934326,6
chessBig_tx,50,500,10,10,0.139158335562757,1.262322,0.5957210063934326,7
chessBig_tx,50,500,10,10,0.1414208087353183,1.047393,0.5957210063934326,8
chessBig_tx,50,500,10,10,0.1406201263664587,1.006957,0.5957210063934326,9
chessBig_tx,50,500,10,10,0.1373642582649189,1.100248,0.5957210063934326,10
chessBig_tx,50,500,10,10,0.138950553716581,1.084963,0.5957210063934326,median
chessBig_tx,100,500,10,10,0.1403015641731771,2.153067,0.5957210063934326,1
chessBig_tx,100,500,10,10,0.1400743781870165,2.268335,0.5957210063934326,2
chessBig_tx,100,500,10,10,0.1399087631676526,2.266508,0.5957210063934326,3
chessBig_tx,100,500,10,10,0.1405705299138379,2.040001,0.5957210063934326,4
chessBig_tx,100,500,10,10,0.1408966839678753,2.332459,0.5957210063934326,5
chessBig_tx,100,500,10,10,0.1389483349050211,2.148207,0.5957210063934326,6
chessBig_tx,100,500,10,10,0.1406288799846693,2.159978,0.5957210063934326,7
chessBig_tx,100,500,10,10,0.139365367691243,2.33035,0.5957210063934326,8
chessBig_tx,100,500,10,10,0.1406833060889303,2.23273,0.5957210063934326,9
chessBig_tx,100,500,10,10,0.1398855648259565,2.289807,0.5957210063934326,10
chessBig_tx,100,500,10,10,0.1403015641731771,2.153067,0.5957210063934326,median
chessBig_tx,2,500,10,20,0.018755341950240034,0.202938,1.1272170543670654,1
chessBig_tx,2,500,10,20,0.018755341950240034,0.265428,1.1272170543670654,2
chessBig_tx,2,500,10,20,0.018755341950240034,0.252819,1.1272170543670654,3
chessBig_tx,2,500,10,20,0.018755341950240034,0.300749,1.1272170543670654,4
chessBig_tx,2,500,10,20,0.018755341950240034,0.299577,1.1272170543670654,5
chessBig_tx,2,500,10,20,0.006951015473112201,0.263417,1.1272170543670654,6
chessBig_tx,2,500,10,20,0.018755341950240034,0.325475,1.1272170543670654,7
chessBig_tx,2,500,10,20,0.018755341950240034,0.319057,1.1272170543670654,8
chessBig_tx,2,500,10,20,0.006951015473112201,0.244004,1.1272170543670654,9
chessBig_tx,2,500,10,20,0.006951015473112198,0.264237,1.1272170543670654,10
chessBig_tx,2,500,10,20,0.018755341950240034,0.202938,1.1272170543670654,median
chessBig_tx,4,500,10,20,0.0278192505295714,0.305998,1.1272170543670654,1
chessBig_tx,4,500,10,20,0.04143577858616054,0.333068,1.1272170543670654,2
chessBig_tx,4,500,10,20,0.041435778586160536,0.360981,1.1272170543670654,3
chessBig_tx,4,500,10,20,0.03485321168073976,0.486559,1.1272170543670654,4
chessBig_tx,4,500,10,20,0.04135292113697289,0.347164,1.1272170543670654,5
chessBig_tx,4,500,10,20,0.0278192505295714,0.297811,1.1272170543670654,6
chessBig_tx,4,500,10,20,0.0278192505295714,0.294385,1.1272170543670654,7
chessBig_tx,4,500,10,20,0.041435778586160536,0.365143,1.1272170543670654,8
chessBig_tx,4,500,10,20,0.04135292113697289,0.311709,1.1272170543670654,9
chessBig_tx,4,500,10,20,0.04143577858616054,0.387276,1.1272170543670654,10
chessBig_tx,4,500,10,20,0.04135292113697289,0.347164,1.1272170543670654,median
chessBig_tx,8,500,10,20,0.054566373091482816,0.466477,1.1272170543670654,1
chessBig_tx,8,500,10,20,0.076252526557551,0.498533,1.1272170543670654,2
chessBig_tx,8,500,10,20,0.05790386673402272,0.441051,1.1272170543670654,3
chessBig_tx,8,500,10,20,0.07606105276042434,0.461309,1.1272170543670654,4
chessBig_tx,8,500,10,20,0.0578673838458864,0.672092,1.1272170543670654,5
chessBig_tx,8,500,10,20,0.08409266079302503,0.498211,1.1272170543670654,6
chessBig_tx,8,500,10,20,0.05463154616816558,0.6737,1.1272170543670654,7
chessBig_tx,8,500,10,20,0.05980196081226495,0.508321,1.1272170543670654,8
chessBig_tx,8,500,10,20,0.05813112787667065,0.399815,1.1272170543670654,9
chessBig_tx,8,500,10,20,0.06386270095051211,0.6454,1.1272170543670654,10
chessBig_tx,8,500,10,20,0.05813112787667065,0.399815,1.1272170543670654,median
chessBig_tx,10,500,10,20,0.10322168129304744,0.43929,1.1272170543670654,1
chessBig_tx,10,500,10,20,0.07517460734768085,0.55864,1.1272170543670654,2
chessBig_tx,10,500,10,20,0.07710560319603119,0.409284,1.1272170543670654,3
chessBig_tx,10,500,10,20,0.0824043892554245,0.666156,1.1272170543670654,4
chessBig_tx,10,500,10,20,0.07839570444369293,0.587587,1.1272170543670654,5
chessBig_tx,10,500,10,20,0.06886751847849133,0.704334,1.1272170543670654,6
chessBig_tx,10,500,10,20,0.0838677377956698,0.687924,1.1272170543670654,7
chessBig_tx,10,500,10,20,0.07130170336373769,0.475271,1.1272170543670654,8
chessBig_tx,10,500,10,20,0.060080263910289554,0.657658,1.1272170543670654,9
chessBig_tx,10,500,10,20,0.09195212267430468,0.443458,1.1272170543670654,10
chessBig_tx,10,500,10,20,0.07710560319603119,0.409284,1.1272170543670654,median
chessBig_tx,16,500,10,20,0.11297949738519351,0.596897,1.1272170543670654,1
chessBig_tx,16,500,10,20,0.10460232342206444,0.514923,1.1272170543670654,2
chessBig_tx,16,500,10,20,0.11278602115421277,0.579377,1.1272170543670654,3
chessBig_tx,16,500,10,20,0.11774446741207086,0.571853,1.1272170543670654,4
chessBig_tx,16,500,10,20,0.10362902592925974,0.466481,1.1272170543670654,5
chessBig_tx,16,500,10,20,0.10867218610097472,0.775675,1.1272170543670654,6
chessBig_tx,16,500,10,20,0.10079497322550668,0.550233,1.1272170543670654,7
chessBig_tx,16,500,10,20,0.10985320978659768,0.584021,1.1272170543670654,8
chessBig_tx,16,500,10,20,0.10536504110736333,0.537779,1.1272170543670654,9
chessBig_tx,16,500,10,20,0.10143324177028944,0.563949,1.1272170543670654,10
chessBig_tx,16,500,10,20,0.10867218610097472,0.775675,1.1272170543670654,median
chessBig_tx,20,500,10,20,0.11095832801583044,0.617694,1.1272170543670654,1
chessBig_tx,20,500,10,20,0.10295462535185192,0.752519,1.1272170543670654,2
chessBig_tx,20,500,10,20,0.12266360417892026,0.798796,1.1272170543670654,3
chessBig_tx,20,500,10,20,0.1172772944551648,0.605866,1.1272170543670654,4
chessBig_tx,20,500,10,20,0.10914597519899275,0.706411,1.1272170543670654,5
chessBig_tx,20,500,10,20,0.1224267305738276,0.752847,1.1272170543670654,6
chessBig_tx,20,500,10,20,0.12311796255317971,0.833813,1.1272170543670654,7
chessBig_tx,20,500,10,20,0.11820575711949129,0.600741,1.1272170543670654,8
chessBig_tx,20,500,10,20,0.11777579213662338,0.792662,1.1272170543670654,9
chessBig_tx,20,500,10,20,0.11980051431838123,0.527569,1.1272170543670654,10
chessBig_tx,20,500,10,20,0.11820575711949129,0.600741,1.1272170543670654,median
chessBig_tx,50,500,10,20,0.1350650205307191,1.142131,1.1272170543670654,1
chessBig_tx,50,500,10,20,0.13533448835663964,1.342615,1.1272170543670654,2
chessBig_tx,50,500,10,20,0.1378819689998625,1.120416,1.1272170543670654,3
chessBig_tx,50,500,10,20,0.1341793453406633,1.196392,1.1272170543670654,4
chessBig_tx,50,500,10,20,0.13368980875480554,1.17615,1.1272170543670654,5
chessBig_tx,50,500,10,20,0.13609015051584164,1.256511,1.1272170543670654,6
chessBig_tx,50,500,10,20,0.13681621568397725,1.146432,1.1272170543670654,7
chessBig_tx,50,500,10,20,0.1366825106231053,0.969959,1.1272170543670654,8
chessBig_tx,50,500,10,20,0.13448327997801443,1.037889,1.1272170543670654,9
chessBig_tx,50,500,10,20,0.13773499134401007,1.100145,1.1272170543670654,10
chessBig_tx,50,500,10,20,0.13533448835663964,1.342615,1.1272170543670654,median
chessBig_tx,100,500,10,20,0.13847923581771965,2.078327,1.1272170543670654,1
chessBig_tx,100,500,10,20,0.14035317226541666,2.199843,1.1272170543670654,2
chessBig_tx,100,500,10,20,0.13861099813991892,2.125024,1.1272170543670654,3
chessBig_tx,100,500,10,20,0.13980064447084653,2.127781,1.1272170543670654,4
chessBig_tx,100,500,10,20,0.13927096884781168,2.153788,1.1272170543670654,5
chessBig_tx,100,500,10,20,0.13936082738858693,2.132147,1.1272170543670654,6
chessBig_tx,100,500,10,20,0.14037458275276835,2.063954,1.1272170543670654,7
chessBig_tx,100,500,10,20,0.13963172554750858,2.310541,1.1272170543670654,8
chessBig_tx,100,500,10,20,0.13862357101663286,2.143139,1.1272170543670654,9
chessBig_tx,100,500,10,20,0.13859742130153893,2.07988,1.1272170543670654,10
chessBig_tx,100,500,10,20,0.13927096884781168,2.153788,1.1272170543670654,median
