file,n_clusters,vector_size,window,epochs,NMI,running_time,training_time,iteration
connect_tx,2,50,5,5,0.0013293714472446,0.153531,7.798694133758545,1
connect_tx,2,50,5,5,0.0013323627209729,0.192947,7.798694133758545,2
connect_tx,2,50,5,5,0.0013323627209729,0.179887,7.798694133758545,3
connect_tx,2,50,5,5,0.0011114499814273,0.157843,7.798694133758545,4
connect_tx,2,50,5,5,0.000141335204409,0.168391,7.798694133758545,5
connect_tx,2,50,5,5,0.0001380244515114,0.162281,7.798694133758545,6
connect_tx,2,50,5,5,0.0009403517485726,0.173572,7.798694133758545,7
connect_tx,2,50,5,5,0.0007969836067055,0.154379,7.798694133758545,8
connect_tx,2,50,5,5,0.0010830947976728,0.160967,7.798694133758545,9
connect_tx,2,50,5,5,0.0013378172525559,0.205877,7.798694133758545,10
connect_tx,2,50,5,5,0.0010830947976728,0.160967,7.798694133758545,median
connect_tx,4,50,5,5,0.0010531092656605,0.184527,7.798694133758545,1
connect_tx,4,50,5,5,0.0023288262834859,0.193524,7.798694133758545,2
connect_tx,4,50,5,5,0.0022360445537637,0.187519,7.798694133758545,3
connect_tx,4,50,5,5,0.00105183017868,0.222597,7.798694133758545,4
connect_tx,4,50,5,5,0.0023218021588561,0.215382,7.798694133758545,5
connect_tx,4,50,5,5,0.0022609198709488,0.169639,7.798694133758545,6
connect_tx,4,50,5,5,0.0022713286057912,0.195848,7.798694133758545,7
connect_tx,4,50,5,5,0.0022571146727359,0.167748,7.798694133758545,8
connect_tx,4,50,5,5,0.0022610965785106,0.198746,7.798694133758545,9
connect_tx,4,50,5,5,0.0016091644604295,0.19588,7.798694133758545,10
connect_tx,4,50,5,5,0.0022609198709488,0.169639,7.798694133758545,median
connect_tx,8,50,5,5,0.0031339110059944,0.23247,7.798694133758545,1
connect_tx,8,50,5,5,0.0031070710475999,0.287592,7.798694133758545,2
connect_tx,8,50,5,5,0.0031134905736276,0.248596,7.798694133758545,3
connect_tx,8,50,5,5,0.0031821446226932,0.20025,7.798694133758545,4
connect_tx,8,50,5,5,0.0031263616824825,0.2286,7.798694133758545,5
connect_tx,8,50,5,5,0.0030970771311151,0.2442,7.798694133758545,6
connect_tx,8,50,5,5,0.0031070710475999,0.214804,7.798694133758545,7
connect_tx,8,50,5,5,0.0031270233881354,0.206857,7.798694133758545,8
connect_tx,8,50,5,5,0.0031242144928103,0.208308,7.798694133758545,9
connect_tx,8,50,5,5,0.0030908377268176,0.235033,7.798694133758545,10
connect_tx,8,50,5,5,0.0031134905736276,0.248596,7.798694133758545,median
connect_tx,10,50,5,5,0.002932778543718,0.22821,7.798694133758545,1
connect_tx,10,50,5,5,0.0031590243226682,0.261096,7.798694133758545,2
connect_tx,10,50,5,5,0.0034071286421568,0.207604,7.798694133758545,3
connect_tx,10,50,5,5,0.0034009690176247,0.266856,7.798694133758545,4
connect_tx,10,50,5,5,0.0035514368349557,0.364428,7.798694133758545,5
connect_tx,10,50,5,5,0.0031888175576546,0.23167,7.798694133758545,6
connect_tx,10,50,5,5,0.0031638965445039,0.264684,7.798694133758545,7
connect_tx,10,50,5,5,0.0029865946004586,0.239198,7.798694133758545,8
connect_tx,10,50,5,5,0.0029206664523444,0.247757,7.798694133758545,9
connect_tx,10,50,5,5,0.0031916571895809,0.265984,7.798694133758545,10
connect_tx,10,50,5,5,0.0031888175576546,0.23167,7.798694133758545,median
connect_tx,16,50,5,5,0.0035895724314843,0.277095,7.798694133758545,1
connect_tx,16,50,5,5,0.0031283222988526,0.27046,7.798694133758545,2
connect_tx,16,50,5,5,0.0035904437437631,0.396598,7.798694133758545,3
connect_tx,16,50,5,5,0.0036922294561679,0.332637,7.798694133758545,4
connect_tx,16,50,5,5,0.0032485948637192,0.337889,7.798694133758545,5
connect_tx,16,50,5,5,0.0036110816755862,0.307031,7.798694133758545,6
connect_tx,16,50,5,5,0.0033505260013275,0.305648,7.798694133758545,7
connect_tx,16,50,5,5,0.0029874609825903,0.441873,7.798694133758545,8
connect_tx,16,50,5,5,0.0035541551978693,0.246898,7.798694133758545,9
connect_tx,16,50,5,5,0.0031306418795521,0.282171,7.798694133758545,10
connect_tx,16,50,5,5,0.0033505260013275,0.305648,7.798694133758545,median
connect_tx,20,50,5,5,0.0044023782594017,0.370425,7.798694133758545,1
connect_tx,20,50,5,5,0.0039238126221402,0.456232,7.798694133758545,2
connect_tx,20,50,5,5,0.0038180109294388,0.383449,7.798694133758545,3
connect_tx,20,50,5,5,0.0034779544848549,0.392824,7.798694133758545,4
connect_tx,20,50,5,5,0.0036034956088429,0.31819,7.798694133758545,5
connect_tx,20,50,5,5,0.0033240576416337,0.365282,7.798694133758545,6
connect_tx,20,50,5,5,0.0037596139333093,0.349394,7.798694133758545,7
connect_tx,20,50,5,5,0.0039428085447134,0.419908,7.798694133758545,8
connect_tx,20,50,5,5,0.0032162642509921,0.404065,7.798694133758545,9
connect_tx,20,50,5,5,0.0036010403990906,0.30815,7.798694133758545,10
connect_tx,20,50,5,5,0.0037596139333093,0.349394,7.798694133758545,median
connect_tx,50,50,5,5,0.0042431198592469,0.592939,7.798694133758545,1
connect_tx,50,50,5,5,0.0043019444856331,0.524488,7.798694133758545,2
connect_tx,50,50,5,5,0.0045922105815619,0.612956,7.798694133758545,3
connect_tx,50,50,5,5,0.0046986649416525,0.964101,7.798694133758545,4
connect_tx,50,50,5,5,0.004498885044649,0.644102,7.798694133758545,5
connect_tx,50,50,5,5,0.0041857972000852,0.578151,7.798694133758545,6
connect_tx,50,50,5,5,0.0043000119148685,0.61528,7.798694133758545,7
connect_tx,50,50,5,5,0.0045538413185046,0.539822,7.798694133758545,8
connect_tx,50,50,5,5,0.0043737324781545,0.630018,7.798694133758545,9
connect_tx,50,50,5,5,0.0047909173549958,0.684823,7.798694133758545,10
connect_tx,50,50,5,5,0.0043737324781545,0.630018,7.798694133758545,median
connect_tx,100,50,5,5,0.0053795283339654,1.005476,7.798694133758545,1
connect_tx,100,50,5,5,0.0054809360431751,1.135089,7.798694133758545,2
connect_tx,100,50,5,5,0.005395259699294,1.065413,7.798694133758545,3
connect_tx,100,50,5,5,0.0052188060761583,1.015264,7.798694133758545,4
connect_tx,100,50,5,5,0.0054243938977385,0.953919,7.798694133758545,5
connect_tx,100,50,5,5,0.0053227883620397,1.379326,7.798694133758545,6
connect_tx,100,50,5,5,0.0051041746675938,1.261672,7.798694133758545,7
connect_tx,100,50,5,5,0.0052182535750527,1.016716,7.798694133758545,8
connect_tx,100,50,5,5,0.0053395060139828,0.943689,7.798694133758545,9
connect_tx,100,50,5,5,0.0057122782901852,0.952671,7.798694133758545,10
connect_tx,100,50,5,5,0.0053795283339654,1.005476,7.798694133758545,median
connect_tx,2,50,5,10,7.555754504814186e-05,0.166558,15.329105138778688,1
connect_tx,2,50,5,10,8.786123234067368e-05,0.145806,15.329105138778688,2
connect_tx,2,50,5,10,7.580444549331286e-05,0.20287,15.329105138778688,3
connect_tx,2,50,5,10,7.555754504814186e-05,0.213062,15.329105138778688,4
connect_tx,2,50,5,10,7.580444549331286e-05,0.262286,15.329105138778688,5
connect_tx,2,50,5,10,7.555754504814186e-05,0.241361,15.329105138778688,6
connect_tx,2,50,5,10,7.580444549331286e-05,0.213659,15.329105138778688,7
connect_tx,2,50,5,10,7.555754504814186e-05,0.198461,15.329105138778688,8
connect_tx,2,50,5,10,7.555754504814186e-05,0.217426,15.329105138778688,9
connect_tx,2,50,5,10,8.806416093566742e-05,0.167228,15.329105138778688,10
connect_tx,2,50,5,10,7.555754504814186e-05,0.166558,15.329105138778688,median
connect_tx,4,50,5,10,0.0011030658840994,0.192644,15.329105138778688,1
connect_tx,4,50,5,10,0.0024189984593104,0.188096,15.329105138778688,2
connect_tx,4,50,5,10,0.0007053010315054,0.177783,15.329105138778688,3
connect_tx,4,50,5,10,0.0012785717772957,0.263761,15.329105138778688,4
connect_tx,4,50,5,10,0.0024296336675061,0.188015,15.329105138778688,5
connect_tx,4,50,5,10,0.0010002631658874,0.202648,15.329105138778688,6
connect_tx,4,50,5,10,0.0024224498408819,0.185269,15.329105138778688,7
connect_tx,4,50,5,10,0.0010002631658874,0.203919,15.329105138778688,8
connect_tx,4,50,5,10,0.002264225178554,0.164634,15.329105138778688,9
connect_tx,4,50,5,10,0.0024312838901551,0.162759,15.329105138778688,10
connect_tx,4,50,5,10,0.002264225178554,0.164634,15.329105138778688,median
connect_tx,8,50,5,10,0.0032570756179656,0.200178,15.329105138778688,1
connect_tx,8,50,5,10,0.0030686417653751,0.205503,15.329105138778688,2
connect_tx,8,50,5,10,0.0032109513685607,0.249204,15.329105138778688,3
connect_tx,8,50,5,10,0.0032252045241313,0.260433,15.329105138778688,4
connect_tx,8,50,5,10,0.0033217687391076,0.237063,15.329105138778688,5
connect_tx,8,50,5,10,0.0030694732014326,0.185917,15.329105138778688,6
connect_tx,8,50,5,10,0.0032252045241313,0.238409,15.329105138778688,7
connect_tx,8,50,5,10,0.0030950118912273,0.192269,15.329105138778688,8
connect_tx,8,50,5,10,0.0030735612447538,0.213982,15.329105138778688,9
connect_tx,8,50,5,10,0.0032696026748613,0.233171,15.329105138778688,10
connect_tx,8,50,5,10,0.0032252045241313,0.260433,15.329105138778688,median
connect_tx,10,50,5,10,0.002875864573996,0.271625,15.329105138778688,1
connect_tx,10,50,5,10,0.0027972050653314,0.261513,15.329105138778688,2
connect_tx,10,50,5,10,0.0027836000710439,0.219212,15.329105138778688,3
connect_tx,10,50,5,10,0.0033366581637169,0.215303,15.329105138778688,4
connect_tx,10,50,5,10,0.0026297839660598,0.229291,15.329105138778688,5
connect_tx,10,50,5,10,0.0033747823971579,0.208145,15.329105138778688,6
connect_tx,10,50,5,10,0.0030237291125653,0.23322,15.329105138778688,7
connect_tx,10,50,5,10,0.0031940304248777,0.204303,15.329105138778688,8
connect_tx,10,50,5,10,0.0030045186885292,0.260505,15.329105138778688,9
connect_tx,10,50,5,10,0.0028655129035422,0.339595,15.329105138778688,10
connect_tx,10,50,5,10,0.002875864573996,0.271625,15.329105138778688,median
connect_tx,16,50,5,10,0.0035653217434917,0.318824,15.329105138778688,1
connect_tx,16,50,5,10,0.0032337625551712,0.357618,15.329105138778688,2
connect_tx,16,50,5,10,0.0037438139440197,0.355363,15.329105138778688,3
connect_tx,16,50,5,10,0.0033333416981173,0.313173,15.329105138778688,4
connect_tx,16,50,5,10,0.0030739222841161,0.268165,15.329105138778688,5
connect_tx,16,50,5,10,0.0034052267110689,0.278665,15.329105138778688,6
connect_tx,16,50,5,10,0.0033733284024404,0.279984,15.329105138778688,7
connect_tx,16,50,5,10,0.0032076824104866,0.33499,15.329105138778688,8
connect_tx,16,50,5,10,0.003619703538785,0.264367,15.329105138778688,9
connect_tx,16,50,5,10,0.0036686986003455,0.361992,15.329105138778688,10
connect_tx,16,50,5,10,0.0034052267110689,0.278665,15.329105138778688,median
connect_tx,20,50,5,10,0.0039328883095128,0.338099,15.329105138778688,1
connect_tx,20,50,5,10,0.0034734415492222,0.324667,15.329105138778688,2
connect_tx,20,50,5,10,0.0039213091995102,0.399688,15.329105138778688,3
connect_tx,20,50,5,10,0.0036348290421281,0.355324,15.329105138778688,4
connect_tx,20,50,5,10,0.003316513912674,0.349217,15.329105138778688,5
connect_tx,20,50,5,10,0.0034474632447009,0.374259,15.329105138778688,6
connect_tx,20,50,5,10,0.0039972669681338,0.322642,15.329105138778688,7
connect_tx,20,50,5,10,0.0036117061054859,0.33286,15.329105138778688,8
connect_tx,20,50,5,10,0.0032110704064546,0.304285,15.329105138778688,9
connect_tx,20,50,5,10,0.003402201976997,0.446832,15.329105138778688,10
connect_tx,20,50,5,10,0.0034734415492222,0.324667,15.329105138778688,median
connect_tx,50,50,5,10,0.0046063740395116,0.614876,15.329105138778688,1
connect_tx,50,50,5,10,0.0046858104703796,0.611489,15.329105138778688,2
connect_tx,50,50,5,10,0.0044493125382302,0.509255,15.329105138778688,3
connect_tx,50,50,5,10,0.0047949197756647,0.627553,15.329105138778688,4
connect_tx,50,50,5,10,0.0045544502820422,0.56834,15.329105138778688,5
connect_tx,50,50,5,10,0.0041657584400717,0.520924,15.329105138778688,6
connect_tx,50,50,5,10,0.0042635226331474,0.489289,15.329105138778688,7
connect_tx,50,50,5,10,0.0044314439456401,0.587816,15.329105138778688,8
connect_tx,50,50,5,10,0.004556669252196,0.711043,15.329105138778688,9
connect_tx,50,50,5,10,0.0042531186155525,0.740658,15.329105138778688,10
connect_tx,50,50,5,10,0.0044493125382302,0.509255,15.329105138778688,median
connect_tx,100,50,5,10,0.0051162883763162,1.081556,15.329105138778688,1
connect_tx,100,50,5,10,0.0050755396870549,1.087461,15.329105138778688,2
connect_tx,100,50,5,10,0.0050807223138408,1.055919,15.329105138778688,3
connect_tx,100,50,5,10,0.0054355438643752,1.178123,15.329105138778688,4
connect_tx,100,50,5,10,0.00552000606259,1.131671,15.329105138778688,5
connect_tx,100,50,5,10,0.00523685934614,1.204783,15.329105138778688,6
connect_tx,100,50,5,10,0.0048908037987512,1.289546,15.329105138778688,7
connect_tx,100,50,5,10,0.005288955184618,0.991763,15.329105138778688,8
connect_tx,100,50,5,10,0.0053199099359241,0.991373,15.329105138778688,9
connect_tx,100,50,5,10,0.0050839894983087,1.210304,15.329105138778688,10
connect_tx,100,50,5,10,0.00523685934614,1.204783,15.329105138778688,median
connect_tx,2,50,5,20,9.185843218047412e-05,0.190331,30.67654824256897,1
connect_tx,2,50,5,20,9.185843218047412e-05,0.179424,30.67654824256897,2
connect_tx,2,50,5,20,9.185843218047412e-05,0.228402,30.67654824256897,3
connect_tx,2,50,5,20,9.185843218047412e-05,0.24288,30.67654824256897,4
connect_tx,2,50,5,20,9.201071180944642e-05,0.160921,30.67654824256897,5
connect_tx,2,50,5,20,9.114076057238328e-05,0.168495,30.67654824256897,6
connect_tx,2,50,5,20,0.0001002456318659,0.160364,30.67654824256897,7
connect_tx,2,50,5,20,0.0007550771773615,0.16776,30.67654824256897,8
connect_tx,2,50,5,20,9.108659481965776e-05,0.16972,30.67654824256897,9
connect_tx,2,50,5,20,0.0010121713733317,0.170842,30.67654824256897,10
connect_tx,2,50,5,20,9.185843218047412e-05,0.190331,30.67654824256897,median
connect_tx,4,50,5,20,0.0021137093271033,0.170253,30.67654824256897,1
connect_tx,4,50,5,20,0.0007279650987697,0.178517,30.67654824256897,2
connect_tx,4,50,5,20,0.0021181654258304,0.169687,30.67654824256897,3
connect_tx,4,50,5,20,0.0022960172614077,0.178315,30.67654824256897,4
connect_tx,4,50,5,20,0.0020934033693553,0.185749,30.67654824256897,5
connect_tx,4,50,5,20,0.0021149441112792,0.163961,30.67654824256897,6
connect_tx,4,50,5,20,0.0010391167219717,0.165014,30.67654824256897,7
connect_tx,4,50,5,20,0.0021110424403648,0.190905,30.67654824256897,8
connect_tx,4,50,5,20,0.0021146714383793,0.173116,30.67654824256897,9
connect_tx,4,50,5,20,0.0028470359044057,0.175532,30.67654824256897,10
connect_tx,4,50,5,20,0.0021137093271033,0.170253,30.67654824256897,median
connect_tx,8,50,5,20,0.003375894780976,0.222143,30.67654824256897,1
connect_tx,8,50,5,20,0.003110031965273,0.212904,30.67654824256897,2
connect_tx,8,50,5,20,0.0032469880153072,0.197478,30.67654824256897,3
connect_tx,8,50,5,20,0.0037846889816442,0.199026,30.67654824256897,4
connect_tx,8,50,5,20,0.0033469219669843,0.185532,30.67654824256897,5
connect_tx,8,50,5,20,0.0030593741916127,0.209451,30.67654824256897,6
connect_tx,8,50,5,20,0.0037846889816442,0.19985,30.67654824256897,7
connect_tx,8,50,5,20,0.0031890936716825,0.213961,30.67654824256897,8
connect_tx,8,50,5,20,0.0032211799829063,0.190408,30.67654824256897,9
connect_tx,8,50,5,20,0.0032595083145848,0.23434,30.67654824256897,10
connect_tx,8,50,5,20,0.0032595083145848,0.23434,30.67654824256897,median
connect_tx,10,50,5,20,0.0030718770642058,0.218638,30.67654824256897,1
connect_tx,10,50,5,20,0.0031263477603157,0.287332,30.67654824256897,2
connect_tx,10,50,5,20,0.0038053758821869,0.202957,30.67654824256897,3
connect_tx,10,50,5,20,0.0029156436688944,0.254818,30.67654824256897,4
connect_tx,10,50,5,20,0.0035154803589677,0.232159,30.67654824256897,5
connect_tx,10,50,5,20,0.0035924614334274,0.243951,30.67654824256897,6
connect_tx,10,50,5,20,0.003815277513251,0.28246,30.67654824256897,7
connect_tx,10,50,5,20,0.0027858704233397,0.217719,30.67654824256897,8
connect_tx,10,50,5,20,0.0032707627661115,0.254179,30.67654824256897,9
connect_tx,10,50,5,20,0.0037403531715767,0.223766,30.67654824256897,10
connect_tx,10,50,5,20,0.0035154803589677,0.232159,30.67654824256897,median
connect_tx,16,50,5,20,0.0029745482694307,0.278362,30.67654824256897,1
connect_tx,16,50,5,20,0.0033732306692558,0.384329,30.67654824256897,2
connect_tx,16,50,5,20,0.0029714136428142,0.353071,30.67654824256897,3
connect_tx,16,50,5,20,0.0034266034070687,0.337511,30.67654824256897,4
connect_tx,16,50,5,20,0.0037898747472013,0.253195,30.67654824256897,5
connect_tx,16,50,5,20,0.004222467731894,0.307825,30.67654824256897,6
connect_tx,16,50,5,20,0.0036945886968397,0.300624,30.67654824256897,7
connect_tx,16,50,5,20,0.0031750937649618,0.40515,30.67654824256897,8
connect_tx,16,50,5,20,0.0033230983425113,0.31202,30.67654824256897,9
connect_tx,16,50,5,20,0.0033403273464296,0.322753,30.67654824256897,10
connect_tx,16,50,5,20,0.0033732306692558,0.384329,30.67654824256897,median
connect_tx,20,50,5,20,0.0033157661679337,0.319181,30.67654824256897,1
connect_tx,20,50,5,20,0.0036804932067973,0.3559,30.67654824256897,2
connect_tx,20,50,5,20,0.0036483413244758,0.436772,30.67654824256897,3
connect_tx,20,50,5,20,0.0039950422051767,0.397323,30.67654824256897,4
connect_tx,20,50,5,20,0.0036766908162582,0.497958,30.67654824256897,5
connect_tx,20,50,5,20,0.0039961510518994,0.298258,30.67654824256897,6
connect_tx,20,50,5,20,0.0038471054721309,0.486251,30.67654824256897,7
connect_tx,20,50,5,20,0.0036270059749974,0.313259,30.67654824256897,8
connect_tx,20,50,5,20,0.0033160790348941,0.529913,30.67654824256897,9
connect_tx,20,50,5,20,0.0035648085681693,0.370773,30.67654824256897,10
connect_tx,20,50,5,20,0.0036766908162582,0.497958,30.67654824256897,median
connect_tx,50,50,5,20,0.0044392107986854,0.654535,30.67654824256897,1
connect_tx,50,50,5,20,0.0044809025923883,0.726091,30.67654824256897,2
connect_tx,50,50,5,20,0.0041189180770648,0.484666,30.67654824256897,3
connect_tx,50,50,5,20,0.004357259658696,0.640038,30.67654824256897,4
connect_tx,50,50,5,20,0.0043938037333549,0.621633,30.67654824256897,5
connect_tx,50,50,5,20,0.0046211113308769,0.548393,30.67654824256897,6
connect_tx,50,50,5,20,0.0045524307773211,0.858103,30.67654824256897,7
connect_tx,50,50,5,20,0.0044077965176132,0.57381,30.67654824256897,8
connect_tx,50,50,5,20,0.0044745287859086,0.602323,30.67654824256897,9
connect_tx,50,50,5,20,0.0044373412532993,0.64251,30.67654824256897,10
connect_tx,50,50,5,20,0.0044392107986854,0.654535,30.67654824256897,median
connect_tx,100,50,5,20,0.0053955419292787,1.35767,30.67654824256897,1
connect_tx,100,50,5,20,0.0055266478874043,0.851438,30.67654824256897,2
connect_tx,100,50,5,20,0.0053041596569595,0.951281,30.67654824256897,3
connect_tx,100,50,5,20,0.005326747358715,0.983161,30.67654824256897,4
connect_tx,100,50,5,20,0.0053353122658006,1.335117,30.67654824256897,5
connect_tx,100,50,5,20,0.0057152255661938,1.033192,30.67654824256897,6
connect_tx,100,50,5,20,0.0054308641363551,1.30775,30.67654824256897,7
connect_tx,100,50,5,20,0.0056295902455627,1.129141,30.67654824256897,8
connect_tx,100,50,5,20,0.005087408775332,1.02384,30.67654824256897,9
connect_tx,100,50,5,20,0.0056413960434082,0.848865,30.67654824256897,10
connect_tx,100,50,5,20,0.0053955419292787,1.35767,30.67654824256897,median
connect_tx,2,100,5,5,9.803378109690629e-05,0.221864,7.597658157348633,1
connect_tx,2,100,5,5,0.0009090427555236,0.197945,7.597658157348633,2
connect_tx,2,100,5,5,9.847754013073876e-05,0.235257,7.597658157348633,3
connect_tx,2,100,5,5,0.000932393911121,0.201351,7.597658157348633,4
connect_tx,2,100,5,5,9.904655199204028e-05,0.321529,7.597658157348633,5
connect_tx,2,100,5,5,9.794104531784244e-05,0.446887,7.597658157348633,6
connect_tx,2,100,5,5,9.803378109690629e-05,0.232369,7.597658157348633,7
connect_tx,2,100,5,5,9.803378109690629e-05,0.289571,7.597658157348633,8
connect_tx,2,100,5,5,9.803378109690629e-05,0.337854,7.597658157348633,9
connect_tx,2,100,5,5,9.917936620931823e-05,0.310098,7.597658157348633,10
connect_tx,2,100,5,5,9.803378109690629e-05,0.221864,7.597658157348633,median
connect_tx,4,100,5,5,0.0009723065665621,0.226147,7.597658157348633,1
connect_tx,4,100,5,5,0.0022993613796031,0.348397,7.597658157348633,2
connect_tx,4,100,5,5,0.0022792502169748,0.260405,7.597658157348633,3
connect_tx,4,100,5,5,0.0023022636267418,0.223625,7.597658157348633,4
connect_tx,4,100,5,5,0.0022699629402195,0.260958,7.597658157348633,5
connect_tx,4,100,5,5,0.0023038090329749,0.317253,7.597658157348633,6
connect_tx,4,100,5,5,0.0023150149727846,0.316233,7.597658157348633,7
connect_tx,4,100,5,5,0.0009772562340194,0.368971,7.597658157348633,8
connect_tx,4,100,5,5,0.0023077335251831,0.324849,7.597658157348633,9
connect_tx,4,100,5,5,0.0023102166550919,0.309653,7.597658157348633,10
connect_tx,4,100,5,5,0.0023022636267418,0.223625,7.597658157348633,median
connect_tx,8,100,5,5,0.0030143511236901,0.357017,7.597658157348633,1
connect_tx,8,100,5,5,0.0032305962219229,0.406312,7.597658157348633,2
connect_tx,8,100,5,5,0.0032522372385387,0.259576,7.597658157348633,3
connect_tx,8,100,5,5,0.0031131481276404,0.306221,7.597658157348633,4
connect_tx,8,100,5,5,0.0033548921259181,0.28767,7.597658157348633,5
connect_tx,8,100,5,5,0.0027073104957771,0.354465,7.597658157348633,6
connect_tx,8,100,5,5,0.0030158349380805,0.385511,7.597658157348633,7
connect_tx,8,100,5,5,0.0029990535029537,0.516509,7.597658157348633,8
connect_tx,8,100,5,5,0.0032461478032377,0.321214,7.597658157348633,9
connect_tx,8,100,5,5,0.0030223656054636,0.293755,7.597658157348633,10
connect_tx,8,100,5,5,0.0031131481276404,0.306221,7.597658157348633,median
connect_tx,10,100,5,5,0.0028961965207042,0.271056,7.597658157348633,1
connect_tx,10,100,5,5,0.0030354537264902,0.363844,7.597658157348633,2
connect_tx,10,100,5,5,0.0037616375137396,0.364429,7.597658157348633,3
connect_tx,10,100,5,5,0.0035248634469143,0.303927,7.597658157348633,4
connect_tx,10,100,5,5,0.0032729403926735,0.361261,7.597658157348633,5
connect_tx,10,100,5,5,0.0033189120321569,0.288267,7.597658157348633,6
connect_tx,10,100,5,5,0.0031089491253659,0.392452,7.597658157348633,7
connect_tx,10,100,5,5,0.002648590646917,0.350958,7.597658157348633,8
connect_tx,10,100,5,5,0.0028567027322132,0.350514,7.597658157348633,9
connect_tx,10,100,5,5,0.0026521138997647,0.314117,7.597658157348633,10
connect_tx,10,100,5,5,0.0031089491253659,0.392452,7.597658157348633,median
connect_tx,16,100,5,5,0.0039627726916377,0.485894,7.597658157348633,1
connect_tx,16,100,5,5,0.0035133239960158,0.603863,7.597658157348633,2
connect_tx,16,100,5,5,0.0034124375417658,0.492072,7.597658157348633,3
connect_tx,16,100,5,5,0.0037871636546614,0.554079,7.597658157348633,4
connect_tx,16,100,5,5,0.0033826018259548,0.534778,7.597658157348633,5
connect_tx,16,100,5,5,0.0034260150434994,0.379494,7.597658157348633,6
connect_tx,16,100,5,5,0.0033685214633935,0.494406,7.597658157348633,7
connect_tx,16,100,5,5,0.0031574955061662,0.489634,7.597658157348633,8
connect_tx,16,100,5,5,0.0031424470031091,0.421802,7.597658157348633,9
connect_tx,16,100,5,5,0.0033189015281282,0.537195,7.597658157348633,10
connect_tx,16,100,5,5,0.0034124375417658,0.492072,7.597658157348633,median
connect_tx,20,100,5,5,0.0040093126596949,0.430631,7.597658157348633,1
connect_tx,20,100,5,5,0.0033988064750934,0.639607,7.597658157348633,2
connect_tx,20,100,5,5,0.0035111092568688,0.576254,7.597658157348633,3
connect_tx,20,100,5,5,0.0032856675575914,0.599265,7.597658157348633,4
connect_tx,20,100,5,5,0.0034834833652697,0.572117,7.597658157348633,5
connect_tx,20,100,5,5,0.0041707476952068,0.422696,7.597658157348633,6
connect_tx,20,100,5,5,0.0037813583089433,0.480666,7.597658157348633,7
connect_tx,20,100,5,5,0.0033828627815982,0.578914,7.597658157348633,8
connect_tx,20,100,5,5,0.003661816996875,0.482638,7.597658157348633,9
connect_tx,20,100,5,5,0.0039319464238488,0.5794,7.597658157348633,10
connect_tx,20,100,5,5,0.003661816996875,0.482638,7.597658157348633,median
connect_tx,50,100,5,5,0.0045749973857327,1.011385,7.597658157348633,1
connect_tx,50,100,5,5,0.004583420971316,1.004792,7.597658157348633,2
connect_tx,50,100,5,5,0.0042110416219474,0.744284,7.597658157348633,3
connect_tx,50,100,5,5,0.0046787180310037,0.815657,7.597658157348633,4
connect_tx,50,100,5,5,0.0043432308275218,0.802112,7.597658157348633,5
connect_tx,50,100,5,5,0.004318502396174,1.025011,7.597658157348633,6
connect_tx,50,100,5,5,0.0042753808948916,1.05254,7.597658157348633,7
connect_tx,50,100,5,5,0.0046690091577084,1.023518,7.597658157348633,8
connect_tx,50,100,5,5,0.0052464745377157,1.146033,7.597658157348633,9
connect_tx,50,100,5,5,0.0045095573683814,1.10549,7.597658157348633,10
connect_tx,50,100,5,5,0.0045749973857327,1.011385,7.597658157348633,median
connect_tx,100,100,5,5,0.0053536238167935,1.765474,7.597658157348633,1
connect_tx,100,100,5,5,0.0054081646745111,1.847524,7.597658157348633,2
connect_tx,100,100,5,5,0.0053146666603241,1.722112,7.597658157348633,3
connect_tx,100,100,5,5,0.0053499757141954,1.404085,7.597658157348633,4
connect_tx,100,100,5,5,0.0056990274944719,2.141128,7.597658157348633,5
connect_tx,100,100,5,5,0.0054035706308195,1.668611,7.597658157348633,6
connect_tx,100,100,5,5,0.0053018799960668,1.497819,7.597658157348633,7
connect_tx,100,100,5,5,0.005123518185178,1.490881,7.597658157348633,8
connect_tx,100,100,5,5,0.0050448102844635,2.134804,7.597658157348633,9
connect_tx,100,100,5,5,0.0053513321900897,1.395254,7.597658157348633,10
connect_tx,100,100,5,5,0.0053499757141954,1.404085,7.597658157348633,median
connect_tx,2,100,5,10,9.06077508889872e-05,0.244954,15.015477418899536,1
connect_tx,2,100,5,10,0.0008947605779584,0.199453,15.015477418899536,2
connect_tx,2,100,5,10,0.001123150903273,0.294019,15.015477418899536,3
connect_tx,2,100,5,10,8.966995702394827e-05,0.319933,15.015477418899536,4
connect_tx,2,100,5,10,9.06077508889872e-05,0.35285,15.015477418899536,5
connect_tx,2,100,5,10,9.06077508889872e-05,0.23695,15.015477418899536,6
connect_tx,2,100,5,10,9.06077508889872e-05,0.299287,15.015477418899536,7
connect_tx,2,100,5,10,7.900716655721389e-05,0.219803,15.015477418899536,8
connect_tx,2,100,5,10,0.0009085083102127,0.203657,15.015477418899536,9
connect_tx,2,100,5,10,8.952259219514634e-05,0.278649,15.015477418899536,10
connect_tx,2,100,5,10,9.06077508889872e-05,0.244954,15.015477418899536,median
connect_tx,4,100,5,10,0.0009845138237672,0.346928,15.015477418899536,1
connect_tx,4,100,5,10,0.0012156918275845,0.352647,15.015477418899536,2
connect_tx,4,100,5,10,0.0007821277565925,0.276649,15.015477418899536,3
connect_tx,4,100,5,10,0.0022087331013886,0.264075,15.015477418899536,4
connect_tx,4,100,5,10,0.002378710382854,0.258556,15.015477418899536,5
connect_tx,4,100,5,10,0.0022023145344226,0.239438,15.015477418899536,6
connect_tx,4,100,5,10,0.0022104597492719,0.245986,15.015477418899536,7
connect_tx,4,100,5,10,0.0009824068379243,0.346718,15.015477418899536,8
connect_tx,4,100,5,10,0.0008046565188038,0.231041,15.015477418899536,9
connect_tx,4,100,5,10,0.0009845138237672,0.351765,15.015477418899536,10
connect_tx,4,100,5,10,0.0009845138237672,0.346928,15.015477418899536,median
connect_tx,8,100,5,10,0.0030094322940838,0.672397,15.015477418899536,1
connect_tx,8,100,5,10,0.0030398042276306,0.456443,15.015477418899536,2
connect_tx,8,100,5,10,0.0033307134242919,0.593418,15.015477418899536,3
connect_tx,8,100,5,10,0.0031084130865585,0.305069,15.015477418899536,4
connect_tx,8,100,5,10,0.0026051486685514,0.310282,15.015477418899536,5
connect_tx,8,100,5,10,0.0030732837126288,0.30704,15.015477418899536,6
connect_tx,8,100,5,10,0.0030718823300235,0.301022,15.015477418899536,7
connect_tx,8,100,5,10,0.0030213858015797,0.455096,15.015477418899536,8
connect_tx,8,100,5,10,0.0033275964075267,0.502449,15.015477418899536,9
connect_tx,8,100,5,10,0.0032097200744108,0.287638,15.015477418899536,10
connect_tx,8,100,5,10,0.0030732837126288,0.30704,15.015477418899536,median
connect_tx,10,100,5,10,0.0027669442627695,0.447011,15.015477418899536,1
connect_tx,10,100,5,10,0.0032432747582707,0.545155,15.015477418899536,2
connect_tx,10,100,5,10,0.0029437572572187,0.528022,15.015477418899536,3
connect_tx,10,100,5,10,0.0033602226599747,0.332209,15.015477418899536,4
connect_tx,10,100,5,10,0.0034159360221819,0.315994,15.015477418899536,5
connect_tx,10,100,5,10,0.0028706181782842,0.313892,15.015477418899536,6
connect_tx,10,100,5,10,0.0030621481401668,0.289482,15.015477418899536,7
connect_tx,10,100,5,10,0.0032324415758312,0.304941,15.015477418899536,8
connect_tx,10,100,5,10,0.0027296884970356,0.375043,15.015477418899536,9
connect_tx,10,100,5,10,0.0025647394486733,0.355933,15.015477418899536,10
connect_tx,10,100,5,10,0.0029437572572187,0.528022,15.015477418899536,median
connect_tx,16,100,5,10,0.0032391644332741,0.375223,15.015477418899536,1
connect_tx,16,100,5,10,0.0036294039388654,0.549279,15.015477418899536,2
connect_tx,16,100,5,10,0.0031795857937788,0.555255,15.015477418899536,3
connect_tx,16,100,5,10,0.0030546171082964,0.709143,15.015477418899536,4
connect_tx,16,100,5,10,0.0031991410326295,0.568779,15.015477418899536,5
connect_tx,16,100,5,10,0.003569404225559,0.419365,15.015477418899536,6
connect_tx,16,100,5,10,0.0029470137395148,0.761737,15.015477418899536,7
connect_tx,16,100,5,10,0.0031858150272125,0.659945,15.015477418899536,8
connect_tx,16,100,5,10,0.0037866174933735,0.45643,15.015477418899536,9
connect_tx,16,100,5,10,0.00316527845274,0.513216,15.015477418899536,10
connect_tx,16,100,5,10,0.0031991410326295,0.568779,15.015477418899536,median
connect_tx,20,100,5,10,0.0034670913989978,0.50611,15.015477418899536,1
connect_tx,20,100,5,10,0.0038767408973731,0.52482,15.015477418899536,2
connect_tx,20,100,5,10,0.0035766388810983,0.450998,15.015477418899536,3
connect_tx,20,100,5,10,0.0033817738285353,0.627574,15.015477418899536,4
connect_tx,20,100,5,10,0.0039498406880926,0.632058,15.015477418899536,5
connect_tx,20,100,5,10,0.0034942611602341,0.727691,15.015477418899536,6
connect_tx,20,100,5,10,0.0035938512000248,0.591976,15.015477418899536,7
connect_tx,20,100,5,10,0.0036803769770397,0.718494,15.015477418899536,8
connect_tx,20,100,5,10,0.0036260008479513,0.633007,15.015477418899536,9
connect_tx,20,100,5,10,0.0034510638426915,0.485746,15.015477418899536,10
connect_tx,20,100,5,10,0.0035938512000248,0.591976,15.015477418899536,median
connect_tx,50,100,5,10,0.0045370904034367,1.079266,15.015477418899536,1
connect_tx,50,100,5,10,0.0046151084625972,0.982599,15.015477418899536,2
connect_tx,50,100,5,10,0.0045316848358515,1.106735,15.015477418899536,3
connect_tx,50,100,5,10,0.004645045065927,1.101255,15.015477418899536,4
connect_tx,50,100,5,10,0.0044046556247291,0.929759,15.015477418899536,5
connect_tx,50,100,5,10,0.0045319212037629,0.947603,15.015477418899536,6
connect_tx,50,100,5,10,0.004360678272448,1.078636,15.015477418899536,7
connect_tx,50,100,5,10,0.0045757347541772,0.949152,15.015477418899536,8
connect_tx,50,100,5,10,0.0045027025659994,0.95317,15.015477418899536,9
connect_tx,50,100,5,10,0.0042090851754963,1.115889,15.015477418899536,10
connect_tx,50,100,5,10,0.0045319212037629,0.947603,15.015477418899536,median
connect_tx,100,100,5,10,0.0051459516159191,1.638109,15.015477418899536,1
connect_tx,100,100,5,10,0.0053014974835702,1.680696,15.015477418899536,2
connect_tx,100,100,5,10,0.0053294453233681,1.774198,15.015477418899536,3
connect_tx,100,100,5,10,0.0052955375945388,1.644704,15.015477418899536,4
connect_tx,100,100,5,10,0.0052766682333591,1.899842,15.015477418899536,5
connect_tx,100,100,5,10,0.0051157315618709,1.674409,15.015477418899536,6
connect_tx,100,100,5,10,0.005009949486931,1.655243,15.015477418899536,7
connect_tx,100,100,5,10,0.0053403505743633,1.832862,15.015477418899536,8
connect_tx,100,100,5,10,0.0052968460057325,1.521483,15.015477418899536,9
connect_tx,100,100,5,10,0.0050326467975538,1.595522,15.015477418899536,10
connect_tx,100,100,5,10,0.0052955375945388,1.644704,15.015477418899536,median
connect_tx,2,100,5,20,9.158067132504296e-05,0.239069,29.79177713394165,1
connect_tx,2,100,5,20,9.158067132504296e-05,0.245053,29.79177713394165,2
connect_tx,2,100,5,20,9.20487441112221e-05,0.338371,29.79177713394165,3
connect_tx,2,100,5,20,9.158067132504296e-05,0.403943,29.79177713394165,4
connect_tx,2,100,5,20,9.158067132504296e-05,0.406254,29.79177713394165,5
connect_tx,2,100,5,20,9.241514907867803e-05,0.311432,29.79177713394165,6
connect_tx,2,100,5,20,9.158067132504296e-05,0.338825,29.79177713394165,7
connect_tx,2,100,5,20,0.0008986490812241,0.211061,29.79177713394165,8
connect_tx,2,100,5,20,9.158067132504296e-05,0.237473,29.79177713394165,9
connect_tx,2,100,5,20,0.0047217743142909,0.203739,29.79177713394165,10
connect_tx,2,100,5,20,9.158067132504296e-05,0.239069,29.79177713394165,median
connect_tx,4,100,5,20,0.0021697313120526,0.315581,29.79177713394165,1
connect_tx,4,100,5,20,0.002163881054402,0.275434,29.79177713394165,2
connect_tx,4,100,5,20,0.0009839758128594,0.284838,29.79177713394165,3
connect_tx,4,100,5,20,0.0009860341723389,0.462912,29.79177713394165,4
connect_tx,4,100,5,20,0.0009860341723389,0.407646,29.79177713394165,5
connect_tx,4,100,5,20,0.0009860341723389,0.287967,29.79177713394165,6
connect_tx,4,100,5,20,0.0009860341723389,0.457197,29.79177713394165,7
connect_tx,4,100,5,20,0.0026942271931852,0.234698,29.79177713394165,8
connect_tx,4,100,5,20,0.0021572790512678,0.270404,29.79177713394165,9
connect_tx,4,100,5,20,0.0021517409728441,0.308194,29.79177713394165,10
connect_tx,4,100,5,20,0.0009860341723389,0.462912,29.79177713394165,median
connect_tx,8,100,5,20,0.0031521284667896,0.296911,29.79177713394165,1
connect_tx,8,100,5,20,0.0032463201214,0.288011,29.79177713394165,2
connect_tx,8,100,5,20,0.0026524033644844,0.300919,29.79177713394165,3
connect_tx,8,100,5,20,0.0031726825492361,0.381594,29.79177713394165,4
connect_tx,8,100,5,20,0.0031773742429825,0.431791,29.79177713394165,5
connect_tx,8,100,5,20,0.0031849049664819,0.298902,29.79177713394165,6
connect_tx,8,100,5,20,0.0029949483485039,0.294263,29.79177713394165,7
connect_tx,8,100,5,20,0.0031881058092653,0.467681,29.79177713394165,8
connect_tx,8,100,5,20,0.0026117890841998,0.284327,29.79177713394165,9
connect_tx,8,100,5,20,0.0031869450027901,0.340121,29.79177713394165,10
connect_tx,8,100,5,20,0.0031726825492361,0.381594,29.79177713394165,median
connect_tx,10,100,5,20,0.0031550932741985,0.37451,29.79177713394165,1
connect_tx,10,100,5,20,0.003043876393846,0.388673,29.79177713394165,2
connect_tx,10,100,5,20,0.002862054623136,0.663537,29.79177713394165,3
connect_tx,10,100,5,20,0.0028703830990974,0.434985,29.79177713394165,4
connect_tx,10,100,5,20,0.0035051949842089,0.359623,29.79177713394165,5
connect_tx,10,100,5,20,0.0035865929646049,0.338762,29.79177713394165,6
connect_tx,10,100,5,20,0.0034102748983738,0.439384,29.79177713394165,7
connect_tx,10,100,5,20,0.0026077844094535,0.458079,29.79177713394165,8
connect_tx,10,100,5,20,0.0034637774333366,0.406691,29.79177713394165,9
connect_tx,10,100,5,20,0.0030148462755109,0.303823,29.79177713394165,10
connect_tx,10,100,5,20,0.0031550932741985,0.37451,29.79177713394165,median
connect_tx,16,100,5,20,0.0030419045722943,0.442097,29.79177713394165,1
connect_tx,16,100,5,20,0.0035612646175641,0.489315,29.79177713394165,2
connect_tx,16,100,5,20,0.0032281686683542,0.41007,29.79177713394165,3
connect_tx,16,100,5,20,0.003888553442661,0.479543,29.79177713394165,4
connect_tx,16,100,5,20,0.003261356104002,0.573371,29.79177713394165,5
connect_tx,16,100,5,20,0.0037928979475009,0.533035,29.79177713394165,6
connect_tx,16,100,5,20,0.0036622419095829,0.399215,29.79177713394165,7
connect_tx,16,100,5,20,0.0031675668688383,0.63092,29.79177713394165,8
connect_tx,16,100,5,20,0.0030926554336917,0.435967,29.79177713394165,9
connect_tx,16,100,5,20,0.0034932991632649,0.376204,29.79177713394165,10
connect_tx,16,100,5,20,0.003261356104002,0.573371,29.79177713394165,median
connect_tx,20,100,5,20,0.0039789116079276,0.543918,29.79177713394165,1
connect_tx,20,100,5,20,0.0037965362935369,0.529754,29.79177713394165,2
connect_tx,20,100,5,20,0.0034995694025968,0.547043,29.79177713394165,3
connect_tx,20,100,5,20,0.0034600660937912,0.461131,29.79177713394165,4
connect_tx,20,100,5,20,0.0033494974255293,0.676006,29.79177713394165,5
connect_tx,20,100,5,20,0.0040987349474774,0.504451,29.79177713394165,6
connect_tx,20,100,5,20,0.003478922914468,0.616698,29.79177713394165,7
connect_tx,20,100,5,20,0.0036403523539999,0.610263,29.79177713394165,8
connect_tx,20,100,5,20,0.0036688904031607,0.751512,29.79177713394165,9
connect_tx,20,100,5,20,0.0037353992132377,0.472769,29.79177713394165,10
connect_tx,20,100,5,20,0.0036403523539999,0.610263,29.79177713394165,median
connect_tx,50,100,5,20,0.004382001160595,0.79257,29.79177713394165,1
connect_tx,50,100,5,20,0.0043107446267418,0.94216,29.79177713394165,2
connect_tx,50,100,5,20,0.0042142183003994,1.196106,29.79177713394165,3
connect_tx,50,100,5,20,0.0041295672801587,0.74124,29.79177713394165,4
connect_tx,50,100,5,20,0.004523531783212,0.915758,29.79177713394165,5
connect_tx,50,100,5,20,0.0048772708795802,1.00627,29.79177713394165,6
connect_tx,50,100,5,20,0.0043928579370245,0.947431,29.79177713394165,7
connect_tx,50,100,5,20,0.0046313013387473,1.112834,29.79177713394165,8
connect_tx,50,100,5,20,0.0049305179846913,0.910615,29.79177713394165,9
connect_tx,50,100,5,20,0.0045221086151053,0.895645,29.79177713394165,10
connect_tx,50,100,5,20,0.0043928579370245,0.947431,29.79177713394165,median
connect_tx,100,100,5,20,0.005037167647669,2.176504,29.79177713394165,1
connect_tx,100,100,5,20,0.0054902085995423,2.010084,29.79177713394165,2
connect_tx,100,100,5,20,0.0053866533279732,1.613148,29.79177713394165,3
connect_tx,100,100,5,20,0.005360456723449,1.678912,29.79177713394165,4
connect_tx,100,100,5,20,0.0052459173755226,1.737704,29.79177713394165,5
connect_tx,100,100,5,20,0.0052393612244342,1.522714,29.79177713394165,6
connect_tx,100,100,5,20,0.0053547968833654,1.876325,29.79177713394165,7
connect_tx,100,100,5,20,0.0052014253683632,1.737363,29.79177713394165,8
connect_tx,100,100,5,20,0.0048829517397279,1.548302,29.79177713394165,9
connect_tx,100,100,5,20,0.0054172647403852,1.659646,29.79177713394165,10
connect_tx,100,100,5,20,0.0052459173755226,1.737704,29.79177713394165,median
connect_tx,2,200,5,5,8.982193789021191e-05,0.28581,11.274234771728516,1
connect_tx,2,200,5,5,0.0008796599237321,0.322099,11.274234771728516,2
connect_tx,2,200,5,5,9.522742883025344e-05,0.890788,11.274234771728516,3
connect_tx,2,200,5,5,9.522742883025344e-05,1.006999,11.274234771728516,4
connect_tx,2,200,5,5,9.522742883025344e-05,0.549117,11.274234771728516,5
connect_tx,2,200,5,5,9.468262323092727e-05,0.368958,11.274234771728516,6
connect_tx,2,200,5,5,9.432874964495064e-05,0.607957,11.274234771728516,7
connect_tx,2,200,5,5,8.982193789021191e-05,0.387918,11.274234771728516,8
connect_tx,2,200,5,5,9.468262323092727e-05,0.531456,11.274234771728516,9
connect_tx,2,200,5,5,9.35483635915443e-05,0.593276,11.274234771728516,10
connect_tx,2,200,5,5,9.468262323092727e-05,0.368958,11.274234771728516,median
connect_tx,4,200,5,5,0.0009845762103754,0.477647,11.274234771728516,1
connect_tx,4,200,5,5,0.0011375364602475,0.40313,11.274234771728516,2
connect_tx,4,200,5,5,0.0011528923082686,0.425632,11.274234771728516,3
connect_tx,4,200,5,5,0.0022201752529459,0.831534,11.274234771728516,4
connect_tx,4,200,5,5,0.0022210491068863,0.410334,11.274234771728516,5
connect_tx,4,200,5,5,0.0022396123681324,0.426474,11.274234771728516,6
connect_tx,4,200,5,5,0.0011760170464979,0.729984,11.274234771728516,7
connect_tx,4,200,5,5,0.0009845762103754,0.595068,11.274234771728516,8
connect_tx,4,200,5,5,0.0023086351724997,0.478091,11.274234771728516,9
connect_tx,4,200,5,5,0.0009827885004383,0.545808,11.274234771728516,10
connect_tx,4,200,5,5,0.0011760170464979,0.729984,11.274234771728516,median
connect_tx,8,200,5,5,0.0033320800059323,0.647446,11.274234771728516,1
connect_tx,8,200,5,5,0.0033574017720632,0.934165,11.274234771728516,2
connect_tx,8,200,5,5,0.0030853190104517,0.575251,11.274234771728516,3
connect_tx,8,200,5,5,0.0038591484013153,0.536601,11.274234771728516,4
connect_tx,8,200,5,5,0.0033574017720632,0.817834,11.274234771728516,5
connect_tx,8,200,5,5,0.002935362868006,0.802732,11.274234771728516,6
connect_tx,8,200,5,5,0.0033284449014194,0.43093,11.274234771728516,7
connect_tx,8,200,5,5,0.003328644258492,0.462486,11.274234771728516,8
connect_tx,8,200,5,5,0.0030845939600419,0.549067,11.274234771728516,9
connect_tx,8,200,5,5,0.0030833654121322,1.02239,11.274234771728516,10
connect_tx,8,200,5,5,0.003328644258492,0.462486,11.274234771728516,median
connect_tx,10,200,5,5,0.0029314956699536,0.912031,11.274234771728516,1
connect_tx,10,200,5,5,0.0027751990809641,0.978846,11.274234771728516,2
connect_tx,10,200,5,5,0.003556130320219,0.544689,11.274234771728516,3
connect_tx,10,200,5,5,0.0029237531568914,0.980381,11.274234771728516,4
connect_tx,10,200,5,5,0.0029981174122348,0.679574,11.274234771728516,5
connect_tx,10,200,5,5,0.0032299824106553,0.602975,11.274234771728516,6
connect_tx,10,200,5,5,0.0027206638634473,0.784685,11.274234771728516,7
connect_tx,10,200,5,5,0.0028641917278105,0.669404,11.274234771728516,8
connect_tx,10,200,5,5,0.0029900630172574,0.625693,11.274234771728516,9
connect_tx,10,200,5,5,0.0033673942992087,0.747517,11.274234771728516,10
connect_tx,10,200,5,5,0.0029314956699536,0.912031,11.274234771728516,median
connect_tx,16,200,5,5,0.0035547473871706,0.715071,11.274234771728516,1
connect_tx,16,200,5,5,0.0034181807074107,0.859293,11.274234771728516,2
connect_tx,16,200,5,5,0.0028859811822618,0.942846,11.274234771728516,3
connect_tx,16,200,5,5,0.0031870475506962,1.101632,11.274234771728516,4
connect_tx,16,200,5,5,0.0031691300583816,0.744885,11.274234771728516,5
connect_tx,16,200,5,5,0.0038947742454166,0.849611,11.274234771728516,6
connect_tx,16,200,5,5,0.0032999230499007,0.896444,11.274234771728516,7
connect_tx,16,200,5,5,0.0031924918779369,1.233799,11.274234771728516,8
connect_tx,16,200,5,5,0.0032969194943571,1.111,11.274234771728516,9
connect_tx,16,200,5,5,0.0026246808256899,0.841638,11.274234771728516,10
connect_tx,16,200,5,5,0.0031924918779369,1.233799,11.274234771728516,median
connect_tx,20,200,5,5,0.0035229134674894,1.037787,11.274234771728516,1
connect_tx,20,200,5,5,0.0034747537917045,0.917146,11.274234771728516,2
connect_tx,20,200,5,5,0.0036182208975358,0.872358,11.274234771728516,3
connect_tx,20,200,5,5,0.003646068457204,0.997579,11.274234771728516,4
connect_tx,20,200,5,5,0.0036691240018887,0.759034,11.274234771728516,5
connect_tx,20,200,5,5,0.0034395552505528,1.132377,11.274234771728516,6
connect_tx,20,200,5,5,0.0034080024486222,1.046564,11.274234771728516,7
connect_tx,20,200,5,5,0.003508662944665,1.162991,11.274234771728516,8
connect_tx,20,200,5,5,0.0036462282963752,0.80848,11.274234771728516,9
connect_tx,20,200,5,5,0.0033163572880624,0.898823,11.274234771728516,10
connect_tx,20,200,5,5,0.0035229134674894,1.037787,11.274234771728516,median
connect_tx,50,200,5,5,0.0046693373212097,1.458521,11.274234771728516,1
connect_tx,50,200,5,5,0.0043518548805855,1.851065,11.274234771728516,2
connect_tx,50,200,5,5,0.0042965831086706,1.475652,11.274234771728516,3
connect_tx,50,200,5,5,0.0048625155562456,1.704684,11.274234771728516,4
connect_tx,50,200,5,5,0.0047070625766632,1.656255,11.274234771728516,5
connect_tx,50,200,5,5,0.0043612140678556,1.880372,11.274234771728516,6
connect_tx,50,200,5,5,0.0043769768735819,1.88853,11.274234771728516,7
connect_tx,50,200,5,5,0.0043083910755571,1.568588,11.274234771728516,8
connect_tx,50,200,5,5,0.004378450064564,1.828955,11.274234771728516,9
connect_tx,50,200,5,5,0.0044690235735797,1.709649,11.274234771728516,10
connect_tx,50,200,5,5,0.004378450064564,1.828955,11.274234771728516,median
connect_tx,100,200,5,5,0.0053985553960367,3.143017,11.274234771728516,1
connect_tx,100,200,5,5,0.0050613824069483,3.305738,11.274234771728516,2
connect_tx,100,200,5,5,0.0052480546666288,2.95309,11.274234771728516,3
connect_tx,100,200,5,5,0.0056296923857286,2.959175,11.274234771728516,4
connect_tx,100,200,5,5,0.0051936847550883,3.145601,11.274234771728516,5
connect_tx,100,200,5,5,0.0048387526628488,3.294896,11.274234771728516,6
connect_tx,100,200,5,5,0.0055369466794882,3.144153,11.274234771728516,7
connect_tx,100,200,5,5,0.0054190915294376,3.024916,11.274234771728516,8
connect_tx,100,200,5,5,0.0049904009092004,2.971559,11.274234771728516,9
connect_tx,100,200,5,5,0.0051727906839231,3.278206,11.274234771728516,10
connect_tx,100,200,5,5,0.0052480546666288,2.95309,11.274234771728516,median
connect_tx,2,200,5,10,5.366240552482368e-05,0.638666,22.268150091171265,1
connect_tx,2,200,5,10,5.366240552482368e-05,0.643992,22.268150091171265,2
connect_tx,2,200,5,10,5.366240552482368e-05,0.488649,22.268150091171265,3
connect_tx,2,200,5,10,5.366240552482368e-05,0.541931,22.268150091171265,4
connect_tx,2,200,5,10,6.289015192296163e-05,0.316399,22.268150091171265,5
connect_tx,2,200,5,10,5.354398654481557e-05,0.448651,22.268150091171265,6
connect_tx,2,200,5,10,0.0046845196905259,0.32084,22.268150091171265,7
connect_tx,2,200,5,10,9.013949127465202e-05,0.403731,22.268150091171265,8
connect_tx,2,200,5,10,5.366240552482368e-05,0.764033,22.268150091171265,9
connect_tx,2,200,5,10,5.354398654481557e-05,0.534115,22.268150091171265,10
connect_tx,2,200,5,10,5.366240552482368e-05,0.638666,22.268150091171265,median
connect_tx,4,200,5,10,0.0009760570469121,0.470951,22.268150091171265,1
connect_tx,4,200,5,10,0.0021915448186926,0.403915,22.268150091171265,2
connect_tx,4,200,5,10,0.0021928320911924,0.446096,22.268150091171265,3
connect_tx,4,200,5,10,0.0021926020035044,0.424852,22.268150091171265,4
connect_tx,4,200,5,10,0.002194768881189,0.382182,22.268150091171265,5
connect_tx,4,200,5,10,0.0007522406243559,0.365861,22.268150091171265,6
connect_tx,4,200,5,10,0.0021931505865223,0.455748,22.268150091171265,7
connect_tx,4,200,5,10,0.0009758928952865,0.592575,22.268150091171265,8
connect_tx,4,200,5,10,0.00219014371506,0.491125,22.268150091171265,9
connect_tx,4,200,5,10,0.0023035108038249,0.508598,22.268150091171265,10
connect_tx,4,200,5,10,0.0021915448186926,0.403915,22.268150091171265,median
connect_tx,8,200,5,10,0.0031300461944082,0.449548,22.268150091171265,1
connect_tx,8,200,5,10,0.0030288187711832,0.606827,22.268150091171265,2
connect_tx,8,200,5,10,0.0029433229090162,0.586285,22.268150091171265,3
connect_tx,8,200,5,10,0.0030511734558882,0.479609,22.268150091171265,4
connect_tx,8,200,5,10,0.0037986607828598,0.484913,22.268150091171265,5
connect_tx,8,200,5,10,0.0029721461582337,0.426033,22.268150091171265,6
connect_tx,8,200,5,10,0.003165855263341,0.812344,22.268150091171265,7
connect_tx,8,200,5,10,0.0034204461659933,0.666596,22.268150091171265,8
connect_tx,8,200,5,10,0.0031676871964283,1.195797,22.268150091171265,9
connect_tx,8,200,5,10,0.003165855263341,0.925324,22.268150091171265,10
connect_tx,8,200,5,10,0.003165855263341,0.812344,22.268150091171265,median
connect_tx,10,200,5,10,0.0026522595770719,0.652211,22.268150091171265,1
connect_tx,10,200,5,10,0.0036635388514747,0.543014,22.268150091171265,2
connect_tx,10,200,5,10,0.0026992146234519,0.579669,22.268150091171265,3
connect_tx,10,200,5,10,0.0027736413909757,0.999837,22.268150091171265,4
connect_tx,10,200,5,10,0.0026796500871926,1.409533,22.268150091171265,5
connect_tx,10,200,5,10,0.0026481785677064,0.916239,22.268150091171265,6
connect_tx,10,200,5,10,0.0032582457233492,0.577214,22.268150091171265,7
connect_tx,10,200,5,10,0.0034451473197466,0.802684,22.268150091171265,8
connect_tx,10,200,5,10,0.0026484242800743,0.703521,22.268150091171265,9
connect_tx,10,200,5,10,0.0027200064069293,0.455759,22.268150091171265,10
connect_tx,10,200,5,10,0.0027200064069293,0.455759,22.268150091171265,median
connect_tx,16,200,5,10,0.003648738327704,0.861076,22.268150091171265,1
connect_tx,16,200,5,10,0.0025684416702212,0.781805,22.268150091171265,2
connect_tx,16,200,5,10,0.0029203372579325,1.018414,22.268150091171265,3
connect_tx,16,200,5,10,0.0032744563762177,0.691846,22.268150091171265,4
connect_tx,16,200,5,10,0.0036267635276214,1.239037,22.268150091171265,5
connect_tx,16,200,5,10,0.0032356571979208,1.069843,22.268150091171265,6
connect_tx,16,200,5,10,0.003386560449691,0.814607,22.268150091171265,7
connect_tx,16,200,5,10,0.0031353322172279,0.736662,22.268150091171265,8
connect_tx,16,200,5,10,0.0027347808528377,0.821685,22.268150091171265,9
connect_tx,16,200,5,10,0.0033577175025107,0.924587,22.268150091171265,10
connect_tx,16,200,5,10,0.0032744563762177,0.691846,22.268150091171265,median
connect_tx,20,200,5,10,0.0036319301799484,0.971425,22.268150091171265,1
connect_tx,20,200,5,10,0.0033429106778566,0.731488,22.268150091171265,2
connect_tx,20,200,5,10,0.0036444301338566,0.816471,22.268150091171265,3
connect_tx,20,200,5,10,0.0034159017105531,1.112411,22.268150091171265,4
connect_tx,20,200,5,10,0.0038609428638332,0.95033,22.268150091171265,5
connect_tx,20,200,5,10,0.0036407665355063,1.03405,22.268150091171265,6
connect_tx,20,200,5,10,0.0033725492267209,1.202792,22.268150091171265,7
connect_tx,20,200,5,10,0.0037173777258588,0.650112,22.268150091171265,8
connect_tx,20,200,5,10,0.0041281996504678,1.24679,22.268150091171265,9
connect_tx,20,200,5,10,0.0038938965104331,1.011531,22.268150091171265,10
connect_tx,20,200,5,10,0.0036444301338566,0.816471,22.268150091171265,median
connect_tx,50,200,5,10,0.005124425883569,2.21741,22.268150091171265,1
connect_tx,50,200,5,10,0.0044621315079335,1.727803,22.268150091171265,2
connect_tx,50,200,5,10,0.0041996600072604,2.386364,22.268150091171265,3
connect_tx,50,200,5,10,0.0045021413067348,1.383795,22.268150091171265,4
connect_tx,50,200,5,10,0.0046094454707073,2.357851,22.268150091171265,5
connect_tx,50,200,5,10,0.00459645655358,2.3345,22.268150091171265,6
connect_tx,50,200,5,10,0.0042995275500367,1.459317,22.268150091171265,7
connect_tx,50,200,5,10,0.0046063289647923,1.955674,22.268150091171265,8
connect_tx,50,200,5,10,0.0046475886107951,1.943076,22.268150091171265,9
connect_tx,50,200,5,10,0.0047935211322808,2.632242,22.268150091171265,10
connect_tx,50,200,5,10,0.00459645655358,2.3345,22.268150091171265,median
connect_tx,100,200,5,10,0.0050838880727955,3.600127,22.268150091171265,1
connect_tx,100,200,5,10,0.0054704818569154,3.339379,22.268150091171265,2
connect_tx,100,200,5,10,0.0052816030474029,2.779841,22.268150091171265,3
connect_tx,100,200,5,10,0.0051896617298242,3.22991,22.268150091171265,4
connect_tx,100,200,5,10,0.0056133110874594,3.140047,22.268150091171265,5
connect_tx,100,200,5,10,0.0054473788210364,3.241272,22.268150091171265,6
connect_tx,100,200,5,10,0.0052515672210838,3.110026,22.268150091171265,7
connect_tx,100,200,5,10,0.0055691749588022,5.5408,22.268150091171265,8
connect_tx,100,200,5,10,0.0053249734673424,3.018711,22.268150091171265,9
connect_tx,100,200,5,10,0.0053640317024746,3.107662,22.268150091171265,10
connect_tx,100,200,5,10,0.0053640317024746,3.107662,22.268150091171265,median
connect_tx,2,200,5,20,0.0008908952761443,0.233248,43.951879024505615,1
connect_tx,2,200,5,20,9.454096169426848e-05,0.306926,43.951879024505615,2
connect_tx,2,200,5,20,9.108045888113452e-05,0.319773,43.951879024505615,3
connect_tx,2,200,5,20,9.170850487307469e-05,0.353468,43.951879024505615,4
connect_tx,2,200,5,20,0.000893844028472,0.428595,43.951879024505615,5
connect_tx,2,200,5,20,9.471082159953314e-05,0.401851,43.951879024505615,6
connect_tx,2,200,5,20,9.355431124906993e-05,0.580339,43.951879024505615,7
connect_tx,2,200,5,20,9.471082159953314e-05,0.336819,43.951879024505615,8
connect_tx,2,200,5,20,0.0008938421792031,0.314353,43.951879024505615,9
connect_tx,2,200,5,20,0.000893844028472,0.429706,43.951879024505615,10
connect_tx,2,200,5,20,9.471082159953314e-05,0.401851,43.951879024505615,median
connect_tx,4,200,5,20,0.0021248930050561,0.541898,43.951879024505615,1
connect_tx,4,200,5,20,0.0021156119750618,0.502863,43.951879024505615,2
connect_tx,4,200,5,20,0.0020897201284986,0.506648,43.951879024505615,3
connect_tx,4,200,5,20,0.0021093501554972,0.389969,43.951879024505615,4
connect_tx,4,200,5,20,0.0021157784167593,0.504804,43.951879024505615,5
connect_tx,4,200,5,20,0.0009710214382739,0.42571,43.951879024505615,6
connect_tx,4,200,5,20,0.0010166170741126,0.626885,43.951879024505615,7
connect_tx,4,200,5,20,0.0008647752077806,0.591001,43.951879024505615,8
connect_tx,4,200,5,20,0.0021042173343271,0.463844,43.951879024505615,9
connect_tx,4,200,5,20,0.0020897201284986,0.600865,43.951879024505615,10
connect_tx,4,200,5,20,0.0021042173343271,0.463844,43.951879024505615,median
connect_tx,8,200,5,20,0.002922833939425,0.766676,43.951879024505615,1
connect_tx,8,200,5,20,0.0030893218060363,0.630209,43.951879024505615,2
connect_tx,8,200,5,20,0.0026412600964044,0.418762,43.951879024505615,3
connect_tx,8,200,5,20,0.0031037613311137,0.638877,43.951879024505615,4
connect_tx,8,200,5,20,0.0030338949086633,0.520955,43.951879024505615,5
connect_tx,8,200,5,20,0.0032600098265432,0.518175,43.951879024505615,6
connect_tx,8,200,5,20,0.0030694607783357,0.815314,43.951879024505615,7
connect_tx,8,200,5,20,0.0030604778656767,0.622449,43.951879024505615,8
connect_tx,8,200,5,20,0.0033340687032857,0.940942,43.951879024505615,9
connect_tx,8,200,5,20,0.0030619977194088,0.643752,43.951879024505615,10
connect_tx,8,200,5,20,0.0030694607783357,0.815314,43.951879024505615,median
connect_tx,10,200,5,20,0.0029004109124522,0.808294,43.951879024505615,1
connect_tx,10,200,5,20,0.0035119039964345,0.55232,43.951879024505615,2
connect_tx,10,200,5,20,0.0032313562100333,0.80257,43.951879024505615,3
connect_tx,10,200,5,20,0.0033137762708926,0.856719,43.951879024505615,4
connect_tx,10,200,5,20,0.0028814355430542,0.465729,43.951879024505615,5
connect_tx,10,200,5,20,0.0032593712863307,0.750897,43.951879024505615,6
connect_tx,10,200,5,20,0.0031701669868636,0.78121,43.951879024505615,7
connect_tx,10,200,5,20,0.0035436605893046,0.590042,43.951879024505615,8
connect_tx,10,200,5,20,0.0032631018911629,0.579843,43.951879024505615,9
connect_tx,10,200,5,20,0.0028868828609132,1.007769,43.951879024505615,10
connect_tx,10,200,5,20,0.0032313562100333,0.80257,43.951879024505615,median
connect_tx,16,200,5,20,0.0028531448252582,0.736228,43.951879024505615,1
connect_tx,16,200,5,20,0.0031822187251038,0.786008,43.951879024505615,2
connect_tx,16,200,5,20,0.0027829480734723,0.840391,43.951879024505615,3
connect_tx,16,200,5,20,0.0032703493506886,0.836947,43.951879024505615,4
connect_tx,16,200,5,20,0.0033328692748884,0.857552,43.951879024505615,5
connect_tx,16,200,5,20,0.0039517958989947,0.786948,43.951879024505615,6
connect_tx,16,200,5,20,0.0035000626394464,0.69824,43.951879024505615,7
connect_tx,16,200,5,20,0.0031943287895082,0.775337,43.951879024505615,8
connect_tx,16,200,5,20,0.0029093737551107,0.888313,43.951879024505615,9
connect_tx,16,200,5,20,0.0036539279070326,0.872866,43.951879024505615,10
connect_tx,16,200,5,20,0.0032703493506886,0.836947,43.951879024505615,median
connect_tx,20,200,5,20,0.0041598121225497,0.991987,43.951879024505615,1
connect_tx,20,200,5,20,0.0038710951166912,1.293403,43.951879024505615,2
connect_tx,20,200,5,20,0.0038113388118594,1.213066,43.951879024505615,3
connect_tx,20,200,5,20,0.0036827726903823,1.094686,43.951879024505615,4
connect_tx,20,200,5,20,0.0036254179263376,0.693236,43.951879024505615,5
connect_tx,20,200,5,20,0.003252783233548,1.018645,43.951879024505615,6
connect_tx,20,200,5,20,0.0035320413664326,1.175364,43.951879024505615,7
connect_tx,20,200,5,20,0.0035464761331193,0.93523,43.951879024505615,8
connect_tx,20,200,5,20,0.0033100172917004,1.33424,43.951879024505615,9
connect_tx,20,200,5,20,0.0035543919744694,0.943256,43.951879024505615,10
connect_tx,20,200,5,20,0.0036254179263376,0.693236,43.951879024505615,median
connect_tx,50,200,5,20,0.0040570772387399,1.611742,43.951879024505615,1
connect_tx,50,200,5,20,0.0044791294613834,1.746082,43.951879024505615,2
connect_tx,50,200,5,20,0.0045064598422891,1.878759,43.951879024505615,3
connect_tx,50,200,5,20,0.0043411378138879,1.537094,43.951879024505615,4
connect_tx,50,200,5,20,0.004226437817847,1.89264,43.951879024505615,5
connect_tx,50,200,5,20,0.004411886511179,1.747588,43.951879024505615,6
connect_tx,50,200,5,20,0.0046168744491173,1.865467,43.951879024505615,7
connect_tx,50,200,5,20,0.0046752387693931,1.552753,43.951879024505615,8
connect_tx,50,200,5,20,0.0042039549775957,2.661556,43.951879024505615,9
connect_tx,50,200,5,20,0.0043598034634214,1.601733,43.951879024505615,10
connect_tx,50,200,5,20,0.004411886511179,1.747588,43.951879024505615,median
connect_tx,100,200,5,20,0.0051925692639944,3.329111,43.951879024505615,1
connect_tx,100,200,5,20,0.004913232757846,3.007215,43.951879024505615,2
connect_tx,100,200,5,20,0.0050300994908727,3.228875,43.951879024505615,3
connect_tx,100,200,5,20,0.0051914044955924,3.050352,43.951879024505615,4
connect_tx,100,200,5,20,0.0051289538202524,3.282865,43.951879024505615,5
connect_tx,100,200,5,20,0.0049781912395797,2.849736,43.951879024505615,6
connect_tx,100,200,5,20,0.0053174639611863,4.072927,43.951879024505615,7
connect_tx,100,200,5,20,0.0052979436526965,3.407124,43.951879024505615,8
connect_tx,100,200,5,20,0.005182570802693,2.963661,43.951879024505615,9
connect_tx,100,200,5,20,0.0052088384406383,2.804447,43.951879024505615,10
connect_tx,100,200,5,20,0.0051914044955924,3.050352,43.951879024505615,median
connect_tx,2,500,5,5,4.982117806754101e-05,1.646116,19.466057300567627,1
connect_tx,2,500,5,5,4.982117806754101e-05,1.985159,19.466057300567627,2
connect_tx,2,500,5,5,4.982117806754101e-05,2.103125,19.466057300567627,3
connect_tx,2,500,5,5,5.255445187820816e-05,0.904549,19.466057300567627,4
connect_tx,2,500,5,5,4.982117806754101e-05,2.036132,19.466057300567627,5
connect_tx,2,500,5,5,5.248057490248821e-05,0.845959,19.466057300567627,6
connect_tx,2,500,5,5,4.982117806754101e-05,2.173342,19.466057300567627,7
connect_tx,2,500,5,5,4.982117806754101e-05,1.065572,19.466057300567627,8
connect_tx,2,500,5,5,4.982117806754101e-05,2.314979,19.466057300567627,9
connect_tx,2,500,5,5,5.031901663615815e-05,1.330788,19.466057300567627,10
connect_tx,2,500,5,5,4.982117806754101e-05,1.646116,19.466057300567627,median
connect_tx,4,500,5,5,0.0026693574446623,1.228142,19.466057300567627,1
connect_tx,4,500,5,5,0.0023078061488251,1.275077,19.466057300567627,2
connect_tx,4,500,5,5,0.00231019290813,0.785049,19.466057300567627,3
connect_tx,4,500,5,5,0.0025218838912848,0.857059,19.466057300567627,4
connect_tx,4,500,5,5,0.0023099345599595,0.94489,19.466057300567627,5
connect_tx,4,500,5,5,0.0023099345599595,1.285323,19.466057300567627,6
connect_tx,4,500,5,5,0.0024458413938386,1.002522,19.466057300567627,7
connect_tx,4,500,5,5,0.0024619124313521,0.90598,19.466057300567627,8
connect_tx,4,500,5,5,0.0010228369200223,1.23246,19.466057300567627,9
connect_tx,4,500,5,5,0.0010207232982311,0.94872,19.466057300567627,10
connect_tx,4,500,5,5,0.0023099345599595,0.94489,19.466057300567627,median
connect_tx,8,500,5,5,0.0033272788497394,0.992444,19.466057300567627,1
connect_tx,8,500,5,5,0.003051306429095,1.967322,19.466057300567627,2
connect_tx,8,500,5,5,0.0026658606811527,1.946014,19.466057300567627,3
connect_tx,8,500,5,5,0.0030374900183433,1.904621,19.466057300567627,4
connect_tx,8,500,5,5,0.0033321090588407,1.242664,19.466057300567627,5
connect_tx,8,500,5,5,0.0033300091294379,2.34893,19.466057300567627,6
connect_tx,8,500,5,5,0.003051306429095,2.442385,19.466057300567627,7
connect_tx,8,500,5,5,0.0033329193737495,1.203094,19.466057300567627,8
connect_tx,8,500,5,5,0.0030312603021277,1.093588,19.466057300567627,9
connect_tx,8,500,5,5,0.0033319558621409,2.525024,19.466057300567627,10
connect_tx,8,500,5,5,0.0033272788497394,0.992444,19.466057300567627,median
connect_tx,10,500,5,5,0.0029606952814807,1.401547,19.466057300567627,1
connect_tx,10,500,5,5,0.0034081188654778,1.357503,19.466057300567627,2
connect_tx,10,500,5,5,0.0029910584806313,1.351599,19.466057300567627,3
connect_tx,10,500,5,5,0.0028037690908755,1.434532,19.466057300567627,4
connect_tx,10,500,5,5,0.0032613161508675,1.243735,19.466057300567627,5
connect_tx,10,500,5,5,0.0024506529933071,1.911524,19.466057300567627,6
connect_tx,10,500,5,5,0.0029718348164501,2.086144,19.466057300567627,7
connect_tx,10,500,5,5,0.0029559166620056,0.928491,19.466057300567627,8
connect_tx,10,500,5,5,0.0028874603076411,0.873717,19.466057300567627,9
connect_tx,10,500,5,5,0.0028509610535991,1.377784,19.466057300567627,10
connect_tx,10,500,5,5,0.0029606952814807,1.401547,19.466057300567627,median
connect_tx,16,500,5,5,0.0027504298666496,2.481274,19.466057300567627,1
connect_tx,16,500,5,5,0.0028308121931381,2.050361,19.466057300567627,2
connect_tx,16,500,5,5,0.00271653351495,3.463636,19.466057300567627,3
connect_tx,16,500,5,5,0.003283913807643,3.625069,19.466057300567627,4
connect_tx,16,500,5,5,0.0032251415259387,2.531593,19.466057300567627,5
connect_tx,16,500,5,5,0.0033424102105354,2.304948,19.466057300567627,6
connect_tx,16,500,5,5,0.0034254529697586,1.917381,19.466057300567627,7
connect_tx,16,500,5,5,0.002818435348894,2.019697,19.466057300567627,8
connect_tx,16,500,5,5,0.0031499843852113,2.064326,19.466057300567627,9
connect_tx,16,500,5,5,0.0030295323839793,1.818572,19.466057300567627,10
connect_tx,16,500,5,5,0.0030295323839793,1.818572,19.466057300567627,median
connect_tx,20,500,5,5,0.0039419923094159,3.54122,19.466057300567627,1
connect_tx,20,500,5,5,0.0037066315227048,1.915249,19.466057300567627,2
connect_tx,20,500,5,5,0.0033139668333232,2.42933,19.466057300567627,3
connect_tx,20,500,5,5,0.0033236681748291,2.692094,19.466057300567627,4
connect_tx,20,500,5,5,0.0035240950565022,3.280235,19.466057300567627,5
connect_tx,20,500,5,5,0.004014842504013,2.228466,19.466057300567627,6
connect_tx,20,500,5,5,0.0033101179661031,2.058054,19.466057300567627,7
connect_tx,20,500,5,5,0.0037383820323368,2.182492,19.466057300567627,8
connect_tx,20,500,5,5,0.0033707420776626,2.968131,19.466057300567627,9
connect_tx,20,500,5,5,0.0031406237972836,3.707076,19.466057300567627,10
connect_tx,20,500,5,5,0.0035240950565022,3.280235,19.466057300567627,median
connect_tx,50,500,5,5,0.0045359829342767,3.863383,19.466057300567627,1
connect_tx,50,500,5,5,0.0044140550338519,3.643865,19.466057300567627,2
connect_tx,50,500,5,5,0.0047165957236011,5.526896,19.466057300567627,3
connect_tx,50,500,5,5,0.0046123527259383,3.722823,19.466057300567627,4
connect_tx,50,500,5,5,0.0046271725753018,4.184273,19.466057300567627,5
connect_tx,50,500,5,5,0.0045028134774485,4.398893,19.466057300567627,6
connect_tx,50,500,5,5,0.0049275666318607,3.909572,19.466057300567627,7
connect_tx,50,500,5,5,0.0044726012469148,3.258732,19.466057300567627,8
connect_tx,50,500,5,5,0.0044325994940933,4.777566,19.466057300567627,9
connect_tx,50,500,5,5,0.0045680715570698,3.988971,19.466057300567627,10
connect_tx,50,500,5,5,0.0045359829342767,3.863383,19.466057300567627,median
connect_tx,100,500,5,5,0.0052226758730355,7.004396,19.466057300567627,1
connect_tx,100,500,5,5,0.0052751642673246,8.468036,19.466057300567627,2
connect_tx,100,500,5,5,0.0052892034928567,6.61042,19.466057300567627,3
connect_tx,100,500,5,5,0.0051768199512021,8.678414,19.466057300567627,4
connect_tx,100,500,5,5,0.0049933517143051,6.935684,19.466057300567627,5
connect_tx,100,500,5,5,0.0052316711296133,7.293406,19.466057300567627,6
connect_tx,100,500,5,5,0.0052689756897816,11.305245,19.466057300567627,7
connect_tx,100,500,5,5,0.005115580913052,8.521924,19.466057300567627,8
connect_tx,100,500,5,5,0.0052315395803281,7.15335,19.466057300567627,9
connect_tx,100,500,5,5,0.0051385038160321,8.851962,19.466057300567627,10
connect_tx,100,500,5,5,0.0052226758730355,7.004396,19.466057300567627,median
connect_tx,2,500,5,10,0.0009227632882283,0.493306,38.98948097229004,1
connect_tx,2,500,5,10,8.595838645871054e-05,1.296167,38.98948097229004,2
connect_tx,2,500,5,10,8.817568689460572e-05,1.903539,38.98948097229004,3
connect_tx,2,500,5,10,8.817568689460572e-05,1.382896,38.98948097229004,4
connect_tx,2,500,5,10,8.595838645871054e-05,1.715749,38.98948097229004,5
connect_tx,2,500,5,10,8.817568689460572e-05,1.042923,38.98948097229004,6
connect_tx,2,500,5,10,0.0001151761146519,0.591588,38.98948097229004,7
connect_tx,2,500,5,10,8.817568689460572e-05,1.061652,38.98948097229004,8
connect_tx,2,500,5,10,0.0001142740364773,0.774045,38.98948097229004,9
connect_tx,2,500,5,10,0.0001141818079594,0.778709,38.98948097229004,10
connect_tx,2,500,5,10,8.817568689460572e-05,1.903539,38.98948097229004,median
connect_tx,4,500,5,10,0.0008382251565569,1.457911,38.98948097229004,1
connect_tx,4,500,5,10,0.0009991170432536,1.561258,38.98948097229004,2
connect_tx,4,500,5,10,0.0021728866867834,1.543741,38.98948097229004,3
connect_tx,4,500,5,10,0.0021728866867834,1.364323,38.98948097229004,4
connect_tx,4,500,5,10,0.0009963960617001,1.520773,38.98948097229004,5
connect_tx,4,500,5,10,0.0009963960617001,1.546887,38.98948097229004,6
connect_tx,4,500,5,10,0.0009963960617001,1.348636,38.98948097229004,7
connect_tx,4,500,5,10,0.0009963960617001,1.450192,38.98948097229004,8
connect_tx,4,500,5,10,0.0021731949413685,1.48572,38.98948097229004,9
connect_tx,4,500,5,10,0.0009963960617001,1.53138,38.98948097229004,10
connect_tx,4,500,5,10,0.0009963960617001,1.520773,38.98948097229004,median
connect_tx,8,500,5,10,0.0027524039404096,1.358277,38.98948097229004,1
connect_tx,8,500,5,10,0.0038251162257726,1.350054,38.98948097229004,2
connect_tx,8,500,5,10,0.003083964355383,1.151713,38.98948097229004,3
connect_tx,8,500,5,10,0.0031137874449733,1.128828,38.98948097229004,4
connect_tx,8,500,5,10,0.0034044043757198,1.45368,38.98948097229004,5
connect_tx,8,500,5,10,0.0029052983002563,1.131446,38.98948097229004,6
connect_tx,8,500,5,10,0.0034032281271161,1.100054,38.98948097229004,7
connect_tx,8,500,5,10,0.003118818729694,1.018899,38.98948097229004,8
connect_tx,8,500,5,10,0.0033829307174427,2.075323,38.98948097229004,9
connect_tx,8,500,5,10,0.0030857611249891,1.289721,38.98948097229004,10
connect_tx,8,500,5,10,0.0031137874449733,1.128828,38.98948097229004,median
connect_tx,10,500,5,10,0.0029401791914796,1.184805,38.98948097229004,1
connect_tx,10,500,5,10,0.0031691138328442,1.413577,38.98948097229004,2
connect_tx,10,500,5,10,0.0028726021630034,1.085202,38.98948097229004,3
connect_tx,10,500,5,10,0.0028855990394989,1.234007,38.98948097229004,4
connect_tx,10,500,5,10,0.0031986936645114,1.374518,38.98948097229004,5
connect_tx,10,500,5,10,0.0035009798047165,1.755707,38.98948097229004,6
connect_tx,10,500,5,10,0.003056664783553,1.282034,38.98948097229004,7
connect_tx,10,500,5,10,0.0030498140475547,2.32646,38.98948097229004,8
connect_tx,10,500,5,10,0.003475650675261,1.016706,38.98948097229004,9
connect_tx,10,500,5,10,0.0030359735781781,1.824777,38.98948097229004,10
connect_tx,10,500,5,10,0.0030498140475547,2.32646,38.98948097229004,median
connect_tx,16,500,5,10,0.0032704826771932,2.189782,38.98948097229004,1
connect_tx,16,500,5,10,0.0034446757223675,1.752474,38.98948097229004,2
connect_tx,16,500,5,10,0.0034466007089092,2.195916,38.98948097229004,3
connect_tx,16,500,5,10,0.0031970253328846,3.745613,38.98948097229004,4
connect_tx,16,500,5,10,0.0031960557533742,1.694913,38.98948097229004,5
connect_tx,16,500,5,10,0.0029103894091209,2.234273,38.98948097229004,6
connect_tx,16,500,5,10,0.0032365567369137,2.118427,38.98948097229004,7
connect_tx,16,500,5,10,0.0031412031009902,2.208222,38.98948097229004,8
connect_tx,16,500,5,10,0.0033403146412963,2.203968,38.98948097229004,9
connect_tx,16,500,5,10,0.0033222985056849,2.387324,38.98948097229004,10
connect_tx,16,500,5,10,0.0032704826771932,2.189782,38.98948097229004,median
connect_tx,20,500,5,10,0.0032194646372788,2.369163,38.98948097229004,1
connect_tx,20,500,5,10,0.0032549185524835,2.299838,38.98948097229004,2
connect_tx,20,500,5,10,0.0033421476256262,2.893789,38.98948097229004,3
connect_tx,20,500,5,10,0.0030659077463995,2.044117,38.98948097229004,4
connect_tx,20,500,5,10,0.0037801453403152,2.798702,38.98948097229004,5
connect_tx,20,500,5,10,0.0038783580023314,2.130941,38.98948097229004,6
connect_tx,20,500,5,10,0.0032621462064662,3.163716,38.98948097229004,7
connect_tx,20,500,5,10,0.0036393940128011,3.370554,38.98948097229004,8
connect_tx,20,500,5,10,0.0038326878846943,1.676792,38.98948097229004,9
connect_tx,20,500,5,10,0.0033845555229795,2.266557,38.98948097229004,10
connect_tx,20,500,5,10,0.0033845555229795,2.266557,38.98948097229004,median
connect_tx,50,500,5,10,0.0046848019933488,3.967772,38.98948097229004,1
connect_tx,50,500,5,10,0.0044281013249145,3.865401,38.98948097229004,2
connect_tx,50,500,5,10,0.0041919756128447,3.898248,38.98948097229004,3
connect_tx,50,500,5,10,0.0048396683657551,3.834869,38.98948097229004,4
connect_tx,50,500,5,10,0.0043386972544878,3.812543,38.98948097229004,5
connect_tx,50,500,5,10,0.0043753053583327,4.081136,38.98948097229004,6
connect_tx,50,500,5,10,0.0040755327344518,4.435145,38.98948097229004,7
connect_tx,50,500,5,10,0.0042658691542386,3.451799,38.98948097229004,8
connect_tx,50,500,5,10,0.0044492747104626,3.917222,38.98948097229004,9
connect_tx,50,500,5,10,0.0049460441220713,5.325207,38.98948097229004,10
connect_tx,50,500,5,10,0.0044281013249145,3.865401,38.98948097229004,median
connect_tx,100,500,5,10,0.0052882794408707,6.80587,38.98948097229004,1
connect_tx,100,500,5,10,0.0051764963061615,8.538887,38.98948097229004,2
connect_tx,100,500,5,10,0.0052747211115101,7.295601,38.98948097229004,3
connect_tx,100,500,5,10,0.0052910138952668,6.902434,38.98948097229004,4
connect_tx,100,500,5,10,0.0050330322127221,6.907991,38.98948097229004,5
connect_tx,100,500,5,10,0.0051407082945308,6.423327,38.98948097229004,6
connect_tx,100,500,5,10,0.0050748744982241,6.523399,38.98948097229004,7
connect_tx,100,500,5,10,0.004855685540575,7.419711,38.98948097229004,8
connect_tx,100,500,5,10,0.0051542300740195,6.82442,38.98948097229004,9
connect_tx,100,500,5,10,0.0052580056669818,7.377352,38.98948097229004,10
connect_tx,100,500,5,10,0.0051764963061615,8.538887,38.98948097229004,median
connect_tx,2,500,5,20,7.10668839578809e-05,1.019654,77.02851128578186,1
connect_tx,2,500,5,20,7.388056408805807e-05,1.849909,77.02851128578186,2
connect_tx,2,500,5,20,7.388056408805807e-05,1.811805,77.02851128578186,3
connect_tx,2,500,5,20,7.388056408805807e-05,1.32982,77.02851128578186,4
connect_tx,2,500,5,20,7.10668839578809e-05,1.306437,77.02851128578186,5
connect_tx,2,500,5,20,7.10668839578809e-05,0.948732,77.02851128578186,6
connect_tx,2,500,5,20,0.0009080721955793,0.579249,77.02851128578186,7
connect_tx,2,500,5,20,6.78480983232032e-05,0.574263,77.02851128578186,8
connect_tx,2,500,5,20,7.10668839578809e-05,0.938945,77.02851128578186,9
connect_tx,2,500,5,20,7.130738266951164e-05,1.586536,77.02851128578186,10
connect_tx,2,500,5,20,7.10668839578809e-05,1.019654,77.02851128578186,median
connect_tx,4,500,5,20,0.0015187981272661,1.3701,77.02851128578186,1
connect_tx,4,500,5,20,0.0022189351531897,0.949034,77.02851128578186,2
connect_tx,4,500,5,20,0.002221811890648,1.114592,77.02851128578186,3
connect_tx,4,500,5,20,0.002221811890648,0.890545,77.02851128578186,4
connect_tx,4,500,5,20,0.0009645388400592,0.812279,77.02851128578186,5
connect_tx,4,500,5,20,0.0022226591285271,0.820457,77.02851128578186,6
connect_tx,4,500,5,20,0.0009845020952245,0.922704,77.02851128578186,7
connect_tx,4,500,5,20,0.002221811890648,0.789505,77.02851128578186,8
connect_tx,4,500,5,20,0.0022189351531897,0.810342,77.02851128578186,9
connect_tx,4,500,5,20,0.0009560432653945,0.79302,77.02851128578186,10
connect_tx,4,500,5,20,0.0022189351531897,0.949034,77.02851128578186,median
connect_tx,8,500,5,20,0.00337095254857,1.314649,77.02851128578186,1
connect_tx,8,500,5,20,0.0028962342312376,0.995697,77.02851128578186,2
connect_tx,8,500,5,20,0.0031818219208845,0.88028,77.02851128578186,3
connect_tx,8,500,5,20,0.003373664796476,1.676583,77.02851128578186,4
connect_tx,8,500,5,20,0.0030856955614392,1.401807,77.02851128578186,5
connect_tx,8,500,5,20,0.0033733667157598,1.341427,77.02851128578186,6
connect_tx,8,500,5,20,0.0025431349506987,1.333198,77.02851128578186,7
connect_tx,8,500,5,20,0.002725936584485,1.451439,77.02851128578186,8
connect_tx,8,500,5,20,0.0030979803442661,1.059817,77.02851128578186,9
connect_tx,8,500,5,20,0.0030756940387989,0.948849,77.02851128578186,10
connect_tx,8,500,5,20,0.0030856955614392,1.401807,77.02851128578186,median
connect_tx,10,500,5,20,0.002812181319879,1.197178,77.02851128578186,1
connect_tx,10,500,5,20,0.0026166543893277,1.380944,77.02851128578186,2
connect_tx,10,500,5,20,0.0030870109549899,1.156593,77.02851128578186,3
connect_tx,10,500,5,20,0.0028333857126821,1.368131,77.02851128578186,4
connect_tx,10,500,5,20,0.0030685559183332,1.443782,77.02851128578186,5
connect_tx,10,500,5,20,0.0031429977400052,3.488723,77.02851128578186,6
connect_tx,10,500,5,20,0.0028186277454119,2.050693,77.02851128578186,7
connect_tx,10,500,5,20,0.0034371456604174,1.507137,77.02851128578186,8
connect_tx,10,500,5,20,0.0031005295974429,1.296089,77.02851128578186,9
connect_tx,10,500,5,20,0.0032576574103158,1.636157,77.02851128578186,10
connect_tx,10,500,5,20,0.0030870109549899,1.156593,77.02851128578186,median
connect_tx,16,500,5,20,0.003256977003993,1.893836,77.02851128578186,1
connect_tx,16,500,5,20,0.0034082531524558,2.2306,77.02851128578186,2
connect_tx,16,500,5,20,0.0027032802048362,2.237023,77.02851128578186,3
connect_tx,16,500,5,20,0.0031920539068713,1.994177,77.02851128578186,4
connect_tx,16,500,5,20,0.0034075434347415,1.940024,77.02851128578186,5
connect_tx,16,500,5,20,0.0029633919453929,2.19277,77.02851128578186,6
connect_tx,16,500,5,20,0.0028100333756317,3.053461,77.02851128578186,7
connect_tx,16,500,5,20,0.0033138251698778,1.794089,77.02851128578186,8
connect_tx,16,500,5,20,0.0031380792971607,1.449508,77.02851128578186,9
connect_tx,16,500,5,20,0.0034432282201101,2.372345,77.02851128578186,10
connect_tx,16,500,5,20,0.003256977003993,1.893836,77.02851128578186,median
connect_tx,20,500,5,20,0.0036927570474738,2.850826,77.02851128578186,1
connect_tx,20,500,5,20,0.0035766529672355,1.785343,77.02851128578186,2
connect_tx,20,500,5,20,0.0034684421166395,1.965467,77.02851128578186,3
connect_tx,20,500,5,20,0.0039581455260783,2.734498,77.02851128578186,4
connect_tx,20,500,5,20,0.0037592325788436,1.559859,77.02851128578186,5
connect_tx,20,500,5,20,0.0035039434532447,4.1951,77.02851128578186,6
connect_tx,20,500,5,20,0.0037807251601415,2.642843,77.02851128578186,7
connect_tx,20,500,5,20,0.0034880812105096,2.16616,77.02851128578186,8
connect_tx,20,500,5,20,0.003482285678334,2.767884,77.02851128578186,9
connect_tx,20,500,5,20,0.0032382884786783,1.714933,77.02851128578186,10
connect_tx,20,500,5,20,0.0035039434532447,4.1951,77.02851128578186,median
connect_tx,50,500,5,20,0.0043435304740612,4.051863,77.02851128578186,1
connect_tx,50,500,5,20,0.0044717690525165,5.889534,77.02851128578186,2
connect_tx,50,500,5,20,0.0044542734058458,5.124993,77.02851128578186,3
connect_tx,50,500,5,20,0.0041788698234348,5.872822,77.02851128578186,4
connect_tx,50,500,5,20,0.0043195184856242,3.697712,77.02851128578186,5
connect_tx,50,500,5,20,0.0049040114849772,4.617491,77.02851128578186,6
connect_tx,50,500,5,20,0.0044912112219853,5.187784,77.02851128578186,7
connect_tx,50,500,5,20,0.0043626241907558,7.330225,77.02851128578186,8
connect_tx,50,500,5,20,0.0042129680967024,3.596291,77.02851128578186,9
connect_tx,50,500,5,20,0.0048303249368733,3.803146,77.02851128578186,10
connect_tx,50,500,5,20,0.0043626241907558,7.330225,77.02851128578186,median
connect_tx,100,500,5,20,0.005249627095408,6.630529,77.02851128578186,1
connect_tx,100,500,5,20,0.0052200466673904,7.219125,77.02851128578186,2
connect_tx,100,500,5,20,0.0049155589269979,8.864907,77.02851128578186,3
connect_tx,100,500,5,20,0.0051386679855241,7.172309,77.02851128578186,4
connect_tx,100,500,5,20,0.0054784722122915,7.290937,77.02851128578186,5
connect_tx,100,500,5,20,0.0052421931079103,7.557599,77.02851128578186,6
connect_tx,100,500,5,20,0.0051300267401573,7.358616,77.02851128578186,7
connect_tx,100,500,5,20,0.0052274207975116,7.271045,77.02851128578186,8
connect_tx,100,500,5,20,0.0052002402639629,7.831154,77.02851128578186,9
connect_tx,100,500,5,20,0.004998946968689,7.78186,77.02851128578186,10
connect_tx,100,500,5,20,0.0052002402639629,7.831154,77.02851128578186,median
connect_tx,2,50,10,5,0.0003663911654923,0.198249,12.135273933410645,1
connect_tx,2,50,10,5,0.0003610131496261,0.152208,12.135273933410645,2
connect_tx,2,50,10,5,0.0003663911654923,0.211236,12.135273933410645,3
connect_tx,2,50,10,5,0.0003691104696824,0.177298,12.135273933410645,4
connect_tx,2,50,10,5,0.0003708298255551,0.149538,12.135273933410645,5
connect_tx,2,50,10,5,0.0003675650930953,0.156718,12.135273933410645,6
connect_tx,2,50,10,5,0.0003663547224332,0.175879,12.135273933410645,7
connect_tx,2,50,10,5,0.0003675650930953,0.215975,12.135273933410645,8
connect_tx,2,50,10,5,0.0003663911654923,0.225382,12.135273933410645,9
connect_tx,2,50,10,5,0.0046809662744967,0.159463,12.135273933410645,10
connect_tx,2,50,10,5,0.0003675650930953,0.156718,12.135273933410645,median
connect_tx,4,50,10,5,0.002297887970195,0.180304,12.135273933410645,1
connect_tx,4,50,10,5,0.0029413569344284,0.229778,12.135273933410645,2
connect_tx,4,50,10,5,0.0029417496356059,0.187086,12.135273933410645,3
connect_tx,4,50,10,5,0.0022989472128168,0.219151,12.135273933410645,4
connect_tx,4,50,10,5,0.0029461900830357,0.171652,12.135273933410645,5
connect_tx,4,50,10,5,0.0020980865111864,0.204423,12.135273933410645,6
connect_tx,4,50,10,5,0.0021001508705592,0.194753,12.135273933410645,7
connect_tx,4,50,10,5,0.0024187957088462,0.211082,12.135273933410645,8
connect_tx,4,50,10,5,0.0013887571927714,0.198434,12.135273933410645,9
connect_tx,4,50,10,5,0.0010456417225766,0.254371,12.135273933410645,10
connect_tx,4,50,10,5,0.0022989472128168,0.219151,12.135273933410645,median
connect_tx,8,50,10,5,0.0036467846021991,0.196303,12.135273933410645,1
connect_tx,8,50,10,5,0.0038659577084697,0.222549,12.135273933410645,2
connect_tx,8,50,10,5,0.0033807339966401,0.197309,12.135273933410645,3
connect_tx,8,50,10,5,0.0028119089181713,0.208961,12.135273933410645,4
connect_tx,8,50,10,5,0.0030399939705922,0.193442,12.135273933410645,5
connect_tx,8,50,10,5,0.003468974983295,0.197265,12.135273933410645,6
connect_tx,8,50,10,5,0.0034725772432966,0.22542,12.135273933410645,7
connect_tx,8,50,10,5,0.0033985402410733,0.22238,12.135273933410645,8
connect_tx,8,50,10,5,0.0029912632555339,0.212314,12.135273933410645,9
connect_tx,8,50,10,5,0.0034186423492302,0.219063,12.135273933410645,10
connect_tx,8,50,10,5,0.0033985402410733,0.22238,12.135273933410645,median
connect_tx,10,50,10,5,0.0032814485845929,0.203825,12.135273933410645,1
connect_tx,10,50,10,5,0.003206925730829,0.256127,12.135273933410645,2
connect_tx,10,50,10,5,0.0027197110520107,0.232114,12.135273933410645,3
connect_tx,10,50,10,5,0.0037706548837732,0.260482,12.135273933410645,4
connect_tx,10,50,10,5,0.0028965120873785,0.231063,12.135273933410645,5
connect_tx,10,50,10,5,0.0037942852657846,0.236941,12.135273933410645,6
connect_tx,10,50,10,5,0.0032711872169353,0.251829,12.135273933410645,7
connect_tx,10,50,10,5,0.0038433462871098,0.297867,12.135273933410645,8
connect_tx,10,50,10,5,0.0034641191739303,0.238558,12.135273933410645,9
connect_tx,10,50,10,5,0.0037191881364041,0.242216,12.135273933410645,10
connect_tx,10,50,10,5,0.0032814485845929,0.203825,12.135273933410645,median
connect_tx,16,50,10,5,0.0036358585537374,0.324992,12.135273933410645,1
connect_tx,16,50,10,5,0.0037654060329074,0.289302,12.135273933410645,2
connect_tx,16,50,10,5,0.003979930903309,0.286663,12.135273933410645,3
connect_tx,16,50,10,5,0.0042107571309454,0.339255,12.135273933410645,4
connect_tx,16,50,10,5,0.0035562745849505,0.344614,12.135273933410645,5
connect_tx,16,50,10,5,0.0039280874047579,0.280599,12.135273933410645,6
connect_tx,16,50,10,5,0.0037681379271793,0.306851,12.135273933410645,7
connect_tx,16,50,10,5,0.0035853273404733,0.285512,12.135273933410645,8
connect_tx,16,50,10,5,0.0035530960195741,0.297406,12.135273933410645,9
connect_tx,16,50,10,5,0.0036668242792648,0.412024,12.135273933410645,10
connect_tx,16,50,10,5,0.0037654060329074,0.289302,12.135273933410645,median
connect_tx,20,50,10,5,0.0041181216605877,0.451427,12.135273933410645,1
connect_tx,20,50,10,5,0.0038972757634571,0.333053,12.135273933410645,2
connect_tx,20,50,10,5,0.0038733789239569,0.525497,12.135273933410645,3
connect_tx,20,50,10,5,0.0037049926235771,0.4255,12.135273933410645,4
connect_tx,20,50,10,5,0.0036335892799955,0.321409,12.135273933410645,5
connect_tx,20,50,10,5,0.0037591071565471,0.292471,12.135273933410645,6
connect_tx,20,50,10,5,0.003756072966779,0.339763,12.135273933410645,7
connect_tx,20,50,10,5,0.0038469097623541,0.287587,12.135273933410645,8
connect_tx,20,50,10,5,0.0040944864473848,0.36072,12.135273933410645,9
connect_tx,20,50,10,5,0.0037307963675332,0.286892,12.135273933410645,10
connect_tx,20,50,10,5,0.0037591071565471,0.292471,12.135273933410645,median
connect_tx,50,50,10,5,0.0048559378423795,0.509017,12.135273933410645,1
connect_tx,50,50,10,5,0.0051003537152515,0.822099,12.135273933410645,2
connect_tx,50,50,10,5,0.0050466152616514,0.616937,12.135273933410645,3
connect_tx,50,50,10,5,0.0047683065973754,0.658891,12.135273933410645,4
connect_tx,50,50,10,5,0.0047458105192844,0.502429,12.135273933410645,5
connect_tx,50,50,10,5,0.0045140144838753,0.559253,12.135273933410645,6
connect_tx,50,50,10,5,0.004723707179191,0.583634,12.135273933410645,7
connect_tx,50,50,10,5,0.0048984046296636,0.539916,12.135273933410645,8
connect_tx,50,50,10,5,0.0054187556965463,0.525605,12.135273933410645,9
connect_tx,50,50,10,5,0.0047469810923885,0.47375,12.135273933410645,10
connect_tx,50,50,10,5,0.0048559378423795,0.509017,12.135273933410645,median
connect_tx,100,50,10,5,0.0055256708073895,1.087839,12.135273933410645,1
connect_tx,100,50,10,5,0.005533066692071,1.123896,12.135273933410645,2
connect_tx,100,50,10,5,0.0053008486347261,1.344326,12.135273933410645,3
connect_tx,100,50,10,5,0.005664259081119,0.993971,12.135273933410645,4
connect_tx,100,50,10,5,0.0055144978047204,0.938102,12.135273933410645,5
connect_tx,100,50,10,5,0.0054855979257902,1.090754,12.135273933410645,6
connect_tx,100,50,10,5,0.0055870782619062,0.98103,12.135273933410645,7
connect_tx,100,50,10,5,0.0056954753685392,0.988494,12.135273933410645,8
connect_tx,100,50,10,5,0.0058450422944176,0.959675,12.135273933410645,9
connect_tx,100,50,10,5,0.0053495736814092,1.072869,12.135273933410645,10
connect_tx,100,50,10,5,0.005533066692071,1.123896,12.135273933410645,median
connect_tx,2,50,10,10,0.0047275970496909,0.133994,24.167885541915894,1
connect_tx,2,50,10,10,0.0003345611064633,0.153894,24.167885541915894,2
connect_tx,2,50,10,10,0.0003345323464812,0.164059,24.167885541915894,3
connect_tx,2,50,10,10,5.920282874696474e-05,0.168902,24.167885541915894,4
connect_tx,2,50,10,10,5.920282874696474e-05,0.170478,24.167885541915894,5
connect_tx,2,50,10,10,0.0006910295165692,0.210831,24.167885541915894,6
connect_tx,2,50,10,10,0.0047275970496909,0.173005,24.167885541915894,7
connect_tx,2,50,10,10,0.0003345611064633,0.171198,24.167885541915894,8
connect_tx,2,50,10,10,0.0003340181936359,0.161922,24.167885541915894,9
connect_tx,2,50,10,10,0.0047275970496909,0.143417,24.167885541915894,10
connect_tx,2,50,10,10,0.0003345611064633,0.153894,24.167885541915894,median
connect_tx,4,50,10,10,0.0021986218977954,0.170964,24.167885541915894,1
connect_tx,4,50,10,10,0.0021986218977954,0.187398,24.167885541915894,2
connect_tx,4,50,10,10,0.0021954489746785,0.186988,24.167885541915894,3
connect_tx,4,50,10,10,0.0015563380839201,0.171101,24.167885541915894,4
connect_tx,4,50,10,10,0.0010375743624399,0.181992,24.167885541915894,5
connect_tx,4,50,10,10,0.0025002927878747,0.199642,24.167885541915894,6
connect_tx,4,50,10,10,0.0024985134421903,0.184712,24.167885541915894,7
connect_tx,4,50,10,10,0.0015112119035797,0.210549,24.167885541915894,8
connect_tx,4,50,10,10,0.002195654909566,0.191391,24.167885541915894,9
connect_tx,4,50,10,10,0.0035173897024803,0.19641,24.167885541915894,10
connect_tx,4,50,10,10,0.0021986218977954,0.170964,24.167885541915894,median
connect_tx,8,50,10,10,0.00420426265713,0.191886,24.167885541915894,1
connect_tx,8,50,10,10,0.0034954891393608,0.215135,24.167885541915894,2
connect_tx,8,50,10,10,0.0036006014368911,0.207858,24.167885541915894,3
connect_tx,8,50,10,10,0.0027836982257242,0.19607,24.167885541915894,4
connect_tx,8,50,10,10,0.0032542273509005,0.222337,24.167885541915894,5
connect_tx,8,50,10,10,0.0033828484164897,0.217399,24.167885541915894,6
connect_tx,8,50,10,10,0.0030063558959813,0.18504,24.167885541915894,7
connect_tx,8,50,10,10,0.0031152138013688,0.199239,24.167885541915894,8
connect_tx,8,50,10,10,0.0033248706203146,0.212574,24.167885541915894,9
connect_tx,8,50,10,10,0.0044024995723318,0.201261,24.167885541915894,10
connect_tx,8,50,10,10,0.0033828484164897,0.217399,24.167885541915894,median
connect_tx,10,50,10,10,0.0033985619590285,0.226297,24.167885541915894,1
connect_tx,10,50,10,10,0.0031825589990552,0.217233,24.167885541915894,2
connect_tx,10,50,10,10,0.0039607835882012,0.256836,24.167885541915894,3
connect_tx,10,50,10,10,0.0029068402348008,0.221646,24.167885541915894,4
connect_tx,10,50,10,10,0.0040502608370878,0.280001,24.167885541915894,5
connect_tx,10,50,10,10,0.0030863634357242,0.226651,24.167885541915894,6
connect_tx,10,50,10,10,0.0043219058971373,0.223987,24.167885541915894,7
connect_tx,10,50,10,10,0.0042425347675379,0.235114,24.167885541915894,8
connect_tx,10,50,10,10,0.0037112225378542,0.264658,24.167885541915894,9
connect_tx,10,50,10,10,0.0040999001051587,0.238561,24.167885541915894,10
connect_tx,10,50,10,10,0.0037112225378542,0.264658,24.167885541915894,median
connect_tx,16,50,10,10,0.0037175552258148,0.276203,24.167885541915894,1
connect_tx,16,50,10,10,0.0035291285010193,0.241571,24.167885541915894,2
connect_tx,16,50,10,10,0.003863318299308,0.314867,24.167885541915894,3
connect_tx,16,50,10,10,0.0038450475665634,0.290636,24.167885541915894,4
connect_tx,16,50,10,10,0.0040675780349101,0.345942,24.167885541915894,5
connect_tx,16,50,10,10,0.0037495855002036,0.307682,24.167885541915894,6
connect_tx,16,50,10,10,0.0041283264649423,0.248326,24.167885541915894,7
connect_tx,16,50,10,10,0.0034258472439874,0.304587,24.167885541915894,8
connect_tx,16,50,10,10,0.0036718850383987,0.300463,24.167885541915894,9
connect_tx,16,50,10,10,0.0032151152957107,0.254452,24.167885541915894,10
connect_tx,16,50,10,10,0.0037175552258148,0.276203,24.167885541915894,median
connect_tx,20,50,10,10,0.004337731798763,0.381092,24.167885541915894,1
connect_tx,20,50,10,10,0.0040616566869162,0.297147,24.167885541915894,2
connect_tx,20,50,10,10,0.0043461891767234,0.396281,24.167885541915894,3
connect_tx,20,50,10,10,0.0040219507838142,0.377851,24.167885541915894,4
connect_tx,20,50,10,10,0.0035293228315462,0.342295,24.167885541915894,5
connect_tx,20,50,10,10,0.0035971342741736,0.317685,24.167885541915894,6
connect_tx,20,50,10,10,0.0040488439725853,0.353554,24.167885541915894,7
connect_tx,20,50,10,10,0.0037641620489749,0.314285,24.167885541915894,8
connect_tx,20,50,10,10,0.0039511840923088,0.330848,24.167885541915894,9
connect_tx,20,50,10,10,0.0041693057061681,0.402128,24.167885541915894,10
connect_tx,20,50,10,10,0.0040219507838142,0.377851,24.167885541915894,median
connect_tx,50,50,10,10,0.004605885909794,0.653262,24.167885541915894,1
connect_tx,50,50,10,10,0.0049063418224346,0.55987,24.167885541915894,2
connect_tx,50,50,10,10,0.0047436845692956,0.552658,24.167885541915894,3
connect_tx,50,50,10,10,0.0047570552815433,0.541631,24.167885541915894,4
connect_tx,50,50,10,10,0.0045879100130608,0.526661,24.167885541915894,5
connect_tx,50,50,10,10,0.0045059837343001,0.56241,24.167885541915894,6
connect_tx,50,50,10,10,0.0050067146153496,0.661302,24.167885541915894,7
connect_tx,50,50,10,10,0.0046887691206798,0.658694,24.167885541915894,8
connect_tx,50,50,10,10,0.0046919702087983,0.479039,24.167885541915894,9
connect_tx,50,50,10,10,0.0047308552245476,0.522468,24.167885541915894,10
connect_tx,50,50,10,10,0.0047308552245476,0.522468,24.167885541915894,median
connect_tx,100,50,10,10,0.0055739667716224,1.026621,24.167885541915894,1
connect_tx,100,50,10,10,0.0057213569397287,0.910343,24.167885541915894,2
connect_tx,100,50,10,10,0.0054928507918462,0.95638,24.167885541915894,3
connect_tx,100,50,10,10,0.0054917347157638,0.988704,24.167885541915894,4
connect_tx,100,50,10,10,0.0050990259016089,0.955579,24.167885541915894,5
connect_tx,100,50,10,10,0.0052519709336542,0.940825,24.167885541915894,6
connect_tx,100,50,10,10,0.0053755434086488,1.163386,24.167885541915894,7
connect_tx,100,50,10,10,0.0055893210302625,1.009687,24.167885541915894,8
connect_tx,100,50,10,10,0.0057179336142693,1.089119,24.167885541915894,9
connect_tx,100,50,10,10,0.0051335379635263,0.954568,24.167885541915894,10
connect_tx,100,50,10,10,0.0054928507918462,0.95638,24.167885541915894,median
connect_tx,2,50,10,20,0.0003628601937192,0.172448,48.07895183563232,1
connect_tx,2,50,10,20,0.0003634584239875,0.191444,48.07895183563232,2
connect_tx,2,50,10,20,0.0008327548290421,0.1315,48.07895183563232,3
connect_tx,2,50,10,20,0.0009164403177168,0.154284,48.07895183563232,4
connect_tx,2,50,10,20,0.000352844437743,0.155893,48.07895183563232,5
connect_tx,2,50,10,20,0.0003640573144564,0.231371,48.07895183563232,6
connect_tx,2,50,10,20,0.0048522894858581,0.1483,48.07895183563232,7
connect_tx,2,50,10,20,0.0003745732164191,0.172784,48.07895183563232,8
connect_tx,2,50,10,20,0.0003645534282109,0.155234,48.07895183563232,9
connect_tx,2,50,10,20,0.0048522894858581,0.175079,48.07895183563232,10
connect_tx,2,50,10,20,0.0003745732164191,0.172784,48.07895183563232,median
connect_tx,4,50,10,20,0.0024926003009551,0.176538,48.07895183563232,1
connect_tx,4,50,10,20,0.0024926541368536,0.170607,48.07895183563232,2
connect_tx,4,50,10,20,0.0021531216599197,0.191516,48.07895183563232,3
connect_tx,4,50,10,20,0.0035451973837917,0.218793,48.07895183563232,4
connect_tx,4,50,10,20,0.0024922565297643,0.178729,48.07895183563232,5
connect_tx,4,50,10,20,0.001801147160597,0.205089,48.07895183563232,6
connect_tx,4,50,10,20,0.0036626682959605,0.187728,48.07895183563232,7
connect_tx,4,50,10,20,0.0025485156651858,0.177753,48.07895183563232,8
connect_tx,4,50,10,20,0.0025479987035293,0.167991,48.07895183563232,9
connect_tx,4,50,10,20,0.0013564166600393,0.185118,48.07895183563232,10
connect_tx,4,50,10,20,0.0024926003009551,0.176538,48.07895183563232,median
connect_tx,8,50,10,20,0.0044070187133074,0.213456,48.07895183563232,1
connect_tx,8,50,10,20,0.0030287601519977,0.253016,48.07895183563232,2
connect_tx,8,50,10,20,0.0045716098095955,0.25475,48.07895183563232,3
connect_tx,8,50,10,20,0.0032758688708525,0.227752,48.07895183563232,4
connect_tx,8,50,10,20,0.003453853687906,0.221663,48.07895183563232,5
connect_tx,8,50,10,20,0.0029166361378072,0.203064,48.07895183563232,6
connect_tx,8,50,10,20,0.0028647034066102,0.208482,48.07895183563232,7
connect_tx,8,50,10,20,0.0030535645718114,0.252501,48.07895183563232,8
connect_tx,8,50,10,20,0.0030546177257765,0.218501,48.07895183563232,9
connect_tx,8,50,10,20,0.0034022759325641,0.205263,48.07895183563232,10
connect_tx,8,50,10,20,0.0032758688708525,0.227752,48.07895183563232,median
connect_tx,10,50,10,20,0.0032551589865884,0.214647,48.07895183563232,1
connect_tx,10,50,10,20,0.0042359813058998,0.218309,48.07895183563232,2
connect_tx,10,50,10,20,0.0031352516461608,0.201836,48.07895183563232,3
connect_tx,10,50,10,20,0.0037400661802422,0.23288,48.07895183563232,4
connect_tx,10,50,10,20,0.0039945602819656,0.203955,48.07895183563232,5
connect_tx,10,50,10,20,0.0026767455962022,0.232951,48.07895183563232,6
connect_tx,10,50,10,20,0.0042896680797989,0.234222,48.07895183563232,7
connect_tx,10,50,10,20,0.0037125301782082,0.228056,48.07895183563232,8
connect_tx,10,50,10,20,0.0036026447203187,0.220794,48.07895183563232,9
connect_tx,10,50,10,20,0.0029337489991604,0.232661,48.07895183563232,10
connect_tx,10,50,10,20,0.0037125301782082,0.228056,48.07895183563232,median
connect_tx,16,50,10,20,0.0036546934693511,0.285212,48.07895183563232,1
connect_tx,16,50,10,20,0.0034792366996363,0.440407,48.07895183563232,2
connect_tx,16,50,10,20,0.0035957646847186,0.452732,48.07895183563232,3
connect_tx,16,50,10,20,0.0035416891373046,0.296201,48.07895183563232,4
connect_tx,16,50,10,20,0.0031936883276547,0.274446,48.07895183563232,5
connect_tx,16,50,10,20,0.0037507489019006,0.272086,48.07895183563232,6
connect_tx,16,50,10,20,0.0038801530545954,0.285651,48.07895183563232,7
connect_tx,16,50,10,20,0.0039600536330448,0.308956,48.07895183563232,8
connect_tx,16,50,10,20,0.003523213610657,0.300786,48.07895183563232,9
connect_tx,16,50,10,20,0.0034620318058137,0.267961,48.07895183563232,10
connect_tx,16,50,10,20,0.0035957646847186,0.452732,48.07895183563232,median
connect_tx,20,50,10,20,0.0039832026552016,0.322237,48.07895183563232,1
connect_tx,20,50,10,20,0.0036406231096846,0.329031,48.07895183563232,2
connect_tx,20,50,10,20,0.003490844771654,0.314103,48.07895183563232,3
connect_tx,20,50,10,20,0.0039057305456956,0.326831,48.07895183563232,4
connect_tx,20,50,10,20,0.0038510837054086,0.287027,48.07895183563232,5
connect_tx,20,50,10,20,0.0036780161466833,0.42227,48.07895183563232,6
connect_tx,20,50,10,20,0.0038670044400461,0.367918,48.07895183563232,7
connect_tx,20,50,10,20,0.0041142918756046,0.270402,48.07895183563232,8
connect_tx,20,50,10,20,0.0040536308253299,0.312667,48.07895183563232,9
connect_tx,20,50,10,20,0.0034808748274053,0.395391,48.07895183563232,10
connect_tx,20,50,10,20,0.0038510837054086,0.287027,48.07895183563232,median
connect_tx,50,50,10,20,0.0054499553414816,0.540508,48.07895183563232,1
connect_tx,50,50,10,20,0.0046625920512827,0.585704,48.07895183563232,2
connect_tx,50,50,10,20,0.0047862583662493,0.531579,48.07895183563232,3
connect_tx,50,50,10,20,0.0046256150315257,0.569888,48.07895183563232,4
connect_tx,50,50,10,20,0.0048764985438085,0.633998,48.07895183563232,5
connect_tx,50,50,10,20,0.0048056738436344,0.551056,48.07895183563232,6
connect_tx,50,50,10,20,0.0048165340358091,0.476687,48.07895183563232,7
connect_tx,50,50,10,20,0.0045346644282496,0.508634,48.07895183563232,8
connect_tx,50,50,10,20,0.0046274291639087,0.549497,48.07895183563232,9
connect_tx,50,50,10,20,0.00496645375137,0.6106,48.07895183563232,10
connect_tx,50,50,10,20,0.0047862583662493,0.531579,48.07895183563232,median
connect_tx,100,50,10,20,0.0056824467682099,0.937125,48.07895183563232,1
connect_tx,100,50,10,20,0.0056291591639254,1.037259,48.07895183563232,2
connect_tx,100,50,10,20,0.0054208223666368,1.027918,48.07895183563232,3
connect_tx,100,50,10,20,0.0053155550071305,1.018643,48.07895183563232,4
connect_tx,100,50,10,20,0.0053097186714389,1.031545,48.07895183563232,5
connect_tx,100,50,10,20,0.0056506462769069,0.961069,48.07895183563232,6
connect_tx,100,50,10,20,0.0054101286741828,0.957902,48.07895183563232,7
connect_tx,100,50,10,20,0.0052349256718307,0.939575,48.07895183563232,8
connect_tx,100,50,10,20,0.0055413965005028,1.053743,48.07895183563232,9
connect_tx,100,50,10,20,0.0057554817314905,0.98158,48.07895183563232,10
connect_tx,100,50,10,20,0.0054208223666368,1.027918,48.07895183563232,median
connect_tx,2,100,10,5,0.0003948438024526,0.172912,11.730306625366213,1
connect_tx,2,100,10,5,0.0003937259599111,0.191911,11.730306625366213,2
connect_tx,2,100,10,5,0.0003905734127048,0.259397,11.730306625366213,3
connect_tx,2,100,10,5,0.000397938718838,0.222556,11.730306625366213,4
connect_tx,2,100,10,5,0.0047027397251258,0.260483,11.730306625366213,5
connect_tx,2,100,10,5,0.0003905734127048,0.274021,11.730306625366213,6
connect_tx,2,100,10,5,0.0003971640012195,0.242827,11.730306625366213,7
connect_tx,2,100,10,5,0.0003943584414023,0.261964,11.730306625366213,8
connect_tx,2,100,10,5,0.0003882789981167,0.228463,11.730306625366213,9
connect_tx,2,100,10,5,0.0003770300414429,0.232697,11.730306625366213,10
connect_tx,2,100,10,5,0.0003937259599111,0.191911,11.730306625366213,median
connect_tx,4,100,10,5,0.0020837220366747,0.287383,11.730306625366213,1
connect_tx,4,100,10,5,0.0022328238563288,0.308699,11.730306625366213,2
connect_tx,4,100,10,5,0.0013065714286803,0.403136,11.730306625366213,3
connect_tx,4,100,10,5,0.0022316873611551,0.274651,11.730306625366213,4
connect_tx,4,100,10,5,0.0013137833519243,0.269904,11.730306625366213,5
connect_tx,4,100,10,5,0.0038980006196845,0.231226,11.730306625366213,6
connect_tx,4,100,10,5,0.0015386175618029,0.24805,11.730306625366213,7
connect_tx,4,100,10,5,0.0008011308427527,0.304293,11.730306625366213,8
connect_tx,4,100,10,5,0.0008018181547546,0.328985,11.730306625366213,9
connect_tx,4,100,10,5,0.001021584801319,0.235987,11.730306625366213,10
connect_tx,4,100,10,5,0.0013137833519243,0.269904,11.730306625366213,median
connect_tx,8,100,10,5,0.0030667634190326,0.408253,11.730306625366213,1
connect_tx,8,100,10,5,0.0032774039189902,0.476444,11.730306625366213,2
connect_tx,8,100,10,5,0.0033914600487252,0.398873,11.730306625366213,3
connect_tx,8,100,10,5,0.0037221121934127,0.382072,11.730306625366213,4
connect_tx,8,100,10,5,0.0032272450036417,0.362178,11.730306625366213,5
connect_tx,8,100,10,5,0.0041287595317816,0.475519,11.730306625366213,6
connect_tx,8,100,10,5,0.0032735792759473,0.367294,11.730306625366213,7
connect_tx,8,100,10,5,0.0028261935952073,0.513637,11.730306625366213,8
connect_tx,8,100,10,5,0.0030086405714989,0.464458,11.730306625366213,9
connect_tx,8,100,10,5,0.0040654179883663,0.526277,11.730306625366213,10
connect_tx,8,100,10,5,0.0032735792759473,0.367294,11.730306625366213,median
connect_tx,10,100,10,5,0.004105422403603,0.395536,11.730306625366213,1
connect_tx,10,100,10,5,0.0038739289689414,0.278221,11.730306625366213,2
connect_tx,10,100,10,5,0.0029184152351573,0.434029,11.730306625366213,3
connect_tx,10,100,10,5,0.0030754758897814,0.475486,11.730306625366213,4
connect_tx,10,100,10,5,0.0032738683747948,0.375897,11.730306625366213,5
connect_tx,10,100,10,5,0.0031820071202489,0.335215,11.730306625366213,6
connect_tx,10,100,10,5,0.0030416963101197,0.39114,11.730306625366213,7
connect_tx,10,100,10,5,0.0040750257239498,0.330599,11.730306625366213,8
connect_tx,10,100,10,5,0.0033633637246422,0.355882,11.730306625366213,9
connect_tx,10,100,10,5,0.0035247977852021,0.332931,11.730306625366213,10
connect_tx,10,100,10,5,0.0033633637246422,0.355882,11.730306625366213,median
connect_tx,16,100,10,5,0.0036610110620819,0.382439,11.730306625366213,1
connect_tx,16,100,10,5,0.0034065210160636,0.462859,11.730306625366213,2
connect_tx,16,100,10,5,0.0037287781931145,0.442016,11.730306625366213,3
connect_tx,16,100,10,5,0.0034971515950418,0.431048,11.730306625366213,4
connect_tx,16,100,10,5,0.0040453652507973,0.37772,11.730306625366213,5
connect_tx,16,100,10,5,0.0034023604603225,0.491393,11.730306625366213,6
connect_tx,16,100,10,5,0.0037048238450075,0.515536,11.730306625366213,7
connect_tx,16,100,10,5,0.0035458339100626,0.425145,11.730306625366213,8
connect_tx,16,100,10,5,0.0037533843774626,0.472462,11.730306625366213,9
connect_tx,16,100,10,5,0.0038816839120788,0.594994,11.730306625366213,10
connect_tx,16,100,10,5,0.0037048238450075,0.515536,11.730306625366213,median
connect_tx,20,100,10,5,0.0041497320452997,0.501707,11.730306625366213,1
connect_tx,20,100,10,5,0.0040031477230638,0.76554,11.730306625366213,2
connect_tx,20,100,10,5,0.0035741122624845,0.467445,11.730306625366213,3
connect_tx,20,100,10,5,0.003909885750575,0.507786,11.730306625366213,4
connect_tx,20,100,10,5,0.0039592904324124,0.484046,11.730306625366213,5
connect_tx,20,100,10,5,0.0038252667121677,0.813173,11.730306625366213,6
connect_tx,20,100,10,5,0.0035785950560732,1.007922,11.730306625366213,7
connect_tx,20,100,10,5,0.0035095468721714,0.523413,11.730306625366213,8
connect_tx,20,100,10,5,0.0038710642100365,0.480103,11.730306625366213,9
connect_tx,20,100,10,5,0.0037634036348979,0.558153,11.730306625366213,10
connect_tx,20,100,10,5,0.0038252667121677,0.813173,11.730306625366213,median
connect_tx,50,100,10,5,0.004572350996145,1.008873,11.730306625366213,1
connect_tx,50,100,10,5,0.0040345039939102,0.95843,11.730306625366213,2
connect_tx,50,100,10,5,0.0048419653245436,1.593369,11.730306625366213,3
connect_tx,50,100,10,5,0.0046902992025921,0.93206,11.730306625366213,4
connect_tx,50,100,10,5,0.0049869706321346,1.095891,11.730306625366213,5
connect_tx,50,100,10,5,0.0041840138018084,1.022791,11.730306625366213,6
connect_tx,50,100,10,5,0.0045979930544244,1.181235,11.730306625366213,7
connect_tx,50,100,10,5,0.0050185705926204,1.07355,11.730306625366213,8
connect_tx,50,100,10,5,0.0043853901440134,1.18927,11.730306625366213,9
connect_tx,50,100,10,5,0.0050106913883493,0.936736,11.730306625366213,10
connect_tx,50,100,10,5,0.0045979930544244,1.181235,11.730306625366213,median
connect_tx,100,100,10,5,0.005949772730628,1.725623,11.730306625366213,1
connect_tx,100,100,10,5,0.0055412409740319,1.928995,11.730306625366213,2
connect_tx,100,100,10,5,0.0058749349180628,2.002455,11.730306625366213,3
connect_tx,100,100,10,5,0.0052737704852603,1.747303,11.730306625366213,4
connect_tx,100,100,10,5,0.0056356669517365,1.924006,11.730306625366213,5
connect_tx,100,100,10,5,0.0055150440670093,1.654563,11.730306625366213,6
connect_tx,100,100,10,5,0.0053625890157883,1.700621,11.730306625366213,7
connect_tx,100,100,10,5,0.0055730744008589,1.710738,11.730306625366213,8
connect_tx,100,100,10,5,0.0049711984210829,2.365486,11.730306625366213,9
connect_tx,100,100,10,5,0.005392355324476,1.660425,11.730306625366213,10
connect_tx,100,100,10,5,0.0055150440670093,1.654563,11.730306625366213,median
connect_tx,2,100,10,10,0.0003995630825182,0.170507,23.737388610839844,1
connect_tx,2,100,10,10,0.0003966495448832,0.183109,23.737388610839844,2
connect_tx,2,100,10,10,0.0009349050302606,0.186315,23.737388610839844,3
connect_tx,2,100,10,10,0.000939883762844,0.212683,23.737388610839844,4
connect_tx,2,100,10,10,4.642387421909359e-05,0.250482,23.737388610839844,5
connect_tx,2,100,10,10,0.0009349050302606,0.21665,23.737388610839844,6
connect_tx,2,100,10,10,0.0004025018457551,0.276131,23.737388610839844,7
connect_tx,2,100,10,10,0.0003993529578981,0.264148,23.737388610839844,8
connect_tx,2,100,10,10,0.0003996482438169,0.255578,23.737388610839844,9
connect_tx,2,100,10,10,0.0046461085441299,0.267059,23.737388610839844,10
connect_tx,2,100,10,10,0.0004025018457551,0.276131,23.737388610839844,median
connect_tx,4,100,10,10,0.0023792121404955,0.310651,23.737388610839844,1
connect_tx,4,100,10,10,0.00226431851874,0.271637,23.737388610839844,2
connect_tx,4,100,10,10,0.002254724982351,0.27502,23.737388610839844,3
connect_tx,4,100,10,10,0.0018198187390665,0.339044,23.737388610839844,4
connect_tx,4,100,10,10,0.0022183984960412,0.25468,23.737388610839844,5
connect_tx,4,100,10,10,0.0021296765597856,0.265506,23.737388610839844,6
connect_tx,4,100,10,10,0.0021797472923078,0.265939,23.737388610839844,7
connect_tx,4,100,10,10,0.0022521350776744,0.273228,23.737388610839844,8
connect_tx,4,100,10,10,0.0013393638643242,0.253219,23.737388610839844,9
connect_tx,4,100,10,10,0.001382319119604,0.397239,23.737388610839844,10
connect_tx,4,100,10,10,0.0021797472923078,0.265939,23.737388610839844,median
connect_tx,8,100,10,10,0.003362705780202,0.354244,23.737388610839844,1
connect_tx,8,100,10,10,0.0030310108575236,0.329062,23.737388610839844,2
connect_tx,8,100,10,10,0.0033472436629381,0.367004,23.737388610839844,3
connect_tx,8,100,10,10,0.0040847516087579,0.337275,23.737388610839844,4
connect_tx,8,100,10,10,0.0029757888262411,0.319279,23.737388610839844,5
connect_tx,8,100,10,10,0.0030750129012511,0.304519,23.737388610839844,6
connect_tx,8,100,10,10,0.0030397505549882,0.335922,23.737388610839844,7
connect_tx,8,100,10,10,0.0035735295867607,0.365607,23.737388610839844,8
connect_tx,8,100,10,10,0.0030897088226401,0.309315,23.737388610839844,9
connect_tx,8,100,10,10,0.0035728572643518,0.403446,23.737388610839844,10
connect_tx,8,100,10,10,0.0033472436629381,0.367004,23.737388610839844,median
connect_tx,10,100,10,10,0.0031722630024464,0.360508,23.737388610839844,1
connect_tx,10,100,10,10,0.0028673627451815,0.575521,23.737388610839844,2
connect_tx,10,100,10,10,0.0030142922164601,0.333719,23.737388610839844,3
connect_tx,10,100,10,10,0.0031707310346803,0.39291,23.737388610839844,4
connect_tx,10,100,10,10,0.0027486819219507,0.486612,23.737388610839844,5
connect_tx,10,100,10,10,0.0035909745380084,0.340674,23.737388610839844,6
connect_tx,10,100,10,10,0.003204976247161,0.353521,23.737388610839844,7
connect_tx,10,100,10,10,0.0040568653246826,0.428719,23.737388610839844,8
connect_tx,10,100,10,10,0.0037463695752545,0.36841,23.737388610839844,9
connect_tx,10,100,10,10,0.0034289089712359,0.465759,23.737388610839844,10
connect_tx,10,100,10,10,0.0031722630024464,0.360508,23.737388610839844,median
connect_tx,16,100,10,10,0.003312107115918,0.541566,23.737388610839844,1
connect_tx,16,100,10,10,0.0037281948613369,0.515954,23.737388610839844,2
connect_tx,16,100,10,10,0.0033055681082623,0.40566,23.737388610839844,3
connect_tx,16,100,10,10,0.0033698357851116,0.695649,23.737388610839844,4
connect_tx,16,100,10,10,0.0036802625417608,0.432782,23.737388610839844,5
connect_tx,16,100,10,10,0.003673512044243,0.58685,23.737388610839844,6
connect_tx,16,100,10,10,0.0036805779595473,0.467911,23.737388610839844,7
connect_tx,16,100,10,10,0.0033832761471397,0.587668,23.737388610839844,8
connect_tx,16,100,10,10,0.0039735724760176,0.628866,23.737388610839844,9
connect_tx,16,100,10,10,0.0039408999708667,0.582807,23.737388610839844,10
connect_tx,16,100,10,10,0.003673512044243,0.58685,23.737388610839844,median
connect_tx,20,100,10,10,0.0039208865936264,0.431244,23.737388610839844,1
connect_tx,20,100,10,10,0.0035381436683134,0.446189,23.737388610839844,2
connect_tx,20,100,10,10,0.0036919094119793,0.633104,23.737388610839844,3
connect_tx,20,100,10,10,0.0042815340943756,0.548722,23.737388610839844,4
connect_tx,20,100,10,10,0.003832584934292,0.513932,23.737388610839844,5
connect_tx,20,100,10,10,0.0038176106599493,0.589702,23.737388610839844,6
connect_tx,20,100,10,10,0.0038729428936127,0.457613,23.737388610839844,7
connect_tx,20,100,10,10,0.0039526081195571,0.547366,23.737388610839844,8
connect_tx,20,100,10,10,0.0043069685506276,0.673233,23.737388610839844,9
connect_tx,20,100,10,10,0.0038015725221725,0.722025,23.737388610839844,10
connect_tx,20,100,10,10,0.0038729428936127,0.457613,23.737388610839844,median
connect_tx,50,100,10,10,0.0044875228274913,0.870273,23.737388610839844,1
connect_tx,50,100,10,10,0.0048870477772265,0.802314,23.737388610839844,2
connect_tx,50,100,10,10,0.0046324147927688,1.150979,23.737388610839844,3
connect_tx,50,100,10,10,0.004651361830715,1.07484,23.737388610839844,4
connect_tx,50,100,10,10,0.0043494414311609,1.051117,23.737388610839844,5
connect_tx,50,100,10,10,0.0051597024809029,1.226504,23.737388610839844,6
connect_tx,50,100,10,10,0.0045596157264489,1.159293,23.737388610839844,7
connect_tx,50,100,10,10,0.0047744539128551,0.805671,23.737388610839844,8
connect_tx,50,100,10,10,0.0046358294195288,0.998455,23.737388610839844,9
connect_tx,50,100,10,10,0.0050308562885562,1.011021,23.737388610839844,10
connect_tx,50,100,10,10,0.004651361830715,1.07484,23.737388610839844,median
connect_tx,100,100,10,10,0.0054528992235669,1.958718,23.737388610839844,1
connect_tx,100,100,10,10,0.0058504093959464,1.933774,23.737388610839844,2
connect_tx,100,100,10,10,0.0054230557298899,1.676586,23.737388610839844,3
connect_tx,100,100,10,10,0.0050470583557777,1.603386,23.737388610839844,4
connect_tx,100,100,10,10,0.0052212158947842,1.936818,23.737388610839844,5
connect_tx,100,100,10,10,0.0051289750488185,1.855437,23.737388610839844,6
connect_tx,100,100,10,10,0.0058970370736325,1.57339,23.737388610839844,7
connect_tx,100,100,10,10,0.005322442419002,1.912129,23.737388610839844,8
connect_tx,100,100,10,10,0.0053863046168389,1.79309,23.737388610839844,9
connect_tx,100,100,10,10,0.0054438788326817,1.678321,23.737388610839844,10
connect_tx,100,100,10,10,0.0054230557298899,1.676586,23.737388610839844,median
connect_tx,2,100,10,20,0.0004534599634186,0.192288,47.216641426086426,1
connect_tx,2,100,10,20,0.0004506923685345,0.263189,47.216641426086426,2
connect_tx,2,100,10,20,0.0049653162316605,0.217018,47.216641426086426,3
connect_tx,2,100,10,20,0.0004521084811291,0.233061,47.216641426086426,4
connect_tx,2,100,10,20,0.0004490584915146,0.207654,47.216641426086426,5
connect_tx,2,100,10,20,0.0049653162316605,0.21334,47.216641426086426,6
connect_tx,2,100,10,20,0.0009282401201556,0.241048,47.216641426086426,7
connect_tx,2,100,10,20,0.0004534599634186,0.249715,47.216641426086426,8
connect_tx,2,100,10,20,0.0004534599634186,0.245021,47.216641426086426,9
connect_tx,2,100,10,20,0.0004495035893399,0.342235,47.216641426086426,10
connect_tx,2,100,10,20,0.0004534599634186,0.192288,47.216641426086426,median
connect_tx,4,100,10,20,0.0023824695751867,0.296723,47.216641426086426,1
connect_tx,4,100,10,20,0.0030685735395255,0.386491,47.216641426086426,2
connect_tx,4,100,10,20,0.0024581252195432,0.262338,47.216641426086426,3
connect_tx,4,100,10,20,0.002388430832213,0.469695,47.216641426086426,4
connect_tx,4,100,10,20,0.0039776883637729,0.242978,47.216641426086426,5
connect_tx,4,100,10,20,0.0024629262845637,0.259595,47.216641426086426,6
connect_tx,4,100,10,20,0.002388430832213,0.453103,47.216641426086426,7
connect_tx,4,100,10,20,0.0012925185931583,0.290065,47.216641426086426,8
connect_tx,4,100,10,20,0.0013680140498594,0.261547,47.216641426086426,9
connect_tx,4,100,10,20,0.0010717794085801,0.292889,47.216641426086426,10
connect_tx,4,100,10,20,0.002388430832213,0.469695,47.216641426086426,median
connect_tx,8,100,10,20,0.0031164524849707,0.404925,47.216641426086426,1
connect_tx,8,100,10,20,0.0039417083947991,0.295394,47.216641426086426,2
connect_tx,8,100,10,20,0.0030304156783492,0.340109,47.216641426086426,3
connect_tx,8,100,10,20,0.0030235214333609,0.363036,47.216641426086426,4
connect_tx,8,100,10,20,0.0035901139735929,0.428187,47.216641426086426,5
connect_tx,8,100,10,20,0.0034272603725425,0.291494,47.216641426086426,6
connect_tx,8,100,10,20,0.003184432136339,0.305308,47.216641426086426,7
connect_tx,8,100,10,20,0.0039832126671994,0.281851,47.216641426086426,8
connect_tx,8,100,10,20,0.003178793179337,0.514687,47.216641426086426,9
connect_tx,8,100,10,20,0.0045952523087688,0.359559,47.216641426086426,10
connect_tx,8,100,10,20,0.0034272603725425,0.291494,47.216641426086426,median
connect_tx,10,100,10,20,0.0028622714585201,0.39962,47.216641426086426,1
connect_tx,10,100,10,20,0.0043141987839056,0.444109,47.216641426086426,2
connect_tx,10,100,10,20,0.0032107447761916,0.328934,47.216641426086426,3
connect_tx,10,100,10,20,0.0037363347704887,0.321914,47.216641426086426,4
connect_tx,10,100,10,20,0.0045220992450226,0.447554,47.216641426086426,5
connect_tx,10,100,10,20,0.0032151301890013,0.347845,47.216641426086426,6
connect_tx,10,100,10,20,0.0038888446733493,0.461768,47.216641426086426,7
connect_tx,10,100,10,20,0.0030936470588157,0.311537,47.216641426086426,8
connect_tx,10,100,10,20,0.0032126475257547,0.396184,47.216641426086426,9
connect_tx,10,100,10,20,0.0032281776953839,0.365628,47.216641426086426,10
connect_tx,10,100,10,20,0.0032151301890013,0.347845,47.216641426086426,median
connect_tx,16,100,10,20,0.003091608606216,0.431806,47.216641426086426,1
connect_tx,16,100,10,20,0.0037236508370407,0.553311,47.216641426086426,2
connect_tx,16,100,10,20,0.0036471218518195,0.362811,47.216641426086426,3
connect_tx,16,100,10,20,0.0036584871343137,0.475244,47.216641426086426,4
connect_tx,16,100,10,20,0.0038298197044932,0.506778,47.216641426086426,5
connect_tx,16,100,10,20,0.0038880878259429,0.473595,47.216641426086426,6
connect_tx,16,100,10,20,0.0039147911155284,0.538464,47.216641426086426,7
connect_tx,16,100,10,20,0.0039422907440445,0.376357,47.216641426086426,8
connect_tx,16,100,10,20,0.0039947109435114,0.583578,47.216641426086426,9
connect_tx,16,100,10,20,0.0036145567539578,0.640487,47.216641426086426,10
connect_tx,16,100,10,20,0.0037236508370407,0.553311,47.216641426086426,median
connect_tx,20,100,10,20,0.0035336137202924,0.637861,47.216641426086426,1
connect_tx,20,100,10,20,0.0041103492376201,0.541896,47.216641426086426,2
connect_tx,20,100,10,20,0.0045101471655003,0.566437,47.216641426086426,3
connect_tx,20,100,10,20,0.003614586817595,0.599053,47.216641426086426,4
connect_tx,20,100,10,20,0.0034796472126427,0.528012,47.216641426086426,5
connect_tx,20,100,10,20,0.003485698289481,0.498587,47.216641426086426,6
connect_tx,20,100,10,20,0.0039903449580659,0.528979,47.216641426086426,7
connect_tx,20,100,10,20,0.0036547001856052,0.556257,47.216641426086426,8
connect_tx,20,100,10,20,0.0034772980761385,0.498187,47.216641426086426,9
connect_tx,20,100,10,20,0.0038466940649949,0.710876,47.216641426086426,10
connect_tx,20,100,10,20,0.0036547001856052,0.556257,47.216641426086426,median
connect_tx,50,100,10,20,0.0049674841601159,0.892135,47.216641426086426,1
connect_tx,50,100,10,20,0.0042086695618473,1.14461,47.216641426086426,2
connect_tx,50,100,10,20,0.0046956912798104,1.096512,47.216641426086426,3
connect_tx,50,100,10,20,0.0049161554603157,1.16657,47.216641426086426,4
connect_tx,50,100,10,20,0.004830069169911,1.017128,47.216641426086426,5
connect_tx,50,100,10,20,0.0045164086698674,0.918235,47.216641426086426,6
connect_tx,50,100,10,20,0.0047173192378102,1.132028,47.216641426086426,7
connect_tx,50,100,10,20,0.0047545941259401,0.949707,47.216641426086426,8
connect_tx,50,100,10,20,0.0045165057148203,0.931981,47.216641426086426,9
connect_tx,50,100,10,20,0.0050312186866895,1.048823,47.216641426086426,10
connect_tx,50,100,10,20,0.0047545941259401,0.949707,47.216641426086426,median
connect_tx,100,100,10,20,0.0053251777670707,1.896683,47.216641426086426,1
connect_tx,100,100,10,20,0.0048320269519325,1.765542,47.216641426086426,2
connect_tx,100,100,10,20,0.0055038817274157,1.642827,47.216641426086426,3
connect_tx,100,100,10,20,0.0055106044335156,2.252265,47.216641426086426,4
connect_tx,100,100,10,20,0.0053434464838997,1.84797,47.216641426086426,5
connect_tx,100,100,10,20,0.0054605324526253,1.569114,47.216641426086426,6
connect_tx,100,100,10,20,0.0056493243035667,1.893152,47.216641426086426,7
connect_tx,100,100,10,20,0.0053960026112407,1.600084,47.216641426086426,8
connect_tx,100,100,10,20,0.0053046628524083,1.661348,47.216641426086426,9
connect_tx,100,100,10,20,0.0052787256184617,1.596628,47.216641426086426,10
connect_tx,100,100,10,20,0.0053434464838997,1.84797,47.216641426086426,median
connect_tx,2,200,10,5,0.0003335887814379,0.278948,18.75299596786499,1
connect_tx,2,200,10,5,0.0003458279441878,0.595301,18.75299596786499,2
connect_tx,2,200,10,5,0.0047111364436657,0.319355,18.75299596786499,3
connect_tx,2,200,10,5,0.0003584056864789,0.331807,18.75299596786499,4
connect_tx,2,200,10,5,0.0003608026831179,0.388074,18.75299596786499,5
connect_tx,2,200,10,5,0.0009164403177168,0.27384,18.75299596786499,6
connect_tx,2,200,10,5,0.0003608026831179,0.384031,18.75299596786499,7
connect_tx,2,200,10,5,0.0003458279441878,0.629568,18.75299596786499,8
connect_tx,2,200,10,5,0.0003375948935492,0.344721,18.75299596786499,9
connect_tx,2,200,10,5,0.0003471830954249,0.816642,18.75299596786499,10
connect_tx,2,200,10,5,0.0003584056864789,0.331807,18.75299596786499,median
connect_tx,4,200,10,5,0.0029570586651371,0.717088,18.75299596786499,1
connect_tx,4,200,10,5,0.0010406387820891,1.054091,18.75299596786499,2
connect_tx,4,200,10,5,0.0023064961247455,0.850946,18.75299596786499,3
connect_tx,4,200,10,5,0.0021039821886998,0.477193,18.75299596786499,4
connect_tx,4,200,10,5,0.0021048620593679,0.55064,18.75299596786499,5
connect_tx,4,200,10,5,0.0021050133006628,0.394704,18.75299596786499,6
connect_tx,4,200,10,5,0.002320445976984,0.569145,18.75299596786499,7
connect_tx,4,200,10,5,0.0010406387820891,0.690927,18.75299596786499,8
connect_tx,4,200,10,5,0.0023374359585315,0.445316,18.75299596786499,9
connect_tx,4,200,10,5,0.0021069752758852,0.578228,18.75299596786499,10
connect_tx,4,200,10,5,0.0021069752758852,0.578228,18.75299596786499,median
connect_tx,8,200,10,5,0.0033777186205978,0.99245,18.75299596786499,1
connect_tx,8,200,10,5,0.003028069407587,0.884772,18.75299596786499,2
connect_tx,8,200,10,5,0.0037281909699888,0.618046,18.75299596786499,3
connect_tx,8,200,10,5,0.0045749859049094,0.858494,18.75299596786499,4
connect_tx,8,200,10,5,0.0032104786353744,0.492368,18.75299596786499,5
connect_tx,8,200,10,5,0.0035328035190127,0.718722,18.75299596786499,6
connect_tx,8,200,10,5,0.0029303237946184,0.579899,18.75299596786499,7
connect_tx,8,200,10,5,0.0044475707148303,0.761465,18.75299596786499,8
connect_tx,8,200,10,5,0.0028213928327884,0.583589,18.75299596786499,9
connect_tx,8,200,10,5,0.0035034880231661,0.55897,18.75299596786499,10
connect_tx,8,200,10,5,0.0033777186205978,0.99245,18.75299596786499,median
connect_tx,10,200,10,5,0.0033751678411761,1.142304,18.75299596786499,1
connect_tx,10,200,10,5,0.0031155798069581,0.653883,18.75299596786499,2
connect_tx,10,200,10,5,0.0042641700462401,0.650666,18.75299596786499,3
connect_tx,10,200,10,5,0.0029180477777582,0.775214,18.75299596786499,4
connect_tx,10,200,10,5,0.0040677793841802,1.187605,18.75299596786499,5
connect_tx,10,200,10,5,0.0041351687552489,0.792889,18.75299596786499,6
connect_tx,10,200,10,5,0.0028466850541866,0.767687,18.75299596786499,7
connect_tx,10,200,10,5,0.0030194906267715,0.980548,18.75299596786499,8
connect_tx,10,200,10,5,0.0031130455133505,1.012054,18.75299596786499,9
connect_tx,10,200,10,5,0.0029197765078244,0.785607,18.75299596786499,10
connect_tx,10,200,10,5,0.0031155798069581,0.653883,18.75299596786499,median
connect_tx,16,200,10,5,0.003897166712844,0.847335,18.75299596786499,1
connect_tx,16,200,10,5,0.0032954883202527,1.317024,18.75299596786499,2
connect_tx,16,200,10,5,0.0037096366779421,1.394509,18.75299596786499,3
connect_tx,16,200,10,5,0.0036005985060263,0.987415,18.75299596786499,4
connect_tx,16,200,10,5,0.0036821459003103,1.018972,18.75299596786499,5
connect_tx,16,200,10,5,0.0038221717978577,1.362208,18.75299596786499,6
connect_tx,16,200,10,5,0.0038800966051729,1.276883,18.75299596786499,7
connect_tx,16,200,10,5,0.0032606900982136,1.209936,18.75299596786499,8
connect_tx,16,200,10,5,0.0032285050526413,1.012503,18.75299596786499,9
connect_tx,16,200,10,5,0.0035707313386853,1.276475,18.75299596786499,10
connect_tx,16,200,10,5,0.0036005985060263,0.987415,18.75299596786499,median
connect_tx,20,200,10,5,0.0038000171730703,1.050008,18.75299596786499,1
connect_tx,20,200,10,5,0.0038950631219934,1.355431,18.75299596786499,2
connect_tx,20,200,10,5,0.0035851534635251,1.447179,18.75299596786499,3
connect_tx,20,200,10,5,0.0037765220841266,1.375111,18.75299596786499,4
connect_tx,20,200,10,5,0.0042618344175111,1.567796,18.75299596786499,5
connect_tx,20,200,10,5,0.0035250205157795,1.26274,18.75299596786499,6
connect_tx,20,200,10,5,0.0033698605650791,1.414794,18.75299596786499,7
connect_tx,20,200,10,5,0.0036934418975931,1.095067,18.75299596786499,8
connect_tx,20,200,10,5,0.0040645753481769,1.492805,18.75299596786499,9
connect_tx,20,200,10,5,0.0038744688422642,1.164388,18.75299596786499,10
connect_tx,20,200,10,5,0.0038000171730703,1.050008,18.75299596786499,median
connect_tx,50,200,10,5,0.0046033644727164,1.914386,18.75299596786499,1
connect_tx,50,200,10,5,0.0048758353815775,1.931937,18.75299596786499,2
connect_tx,50,200,10,5,0.0050582264594165,1.940263,18.75299596786499,3
connect_tx,50,200,10,5,0.0053149998476161,3.045669,18.75299596786499,4
connect_tx,50,200,10,5,0.0046470945410861,1.743117,18.75299596786499,5
connect_tx,50,200,10,5,0.0044463542967552,1.479785,18.75299596786499,6
connect_tx,50,200,10,5,0.0048134407203711,2.151211,18.75299596786499,7
connect_tx,50,200,10,5,0.0046732468259928,1.536925,18.75299596786499,8
connect_tx,50,200,10,5,0.0050362324212814,1.82963,18.75299596786499,9
connect_tx,50,200,10,5,0.0047732488256147,1.82587,18.75299596786499,10
connect_tx,50,200,10,5,0.0048134407203711,2.151211,18.75299596786499,median
connect_tx,100,200,10,5,0.005276124741245,3.02498,18.75299596786499,1
connect_tx,100,200,10,5,0.0056140442442486,2.880041,18.75299596786499,2
connect_tx,100,200,10,5,0.0054193517099696,3.980336,18.75299596786499,3
connect_tx,100,200,10,5,0.0055450908257635,4.613948,18.75299596786499,4
connect_tx,100,200,10,5,0.0056052754706852,7.116726,18.75299596786499,5
connect_tx,100,200,10,5,0.005350791535094,5.235146,18.75299596786499,6
connect_tx,100,200,10,5,0.0052369913999384,4.864786,18.75299596786499,7
connect_tx,100,200,10,5,0.0054561383026459,4.197633,18.75299596786499,8
connect_tx,100,200,10,5,0.0054829189470453,3.954448,18.75299596786499,9
connect_tx,100,200,10,5,0.0052715335995304,4.788948,18.75299596786499,10
connect_tx,100,200,10,5,0.0054561383026459,4.197633,18.75299596786499,median
connect_tx,2,200,10,10,0.0002937932328486,0.523921,43.25551152229309,1
connect_tx,2,200,10,10,0.0002932614970576,0.412056,43.25551152229309,2
connect_tx,2,200,10,10,0.0008701974813869,0.365103,43.25551152229309,3
connect_tx,2,200,10,10,0.0002927304296352,0.366332,43.25551152229309,4
connect_tx,2,200,10,10,0.0008327548290421,0.298338,43.25551152229309,5
connect_tx,2,200,10,10,0.0002932614970576,0.44777,43.25551152229309,6
connect_tx,2,200,10,10,0.0002932614970576,0.840427,43.25551152229309,7
connect_tx,2,200,10,10,0.0002927304296352,0.358175,43.25551152229309,8
connect_tx,2,200,10,10,0.0002927304296352,0.397689,43.25551152229309,9
connect_tx,2,200,10,10,0.0047662810120521,0.353174,43.25551152229309,10
connect_tx,2,200,10,10,0.0002932614970576,0.412056,43.25551152229309,median
connect_tx,4,200,10,10,0.0024926714913556,0.425543,43.25551152229309,1
connect_tx,4,200,10,10,0.0021272797432287,0.495692,43.25551152229309,2
connect_tx,4,200,10,10,0.0023841259252134,0.403246,43.25551152229309,3
connect_tx,4,200,10,10,0.0023980728731203,0.45056,43.25551152229309,4
connect_tx,4,200,10,10,0.000764322473181,0.79492,43.25551152229309,5
connect_tx,4,200,10,10,0.0013268870747977,0.507643,43.25551152229309,6
connect_tx,4,200,10,10,0.0033282725919529,0.487507,43.25551152229309,7
connect_tx,4,200,10,10,0.002435400744056,0.592939,43.25551152229309,8
connect_tx,4,200,10,10,0.0013443662152191,0.437301,43.25551152229309,9
connect_tx,4,200,10,10,0.0024381811720107,0.384627,43.25551152229309,10
connect_tx,4,200,10,10,0.0023841259252134,0.403246,43.25551152229309,median
connect_tx,8,200,10,10,0.0034720278094978,0.58827,43.25551152229309,1
connect_tx,8,200,10,10,0.0031164035323797,0.681925,43.25551152229309,2
connect_tx,8,200,10,10,0.0028900047842148,0.510522,43.25551152229309,3
connect_tx,8,200,10,10,0.0034492310259616,0.686344,43.25551152229309,4
connect_tx,8,200,10,10,0.0034519516930872,0.568231,43.25551152229309,5
connect_tx,8,200,10,10,0.0031164035323797,0.656274,43.25551152229309,6
connect_tx,8,200,10,10,0.0031181273888398,0.500929,43.25551152229309,7
connect_tx,8,200,10,10,0.0033164698607488,0.57865,43.25551152229309,8
connect_tx,8,200,10,10,0.0031126702494244,0.660363,43.25551152229309,9
connect_tx,8,200,10,10,0.0035488543739526,0.624106,43.25551152229309,10
connect_tx,8,200,10,10,0.0031181273888398,0.500929,43.25551152229309,median
connect_tx,10,200,10,10,0.0036857904030138,0.694414,43.25551152229309,1
connect_tx,10,200,10,10,0.0029779978052087,0.606959,43.25551152229309,2
connect_tx,10,200,10,10,0.0036244792042663,0.635749,43.25551152229309,3
connect_tx,10,200,10,10,0.0037536101486807,0.579183,43.25551152229309,4
connect_tx,10,200,10,10,0.0033102596133372,0.638434,43.25551152229309,5
connect_tx,10,200,10,10,0.0028437128078562,0.55251,43.25551152229309,6
connect_tx,10,200,10,10,0.0030366766084151,0.700014,43.25551152229309,7
connect_tx,10,200,10,10,0.0030264367904165,0.729007,43.25551152229309,8
connect_tx,10,200,10,10,0.0038057212064007,0.858581,43.25551152229309,9
connect_tx,10,200,10,10,0.0034232962923679,0.78104,43.25551152229309,10
connect_tx,10,200,10,10,0.0033102596133372,0.638434,43.25551152229309,median
connect_tx,16,200,10,10,0.0037252003671371,0.951533,43.25551152229309,1
connect_tx,16,200,10,10,0.0037100133267267,1.253281,43.25551152229309,2
connect_tx,16,200,10,10,0.003219510850674,0.58579,43.25551152229309,3
connect_tx,16,200,10,10,0.0040055357222611,0.705715,43.25551152229309,4
connect_tx,16,200,10,10,0.0037150902742965,0.763807,43.25551152229309,5
connect_tx,16,200,10,10,0.0030498517918468,1.058479,43.25551152229309,6
connect_tx,16,200,10,10,0.003528299876737,0.847985,43.25551152229309,7
connect_tx,16,200,10,10,0.0033514015564631,0.683513,43.25551152229309,8
connect_tx,16,200,10,10,0.0036944881365058,1.149452,43.25551152229309,9
connect_tx,16,200,10,10,0.0037355861555023,0.982139,43.25551152229309,10
connect_tx,16,200,10,10,0.0037100133267267,1.253281,43.25551152229309,median
connect_tx,20,200,10,10,0.0034056784811145,1.329634,43.25551152229309,1
connect_tx,20,200,10,10,0.0038789171761742,1.49274,43.25551152229309,2
connect_tx,20,200,10,10,0.0037606432688611,1.179694,43.25551152229309,3
connect_tx,20,200,10,10,0.0037771963592865,1.088707,43.25551152229309,4
connect_tx,20,200,10,10,0.003582371296957,1.096035,43.25551152229309,5
connect_tx,20,200,10,10,0.003888311411571,0.976304,43.25551152229309,6
connect_tx,20,200,10,10,0.0036267068672443,1.069923,43.25551152229309,7
connect_tx,20,200,10,10,0.00372772909506,1.498532,43.25551152229309,8
connect_tx,20,200,10,10,0.0039086314703282,0.8823,43.25551152229309,9
connect_tx,20,200,10,10,0.0041137584549235,0.833387,43.25551152229309,10
connect_tx,20,200,10,10,0.0037606432688611,1.179694,43.25551152229309,median
connect_tx,50,200,10,10,0.0048843075192369,1.635879,43.25551152229309,1
connect_tx,50,200,10,10,0.0047087065306648,1.970828,43.25551152229309,2
connect_tx,50,200,10,10,0.0047416236377065,2.27898,43.25551152229309,3
connect_tx,50,200,10,10,0.004602705706376,1.634937,43.25551152229309,4
connect_tx,50,200,10,10,0.0048790525094738,2.48052,43.25551152229309,5
connect_tx,50,200,10,10,0.0048281206734902,2.202669,43.25551152229309,6
connect_tx,50,200,10,10,0.0045034798234346,2.370482,43.25551152229309,7
connect_tx,50,200,10,10,0.0049489954005396,1.933629,43.25551152229309,8
connect_tx,50,200,10,10,0.0048407421412497,2.467377,43.25551152229309,9
connect_tx,50,200,10,10,0.004390728651158,1.45931,43.25551152229309,10
connect_tx,50,200,10,10,0.0047416236377065,2.27898,43.25551152229309,median
connect_tx,100,200,10,10,0.00529627037675,3.358331,43.25551152229309,1
connect_tx,100,200,10,10,0.0054317010633637,3.765335,43.25551152229309,2
connect_tx,100,200,10,10,0.0055051920386921,2.865299,43.25551152229309,3
connect_tx,100,200,10,10,0.0056658730311548,3.488604,43.25551152229309,4
connect_tx,100,200,10,10,0.0051572433392059,2.866483,43.25551152229309,5
connect_tx,100,200,10,10,0.0050930635120488,3.726211,43.25551152229309,6
connect_tx,100,200,10,10,0.0054347806354333,3.15914,43.25551152229309,7
connect_tx,100,200,10,10,0.0057622944664269,3.68497,43.25551152229309,8
connect_tx,100,200,10,10,0.005058855932004,3.575246,43.25551152229309,9
connect_tx,100,200,10,10,0.0052639354543871,3.49336,43.25551152229309,10
connect_tx,100,200,10,10,0.00529627037675,3.358331,43.25551152229309,median
connect_tx,2,200,10,20,0.0004003539299572,0.561035,82.70052242279053,1
connect_tx,2,200,10,20,0.0004003539299572,0.359337,82.70052242279053,2
connect_tx,2,200,10,20,0.000401226853445,0.344673,82.70052242279053,3
connect_tx,2,200,10,20,0.0003969701543883,0.357072,82.70052242279053,4
connect_tx,2,200,10,20,0.0048523728490125,0.305654,82.70052242279053,5
connect_tx,2,200,10,20,0.0003989095579679,0.758106,82.70052242279053,6
connect_tx,2,200,10,20,0.0004003539299572,0.755161,82.70052242279053,7
connect_tx,2,200,10,20,0.0008327548290421,0.319902,82.70052242279053,8
connect_tx,2,200,10,20,0.0009107683482161,0.337723,82.70052242279053,9
connect_tx,2,200,10,20,0.000403746628566,0.470758,82.70052242279053,10
connect_tx,2,200,10,20,0.000401226853445,0.344673,82.70052242279053,median
connect_tx,4,200,10,20,0.0010819880418792,0.361351,82.70052242279053,1
connect_tx,4,200,10,20,0.0022633485222275,0.773567,82.70052242279053,2
connect_tx,4,200,10,20,0.003246785103468,0.539178,82.70052242279053,3
connect_tx,4,200,10,20,0.0022602291644339,0.757369,82.70052242279053,4
connect_tx,4,200,10,20,0.0022635467101126,0.451333,82.70052242279053,5
connect_tx,4,200,10,20,0.0013054510785865,0.438494,82.70052242279053,6
connect_tx,4,200,10,20,0.0020739430720581,0.407002,82.70052242279053,7
connect_tx,4,200,10,20,0.0015766044440971,0.429656,82.70052242279053,8
connect_tx,4,200,10,20,0.0021705281846672,0.464182,82.70052242279053,9
connect_tx,4,200,10,20,0.0023055344957322,0.40499,82.70052242279053,10
connect_tx,4,200,10,20,0.0022602291644339,0.757369,82.70052242279053,median
connect_tx,8,200,10,20,0.0043209012074117,0.628895,82.70052242279053,1
connect_tx,8,200,10,20,0.0031223170373642,0.720318,82.70052242279053,2
connect_tx,8,200,10,20,0.0034210562094487,0.672427,82.70052242279053,3
connect_tx,8,200,10,20,0.0035301076684117,0.482056,82.70052242279053,4
connect_tx,8,200,10,20,0.0034932482425757,0.720401,82.70052242279053,5
connect_tx,8,200,10,20,0.002997939982164,0.448086,82.70052242279053,6
connect_tx,8,200,10,20,0.0032088745850875,0.643978,82.70052242279053,7
connect_tx,8,200,10,20,0.0027824064120475,0.442621,82.70052242279053,8
connect_tx,8,200,10,20,0.0032128210534783,0.546104,82.70052242279053,9
connect_tx,8,200,10,20,0.0029091838221719,0.508352,82.70052242279053,10
connect_tx,8,200,10,20,0.0032128210534783,0.546104,82.70052242279053,median
connect_tx,10,200,10,20,0.0032944211685415,0.683441,82.70052242279053,1
connect_tx,10,200,10,20,0.004330229904251,0.716688,82.70052242279053,2
connect_tx,10,200,10,20,0.0042922237603683,0.625011,82.70052242279053,3
connect_tx,10,200,10,20,0.0029105159948109,0.657351,82.70052242279053,4
connect_tx,10,200,10,20,0.0044839156959272,0.583508,82.70052242279053,5
connect_tx,10,200,10,20,0.0031762760098946,0.910246,82.70052242279053,6
connect_tx,10,200,10,20,0.0032396568861627,0.825277,82.70052242279053,7
connect_tx,10,200,10,20,0.0031728416790014,0.567433,82.70052242279053,8
connect_tx,10,200,10,20,0.0038604422782471,1.444308,82.70052242279053,9
connect_tx,10,200,10,20,0.0035350860566993,0.858586,82.70052242279053,10
connect_tx,10,200,10,20,0.0032944211685415,0.683441,82.70052242279053,median
connect_tx,16,200,10,20,0.0039737189574032,1.082851,82.70052242279053,1
connect_tx,16,200,10,20,0.0036902634695542,0.914677,82.70052242279053,2
connect_tx,16,200,10,20,0.0035137031895853,0.89679,82.70052242279053,3
connect_tx,16,200,10,20,0.0033602803305652,0.803762,82.70052242279053,4
connect_tx,16,200,10,20,0.0033297228703837,0.815118,82.70052242279053,5
connect_tx,16,200,10,20,0.003707475852305,0.795189,82.70052242279053,6
connect_tx,16,200,10,20,0.0035588338218757,0.866413,82.70052242279053,7
connect_tx,16,200,10,20,0.0035578952699344,1.503423,82.70052242279053,8
connect_tx,16,200,10,20,0.0035913071545251,0.839845,82.70052242279053,9
connect_tx,16,200,10,20,0.0033337841389515,0.894029,82.70052242279053,10
connect_tx,16,200,10,20,0.0035588338218757,0.866413,82.70052242279053,median
connect_tx,20,200,10,20,0.0033047793544505,1.129626,82.70052242279053,1
connect_tx,20,200,10,20,0.0036207623129318,1.52269,82.70052242279053,2
connect_tx,20,200,10,20,0.0037583075630808,1.055709,82.70052242279053,3
connect_tx,20,200,10,20,0.0039398677745546,1.267323,82.70052242279053,4
connect_tx,20,200,10,20,0.0036709296179687,0.763793,82.70052242279053,5
connect_tx,20,200,10,20,0.0039874391448676,0.912959,82.70052242279053,6
connect_tx,20,200,10,20,0.0038831223395602,1.223613,82.70052242279053,7
connect_tx,20,200,10,20,0.0043650048823273,0.75679,82.70052242279053,8
connect_tx,20,200,10,20,0.0040475437907164,1.389898,82.70052242279053,9
connect_tx,20,200,10,20,0.0036486060013145,1.068171,82.70052242279053,10
connect_tx,20,200,10,20,0.0037583075630808,1.055709,82.70052242279053,median
connect_tx,50,200,10,20,0.0050195643315047,1.665838,82.70052242279053,1
connect_tx,50,200,10,20,0.0049658319357805,1.411564,82.70052242279053,2
connect_tx,50,200,10,20,0.0051308413612258,1.540477,82.70052242279053,3
connect_tx,50,200,10,20,0.0046324497178612,1.642166,82.70052242279053,4
connect_tx,50,200,10,20,0.0047975160888182,1.912179,82.70052242279053,5
connect_tx,50,200,10,20,0.0046650856604934,1.851729,82.70052242279053,6
connect_tx,50,200,10,20,0.0046542207556336,2.400508,82.70052242279053,7
connect_tx,50,200,10,20,0.0048610383518889,2.679701,82.70052242279053,8
connect_tx,50,200,10,20,0.0049600657152711,1.442903,82.70052242279053,9
connect_tx,50,200,10,20,0.0043667745185384,1.819641,82.70052242279053,10
connect_tx,50,200,10,20,0.0047975160888182,1.912179,82.70052242279053,median
connect_tx,100,200,10,20,0.0054125361758183,2.876463,82.70052242279053,1
connect_tx,100,200,10,20,0.0052779187420177,3.706394,82.70052242279053,2
connect_tx,100,200,10,20,0.0051513773316364,2.842326,82.70052242279053,3
connect_tx,100,200,10,20,0.0049862773791561,3.175293,82.70052242279053,4
connect_tx,100,200,10,20,0.0056191704346301,3.746582,82.70052242279053,5
connect_tx,100,200,10,20,0.0051946222692592,3.280331,82.70052242279053,6
connect_tx,100,200,10,20,0.0054992832829933,3.292919,82.70052242279053,7
connect_tx,100,200,10,20,0.0055524471221531,2.92147,82.70052242279053,8
connect_tx,100,200,10,20,0.0057359415467296,3.038504,82.70052242279053,9
connect_tx,100,200,10,20,0.005376611821329,2.918722,82.70052242279053,10
connect_tx,100,200,10,20,0.0054125361758183,2.876463,82.70052242279053,median
connect_tx,2,500,10,5,0.0003572891614156,0.690793,31.879939317703247,1
connect_tx,2,500,10,5,0.0046990681959598,0.566749,31.879939317703247,2
connect_tx,2,500,10,5,0.0009164403177168,0.463719,31.879939317703247,3
connect_tx,2,500,10,5,0.0003572891614156,1.259505,31.879939317703247,4
connect_tx,2,500,10,5,0.0046990681959598,0.647513,31.879939317703247,5
connect_tx,2,500,10,5,0.0003602639589232,1.065162,31.879939317703247,6
connect_tx,2,500,10,5,0.0046990681959598,0.667654,31.879939317703247,7
connect_tx,2,500,10,5,0.0003478256572935,0.619365,31.879939317703247,8
connect_tx,2,500,10,5,0.0003572891614156,1.251082,31.879939317703247,9
connect_tx,2,500,10,5,0.0003567305173468,1.303501,31.879939317703247,10
connect_tx,2,500,10,5,0.0003602639589232,1.065162,31.879939317703247,median
connect_tx,4,500,10,5,0.0024267989987584,1.089094,31.879939317703247,1
connect_tx,4,500,10,5,0.0023217383140037,1.093296,31.879939317703247,2
connect_tx,4,500,10,5,0.0028822399446575,1.362505,31.879939317703247,3
connect_tx,4,500,10,5,0.0038309835377477,1.032065,31.879939317703247,4
connect_tx,4,500,10,5,0.0024144821905934,0.805598,31.879939317703247,5
connect_tx,4,500,10,5,0.0008825427158266,1.003522,31.879939317703247,6
connect_tx,4,500,10,5,0.0012667016963429,1.012709,31.879939317703247,7
connect_tx,4,500,10,5,0.0024183729576717,0.965075,31.879939317703247,8
connect_tx,4,500,10,5,0.0010987172304606,1.257307,31.879939317703247,9
connect_tx,4,500,10,5,0.0028880379234537,0.883907,31.879939317703247,10
connect_tx,4,500,10,5,0.0024144821905934,0.805598,31.879939317703247,median
connect_tx,8,500,10,5,0.003389290269042,1.183081,31.879939317703247,1
connect_tx,8,500,10,5,0.0032032584091995,1.055482,31.879939317703247,2
connect_tx,8,500,10,5,0.0035094563134559,1.360372,31.879939317703247,3
connect_tx,8,500,10,5,0.0033410093664258,0.88278,31.879939317703247,4
connect_tx,8,500,10,5,0.003185607834089,1.204911,31.879939317703247,5
connect_tx,8,500,10,5,0.0032032399386173,1.029705,31.879939317703247,6
connect_tx,8,500,10,5,0.0030296194565846,1.477186,31.879939317703247,7
connect_tx,8,500,10,5,0.0030155028887777,1.540038,31.879939317703247,8
connect_tx,8,500,10,5,0.0032376312266611,1.054416,31.879939317703247,9
connect_tx,8,500,10,5,0.0028665185035156,1.406171,31.879939317703247,10
connect_tx,8,500,10,5,0.0032032584091995,1.055482,31.879939317703247,median
connect_tx,10,500,10,5,0.0031216405689831,1.316503,31.879939317703247,1
connect_tx,10,500,10,5,0.0031828289544993,1.179774,31.879939317703247,2
connect_tx,10,500,10,5,0.0030737307892152,1.240584,31.879939317703247,3
connect_tx,10,500,10,5,0.0039772465462077,1.815135,31.879939317703247,4
connect_tx,10,500,10,5,0.0041474831626204,1.311655,31.879939317703247,5
connect_tx,10,500,10,5,0.0040085295889311,1.36525,31.879939317703247,6
connect_tx,10,500,10,5,0.0042557933067265,2.165073,31.879939317703247,7
connect_tx,10,500,10,5,0.0031557527740315,1.340929,31.879939317703247,8
connect_tx,10,500,10,5,0.0036775253490854,1.074624,31.879939317703247,9
connect_tx,10,500,10,5,0.0032599785690722,1.063707,31.879939317703247,10
connect_tx,10,500,10,5,0.0036775253490854,1.074624,31.879939317703247,median
connect_tx,16,500,10,5,0.0029901864759703,1.678694,31.879939317703247,1
connect_tx,16,500,10,5,0.0037642841207246,2.105087,31.879939317703247,2
connect_tx,16,500,10,5,0.0031521877107642,1.648134,31.879939317703247,3
connect_tx,16,500,10,5,0.0037836494869146,2.404196,31.879939317703247,4
connect_tx,16,500,10,5,0.0035701998100115,2.447962,31.879939317703247,5
connect_tx,16,500,10,5,0.0033001003485169,2.37511,31.879939317703247,6
connect_tx,16,500,10,5,0.0036525969154344,1.847075,31.879939317703247,7
connect_tx,16,500,10,5,0.0036641367715944,3.153864,31.879939317703247,8
connect_tx,16,500,10,5,0.0036953892331254,1.679509,31.879939317703247,9
connect_tx,16,500,10,5,0.0035288797176723,1.986768,31.879939317703247,10
connect_tx,16,500,10,5,0.0035701998100115,2.447962,31.879939317703247,median
connect_tx,20,500,10,5,0.0035306092995606,3.037834,31.879939317703247,1
connect_tx,20,500,10,5,0.0038664619911088,2.908231,31.879939317703247,2
connect_tx,20,500,10,5,0.0035220736473715,2.10683,31.879939317703247,3
connect_tx,20,500,10,5,0.0041013801030162,2.481177,31.879939317703247,4
connect_tx,20,500,10,5,0.0036893336068977,4.41728,31.879939317703247,5
connect_tx,20,500,10,5,0.0039026060710239,2.848968,31.879939317703247,6
connect_tx,20,500,10,5,0.0042598920412384,1.602685,31.879939317703247,7
connect_tx,20,500,10,5,0.0037773358786642,2.389616,31.879939317703247,8
connect_tx,20,500,10,5,0.0036299086347055,2.692207,31.879939317703247,9
connect_tx,20,500,10,5,0.0040891094073603,2.266152,31.879939317703247,10
connect_tx,20,500,10,5,0.0038664619911088,2.908231,31.879939317703247,median
connect_tx,50,500,10,5,0.004710729842308,3.410315,31.879939317703247,1
connect_tx,50,500,10,5,0.0047508626658382,3.860181,31.879939317703247,2
connect_tx,50,500,10,5,0.0050205012082308,3.96813,31.879939317703247,3
connect_tx,50,500,10,5,0.0048378860275687,4.433598,31.879939317703247,4
connect_tx,50,500,10,5,0.0048532941920711,3.533875,31.879939317703247,5
connect_tx,50,500,10,5,0.0047939468589554,4.311725,31.879939317703247,6
connect_tx,50,500,10,5,0.004784703394534,4.397265,31.879939317703247,7
connect_tx,50,500,10,5,0.0046394686103815,5.957259,31.879939317703247,8
connect_tx,50,500,10,5,0.0048845333179491,4.331095,31.879939317703247,9
connect_tx,50,500,10,5,0.0050777096677139,3.854621,31.879939317703247,10
connect_tx,50,500,10,5,0.0048378860275687,4.433598,31.879939317703247,median
connect_tx,100,500,10,5,0.0054172833253316,6.242939,31.879939317703247,1
connect_tx,100,500,10,5,0.0051012711213797,6.722011,31.879939317703247,2
connect_tx,100,500,10,5,0.0055777934838577,8.319769,31.879939317703247,3
connect_tx,100,500,10,5,0.0054313310742974,7.481786,31.879939317703247,4
connect_tx,100,500,10,5,0.0053893836220138,7.232264,31.879939317703247,5
connect_tx,100,500,10,5,0.005538352691565,8.347019,31.879939317703247,6
connect_tx,100,500,10,5,0.0054180272760735,7.297341,31.879939317703247,7
connect_tx,100,500,10,5,0.0055760086842733,6.534744,31.879939317703247,8
connect_tx,100,500,10,5,0.0051173237012872,9.438036,31.879939317703247,9
connect_tx,100,500,10,5,0.0053456014775803,7.065044,31.879939317703247,10
connect_tx,100,500,10,5,0.0054172833253316,6.242939,31.879939317703247,median
connect_tx,2,500,10,10,0.0006132364337935,1.907803,62.62547421455383,1
connect_tx,2,500,10,10,0.0006132364337935,1.755213,62.62547421455383,2
connect_tx,2,500,10,10,0.0048241011225288,0.625452,62.62547421455383,3
connect_tx,2,500,10,10,0.0006132364337935,1.951202,62.62547421455383,4
connect_tx,2,500,10,10,0.0006132364337935,1.897151,62.62547421455383,5
connect_tx,2,500,10,10,0.0048241011225288,0.532238,62.62547421455383,6
connect_tx,2,500,10,10,0.0003690161388064,0.653733,62.62547421455383,7
connect_tx,2,500,10,10,0.000374667230482,0.620173,62.62547421455383,8
connect_tx,2,500,10,10,0.0008327548290421,0.475739,62.62547421455383,9
connect_tx,2,500,10,10,0.0009023467007385,0.683942,62.62547421455383,10
connect_tx,2,500,10,10,0.0006132364337935,1.907803,62.62547421455383,median
connect_tx,4,500,10,10,0.0010654494370987,0.775855,62.62547421455383,1
connect_tx,4,500,10,10,0.0021505246823824,0.882608,62.62547421455383,2
connect_tx,4,500,10,10,0.001959897614062,0.851174,62.62547421455383,3
connect_tx,4,500,10,10,0.0033742941976293,0.6889,62.62547421455383,4
connect_tx,4,500,10,10,0.0021575900492181,1.272712,62.62547421455383,5
connect_tx,4,500,10,10,0.0016276051102116,1.107569,62.62547421455383,6
connect_tx,4,500,10,10,0.0023819505856917,1.024861,62.62547421455383,7
connect_tx,4,500,10,10,0.0015716687693375,0.960444,62.62547421455383,8
connect_tx,4,500,10,10,0.0023827125141102,1.559359,62.62547421455383,9
connect_tx,4,500,10,10,0.0013124871653638,0.741294,62.62547421455383,10
connect_tx,4,500,10,10,0.0021505246823824,0.882608,62.62547421455383,median
connect_tx,8,500,10,10,0.0032944105096122,1.523168,62.62547421455383,1
connect_tx,8,500,10,10,0.003063899519095,1.575884,62.62547421455383,2
connect_tx,8,500,10,10,0.0030616924339074,0.934104,62.62547421455383,3
connect_tx,8,500,10,10,0.0033487131732075,1.069134,62.62547421455383,4
connect_tx,8,500,10,10,0.0036013660128715,1.601159,62.62547421455383,5
connect_tx,8,500,10,10,0.0034967827001448,1.081029,62.62547421455383,6
connect_tx,8,500,10,10,0.0033951365826139,1.321225,62.62547421455383,7
connect_tx,8,500,10,10,0.0030642263869092,1.151834,62.62547421455383,8
connect_tx,8,500,10,10,0.0031050323295481,1.477641,62.62547421455383,9
connect_tx,8,500,10,10,0.0033431715634688,1.192806,62.62547421455383,10
connect_tx,8,500,10,10,0.0032944105096122,1.523168,62.62547421455383,median
connect_tx,10,500,10,10,0.0035782744719159,2.326678,62.62547421455383,1
connect_tx,10,500,10,10,0.0027077648533867,1.277945,62.62547421455383,2
connect_tx,10,500,10,10,0.0036765220698384,1.232971,62.62547421455383,3
connect_tx,10,500,10,10,0.0031599642970345,1.396384,62.62547421455383,4
connect_tx,10,500,10,10,0.0031917240595904,1.586276,62.62547421455383,5
connect_tx,10,500,10,10,0.0042291581697283,1.011276,62.62547421455383,6
connect_tx,10,500,10,10,0.0033902574039305,1.59018,62.62547421455383,7
connect_tx,10,500,10,10,0.0027456903800922,1.572523,62.62547421455383,8
connect_tx,10,500,10,10,0.00379918970761,2.162523,62.62547421455383,9
connect_tx,10,500,10,10,0.0028488404865275,2.291482,62.62547421455383,10
connect_tx,10,500,10,10,0.0031917240595904,1.586276,62.62547421455383,median
connect_tx,16,500,10,10,0.0034962652453333,1.618609,62.62547421455383,1
connect_tx,16,500,10,10,0.0036042951070304,1.537551,62.62547421455383,2
connect_tx,16,500,10,10,0.0030884055684128,1.736944,62.62547421455383,3
connect_tx,16,500,10,10,0.0037539710594622,1.537195,62.62547421455383,4
connect_tx,16,500,10,10,0.0042562641003046,3.132234,62.62547421455383,5
connect_tx,16,500,10,10,0.0029505686391959,2.044486,62.62547421455383,6
connect_tx,16,500,10,10,0.0034452494914606,2.376459,62.62547421455383,7
connect_tx,16,500,10,10,0.0035869956556165,2.256756,62.62547421455383,8
connect_tx,16,500,10,10,0.0034905099382659,3.350342,62.62547421455383,9
connect_tx,16,500,10,10,0.0030994693255619,2.103904,62.62547421455383,10
connect_tx,16,500,10,10,0.0034905099382659,3.350342,62.62547421455383,median
connect_tx,20,500,10,10,0.003572331852024,4.032982,62.62547421455383,1
connect_tx,20,500,10,10,0.0039273976647293,2.693482,62.62547421455383,2
connect_tx,20,500,10,10,0.0036886188483293,2.996046,62.62547421455383,3
connect_tx,20,500,10,10,0.0041795918321424,2.906984,62.62547421455383,4
connect_tx,20,500,10,10,0.0037052985240662,5.496922,62.62547421455383,5
connect_tx,20,500,10,10,0.0037891172781787,2.4743,62.62547421455383,6
connect_tx,20,500,10,10,0.0041723045014955,2.732546,62.62547421455383,7
connect_tx,20,500,10,10,0.0038733629997648,3.29762,62.62547421455383,8
connect_tx,20,500,10,10,0.0036403089865705,2.891599,62.62547421455383,9
connect_tx,20,500,10,10,0.0037679507900124,2.301254,62.62547421455383,10
connect_tx,20,500,10,10,0.0037891172781787,2.4743,62.62547421455383,median
connect_tx,50,500,10,10,0.004553723319977,4.859646,62.62547421455383,1
connect_tx,50,500,10,10,0.0046908340359096,3.867798,62.62547421455383,2
connect_tx,50,500,10,10,0.0045347565761789,3.745014,62.62547421455383,3
connect_tx,50,500,10,10,0.0051164713807882,4.646907,62.62547421455383,4
connect_tx,50,500,10,10,0.0050196816399975,4.746986,62.62547421455383,5
connect_tx,50,500,10,10,0.0044566186212007,4.73811,62.62547421455383,6
connect_tx,50,500,10,10,0.0046838084076845,6.208864,62.62547421455383,7
connect_tx,50,500,10,10,0.005009200741296,4.648806,62.62547421455383,8
connect_tx,50,500,10,10,0.0047849482523954,6.225812,62.62547421455383,9
connect_tx,50,500,10,10,0.0046654853004321,4.535953,62.62547421455383,10
connect_tx,50,500,10,10,0.0046908340359096,3.867798,62.62547421455383,median
connect_tx,100,500,10,10,0.0053552704105599,6.86667,62.62547421455383,1
connect_tx,100,500,10,10,0.0050669471785257,6.89842,62.62547421455383,2
connect_tx,100,500,10,10,0.0052559197522526,6.708673,62.62547421455383,3
connect_tx,100,500,10,10,0.0052909693151784,8.845065,62.62547421455383,4
connect_tx,100,500,10,10,0.0055864540918475,7.518591,62.62547421455383,5
connect_tx,100,500,10,10,0.0051331093433325,6.711665,62.62547421455383,6
connect_tx,100,500,10,10,0.0051553937153998,6.970494,62.62547421455383,7
connect_tx,100,500,10,10,0.0054656826250919,8.073618,62.62547421455383,8
connect_tx,100,500,10,10,0.0056035095991827,7.461484,62.62547421455383,9
connect_tx,100,500,10,10,0.0054228455627642,7.001639,62.62547421455383,10
connect_tx,100,500,10,10,0.0053552704105599,6.86667,62.62547421455383,median
connect_tx,2,500,10,20,0.000396580664383335,0.701379,127.35179924964905,1
connect_tx,2,500,10,20,0.000396580664383335,0.832197,127.35179924964905,2
connect_tx,2,500,10,20,0.00039653396983057947,1.079163,127.35179924964905,3
connect_tx,2,500,10,20,0.0003953297034575906,0.877796,127.35179924964905,4
connect_tx,2,500,10,20,0.00039035211897569443,0.718939,127.35179924964905,5
connect_tx,2,500,10,20,0.00039470520755941814,1.102455,127.35179924964905,6
connect_tx,2,500,10,20,0.00039966954980012775,0.99018,127.35179924964905,7
connect_tx,2,500,10,20,0.00039653396983057947,1.162525,127.35179924964905,8
connect_tx,2,500,10,20,0.000396580664383335,0.678944,127.35179924964905,9
connect_tx,2,500,10,20,0.000396580664383335,0.812605,127.35179924964905,10
connect_tx,2,500,10,20,0.000396580664383335,0.701379,127.35179924964905,median
connect_tx,4,500,10,20,0.0010855468600173286,3.060784,127.35179924964905,1
connect_tx,4,500,10,20,0.0021705354622779754,0.957894,127.35179924964905,2
connect_tx,4,500,10,20,0.0011002466516347655,0.947969,127.35179924964905,3
connect_tx,4,500,10,20,0.002396599762951938,0.814493,127.35179924964905,4
connect_tx,4,500,10,20,0.0023057419967746798,0.867865,127.35179924964905,5
connect_tx,4,500,10,20,0.001377336783612247,2.710187,127.35179924964905,6
connect_tx,4,500,10,20,0.0011010906344061557,0.932659,127.35179924964905,7
connect_tx,4,500,10,20,0.0021738850217557764,1.187537,127.35179924964905,8
connect_tx,4,500,10,20,0.0010855468600173286,1.28372,127.35179924964905,9
connect_tx,4,500,10,20,0.002447799190831593,1.173056,127.35179924964905,10
connect_tx,4,500,10,20,0.0021705354622779754,0.957894,127.35179924964905,median
connect_tx,8,500,10,20,0.003421514935055833,1.276984,127.35179924964905,1
connect_tx,8,500,10,20,0.003076116648072029,1.792418,127.35179924964905,2
connect_tx,8,500,10,20,0.0030333024385307667,0.989868,127.35179924964905,3
connect_tx,8,500,10,20,0.0030518102391324073,0.975355,127.35179924964905,4
connect_tx,8,500,10,20,0.003061176192728793,2.069799,127.35179924964905,5
connect_tx,8,500,10,20,0.003726719077872944,2.129704,127.35179924964905,6
connect_tx,8,500,10,20,0.0030333024385307663,1.152399,127.35179924964905,7
connect_tx,8,500,10,20,0.003384163465994175,1.319741,127.35179924964905,8
connect_tx,8,500,10,20,0.003034054752965038,1.026554,127.35179924964905,9
connect_tx,8,500,10,20,0.0030324687009838083,1.584646,127.35179924964905,10
connect_tx,8,500,10,20,0.0030518102391324073,0.975355,127.35179924964905,median
connect_tx,10,500,10,20,0.004035943604964664,1.831458,127.35179924964905,1
connect_tx,10,500,10,20,0.00406681007083896,1.367885,127.35179924964905,2
connect_tx,10,500,10,20,0.003499238127402942,1.376733,127.35179924964905,3
connect_tx,10,500,10,20,0.003725603049030216,1.454181,127.35179924964905,4
connect_tx,10,500,10,20,0.002936449108891336,1.900141,127.35179924964905,5
connect_tx,10,500,10,20,0.0033564430547695836,2.37187,127.35179924964905,6
connect_tx,10,500,10,20,0.0034932396026669237,1.861181,127.35179924964905,7
connect_tx,10,500,10,20,0.0028898786210742014,1.491867,127.35179924964905,8
connect_tx,10,500,10,20,0.003785650581573929,1.712941,127.35179924964905,9
connect_tx,10,500,10,20,0.0041104217332689555,1.594699,127.35179924964905,10
connect_tx,10,500,10,20,0.003499238127402942,1.376733,127.35179924964905,median
connect_tx,16,500,10,20,0.003673943342276822,1.968043,127.35179924964905,1
connect_tx,16,500,10,20,0.003604862211225029,1.856288,127.35179924964905,2
connect_tx,16,500,10,20,0.0038029994154739196,1.990888,127.35179924964905,3
connect_tx,16,500,10,20,0.0038785608102674778,1.631268,127.35179924964905,4
connect_tx,16,500,10,20,0.0038358351731150714,3.138666,127.35179924964905,5
connect_tx,16,500,10,20,0.003366206463276988,1.885479,127.35179924964905,6
connect_tx,16,500,10,20,0.003900315708806539,1.967519,127.35179924964905,7
connect_tx,16,500,10,20,0.0034267580767744347,1.598503,127.35179924964905,8
connect_tx,16,500,10,20,0.0036302880902495133,1.749214,127.35179924964905,9
connect_tx,16,500,10,20,0.0035593347296151625,2.327666,127.35179924964905,10
connect_tx,16,500,10,20,0.003673943342276822,1.968043,127.35179924964905,median
connect_tx,20,500,10,20,0.003742635971441552,2.085874,127.35179924964905,1
connect_tx,20,500,10,20,0.0036943140624656934,2.447978,127.35179924964905,2
connect_tx,20,500,10,20,0.00381218428089162,3.028941,127.35179924964905,3
connect_tx,20,500,10,20,0.00381805995998185,2.63393,127.35179924964905,4
connect_tx,20,500,10,20,0.0035833677537694293,4.101235,127.35179924964905,5
connect_tx,20,500,10,20,0.003974020115749558,2.405613,127.35179924964905,6
connect_tx,20,500,10,20,0.0036647119624584053,2.50427,127.35179924964905,7
connect_tx,20,500,10,20,0.00362971570946636,2.376222,127.35179924964905,8
connect_tx,20,500,10,20,0.0034357696997377664,2.581145,127.35179924964905,9
connect_tx,20,500,10,20,0.0034297141047450646,2.25013,127.35179924964905,10
connect_tx,20,500,10,20,0.0036943140624656934,2.447978,127.35179924964905,median
connect_tx,50,500,10,20,0.004143241306684335,3.840124,127.35179924964905,1
connect_tx,50,500,10,20,0.004704428128767444,4.058213,127.35179924964905,2
connect_tx,50,500,10,20,0.004639702576509438,5.042088,127.35179924964905,3
connect_tx,50,500,10,20,0.004385802616362587,3.998998,127.35179924964905,4
connect_tx,50,500,10,20,0.004803455225453692,4.032858,127.35179924964905,5
connect_tx,50,500,10,20,0.004389806095031947,4.10643,127.35179924964905,6
connect_tx,50,500,10,20,0.004648398546357575,4.680658,127.35179924964905,7
connect_tx,50,500,10,20,0.004991293173939931,5.332573,127.35179924964905,8
connect_tx,50,500,10,20,0.004819035267176351,4.660956,127.35179924964905,9
connect_tx,50,500,10,20,0.004498475929201466,5.813108,127.35179924964905,10
connect_tx,50,500,10,20,0.004639702576509438,5.042088,127.35179924964905,median
connect_tx,100,500,10,20,0.0053030089085548135,8.334713,127.35179924964905,1
connect_tx,100,500,10,20,0.005557644347731039,7.388816,127.35179924964905,2
connect_tx,100,500,10,20,0.004978018590332667,6.951932,127.35179924964905,3
connect_tx,100,500,10,20,0.005375500120100882,7.31604,127.35179924964905,4
connect_tx,100,500,10,20,0.005674059493685595,8.694805,127.35179924964905,5
connect_tx,100,500,10,20,0.005375927732679906,6.939707,127.35179924964905,6
connect_tx,100,500,10,20,0.005541565689092284,6.817517,127.35179924964905,7
connect_tx,100,500,10,20,0.005167702824861457,7.540009,127.35179924964905,8
connect_tx,100,500,10,20,0.005741478204032606,8.584647,127.35179924964905,9
connect_tx,100,500,10,20,0.005259629903255285,7.873046,127.35179924964905,10
connect_tx,100,500,10,20,0.005375500120100882,7.31604,127.35179924964905,median
